session_id,scenario,arrival_time,departure_time,requested_kwh,window_hours,co2_kg,cost_usd,energy_kwh,start_stop_cycles,charging_blocks,schedule_cost
syn_00000,Dumb Charging,2020-02-02T11:15:04.872915+00:00,2020-02-02T23:04:37.700671+00:00,4.62,11.83,0.635485,1.188,5.4,1,1,0.0
syn_00000,Smart Price,2020-02-02T11:15:04.872915+00:00,2020-02-02T23:04:37.700671+00:00,4.62,11.83,0.635485,1.188,5.4,1,1,0.0
syn_00000,Proposed Method,2020-02-02T11:15:04.872915+00:00,2020-02-02T23:04:37.700671+00:00,4.62,11.83,0.635485,1.188,5.4,1,1,3.9950047752391993
syn_00001,Dumb Charging,2020-10-09T17:15:20.450903+00:00,2020-10-09T23:33:50.614261+00:00,14.73,6.31,5.497894,6.156,16.2,1,1,0.0
syn_00001,Smart Price,2020-10-09T17:15:20.450903+00:00,2020-10-09T23:33:50.614261+00:00,14.73,6.31,5.901284,3.132,16.2,2,2,0.0
syn_00001,Proposed Method,2020-10-09T17:15:20.450903+00:00,2020-10-09T23:33:50.614261+00:00,14.73,6.31,5.795766,3.132,16.2,1,1,16.343487267884875
syn_00002,Dumb Charging,2020-11-02T11:20:00.152903+00:00,2020-11-02T18:58:13.641387+00:00,29.26,7.64,4.535471,6.732,30.6,1,1,0.0
syn_00002,Smart Price,2020-11-02T11:20:00.152903+00:00,2020-11-02T18:58:13.641387+00:00,29.26,7.64,4.535471,6.732,30.6,1,1,0.0
syn_00002,Proposed Method,2020-11-02T11:20:00.152903+00:00,2020-11-02T18:58:13.641387+00:00,29.26,7.64,4.535471,6.732,30.6,1,1,15.36501062975993
syn_00003,Dumb Charging,2020-06-13T06:25:19.641401+00:00,2020-06-13T15:18:25.991024+00:00,8.37,8.89,1.341878,0.9,9.0,1,1,0.0
syn_00003,Smart Price,2020-06-13T06:25:19.641401+00:00,2020-06-13T15:18:25.991024+00:00,8.37,8.89,1.341878,0.9,9.0,1,1,0.0
syn_00003,Proposed Method,2020-06-13T06:25:19.641401+00:00,2020-06-13T15:18:25.991024+00:00,8.37,8.89,0.857385,1.98,9.0,1,1,4.880211943623573
syn_00004,Dumb Charging,2020-11-09T16:37:48.990982+00:00,2020-11-09T21:53:13.712293+00:00,30.99,5.26,11.243484,12.312,32.4,1,1,0.0
syn_00004,Smart Price,2020-11-09T16:37:48.990982+00:00,2020-11-09T21:53:13.712293+00:00,30.99,5.26,11.494088,11.448,32.4,2,2,0.0
syn_00004,Proposed Method,2020-11-09T16:37:48.990982+00:00,2020-11-09T21:53:13.712293+00:00,30.99,5.26,11.243484,12.312,32.4,1,1,32.94365955938254
syn_00005,Dumb Charging,2020-10-29T16:08:36.039680+00:00,2020-10-29T22:20:22.293293+00:00,20.48,6.2,6.733822,8.208,21.6,1,1,0.0
syn_00005,Smart Price,2020-10-29T16:08:36.039680+00:00,2020-10-29T22:20:22.293293+00:00,20.48,6.2,6.944444,7.056,21.6,2,2,0.0
syn_00005,Proposed Method,2020-10-29T16:08:36.039680+00:00,2020-10-29T22:20:22.293293+00:00,20.48,6.2,6.733822,8.208,21.6,1,1,20.94954824435729
syn_00006,Dumb Charging,2020-06-30T10:17:32.866832+00:00,2020-07-01T06:17:32.866832+00:00,11.66,20.0,1.36003,2.772,12.6,1,1,0.0
syn_00006,Smart Price,2020-06-30T10:17:32.866832+00:00,2020-07-01T06:17:32.866832+00:00,11.66,20.0,2.496381,1.26,12.6,1,1,0.0
syn_00006,Proposed Method,2020-06-30T10:17:32.866832+00:00,2020-07-01T06:17:32.866832+00:00,11.66,20.0,1.36003,2.772,12.6,1,1,6.384355868470162
syn_00007,Dumb Charging,2020-01-16T06:33:31.254535+00:00,2020-01-16T16:36:46.347520+00:00,29.29,10.05,6.041499,5.436,30.6,1,1,0.0
syn_00007,Smart Price,2020-01-16T06:33:31.254535+00:00,2020-01-16T16:36:46.347520+00:00,29.29,10.05,6.041499,5.436,30.6,1,1,0.0
syn_00007,Proposed Method,2020-01-16T06:33:31.254535+00:00,2020-01-16T16:36:46.347520+00:00,29.29,10.05,3.714953,6.732,30.6,1,1,15.556075315003373
syn_00008,Dumb Charging,2020-06-17T06:31:35.602871+00:00,2020-06-17T16:45:22.564850+00:00,23.24,10.23,4.706732,3.852,23.4,1,1,0.0
syn_00008,Smart Price,2020-06-17T06:31:35.602871+00:00,2020-06-17T16:45:22.564850+00:00,23.24,10.23,4.706732,3.852,23.4,1,1,0.0
syn_00008,Proposed Method,2020-06-17T06:31:35.602871+00:00,2020-06-17T16:45:22.564850+00:00,23.24,10.23,3.353581,5.724,23.4,1,1,12.255387018455464
syn_00009,Dumb Charging,2020-02-17T14:39:27.394773+00:00,2020-02-18T00:21:08.237632+00:00,9.98,9.69,1.650072,2.376,10.8,1,1,0.0
syn_00009,Smart Price,2020-02-17T14:39:27.394773+00:00,2020-02-18T00:21:08.237632+00:00,9.98,9.69,2.163885,1.512,10.8,2,2,0.0
syn_00009,Proposed Method,2020-02-17T14:39:27.394773+00:00,2020-02-18T00:21:08.237632+00:00,9.98,9.69,1.650072,2.376,10.8,1,1,6.825788107862558
syn_00010,Dumb Charging,2020-06-07T09:39:21.836845+00:00,2020-06-07T21:04:48.153909+00:00,17.02,11.42,2.395861,3.96,18.0,1,1,0.0
syn_00010,Smart Price,2020-06-07T09:39:21.836845+00:00,2020-06-07T21:04:48.153909+00:00,17.02,11.42,2.395861,3.96,18.0,1,1,0.0
syn_00010,Proposed Method,2020-06-07T09:39:21.836845+00:00,2020-06-07T21:04:48.153909+00:00,17.02,11.42,2.395861,3.96,18.0,1,1,9.261972635493798
syn_00011,Dumb Charging,2020-10-20T09:12:09.853950+00:00,2020-10-20T17:44:27.665546+00:00,21.73,8.54,4.306146,5.148,23.4,1,1,0.0
syn_00011,Smart Price,2020-10-20T09:12:09.853950+00:00,2020-10-20T17:44:27.665546+00:00,21.73,8.54,4.306146,5.148,23.4,1,1,0.0
syn_00011,Proposed Method,2020-10-20T09:12:09.853950+00:00,2020-10-20T17:44:27.665546+00:00,21.73,8.54,3.243053,5.148,23.4,1,1,13.723713685434852
syn_00012,Dumb Charging,2020-06-21T16:03:33.316889+00:00,2020-06-21T21:25:40.159169+00:00,12.62,5.37,3.087578,5.472,14.4,1,1,0.0
syn_00012,Smart Price,2020-06-21T16:03:33.316889+00:00,2020-06-21T21:25:40.159169+00:00,12.62,5.37,3.341313,5.184,14.4,2,2,0.0
syn_00012,Proposed Method,2020-06-21T16:03:33.316889+00:00,2020-06-21T21:25:40.159169+00:00,12.62,5.37,3.087578,5.472,14.4,1,1,11.542948861947124
syn_00013,Dumb Charging,2020-09-14T06:24:09.023951+00:00,2020-09-14T18:23:35.881859+00:00,5.42,11.99,1.398221,0.72,7.2,1,1,0.0
syn_00013,Smart Price,2020-09-14T06:24:09.023951+00:00,2020-09-14T18:23:35.881859+00:00,5.42,11.99,1.398221,0.72,7.2,1,1,0.0
syn_00013,Proposed Method,2020-09-14T06:24:09.023951+00:00,2020-09-14T18:23:35.881859+00:00,5.42,11.99,1.398221,0.72,7.2,1,1,5.4425511085717995
syn_00014,Dumb Charging,2020-01-29T18:10:20.800786+00:00,2020-01-30T04:43:01.338365+00:00,23.95,10.54,8.164976,9.0,25.2,1,1,0.0
syn_00014,Smart Price,2020-01-29T18:10:20.800786+00:00,2020-01-30T04:43:01.338365+00:00,23.95,10.54,4.60975,2.52,25.2,1,1,0.0
syn_00014,Proposed Method,2020-01-29T18:10:20.800786+00:00,2020-01-30T04:43:01.338365+00:00,23.95,10.54,3.711994,2.52,25.2,1,1,11.443552600895707
syn_00015,Dumb Charging,2020-10-06T07:36:46.600639+00:00,2020-10-06T18:57:37.211955+00:00,13.27,11.35,3.56808,2.736,14.4,1,1,0.0
syn_00015,Smart Price,2020-10-06T07:36:46.600639+00:00,2020-10-06T18:57:37.211955+00:00,13.27,11.35,3.56808,2.736,14.4,1,1,0.0
syn_00015,Proposed Method,2020-10-06T07:36:46.600639+00:00,2020-10-06T18:57:37.211955+00:00,13.27,11.35,1.843983,3.168,14.4,1,1,9.649288861565058
syn_00016,Dumb Charging,2020-12-28T06:14:29.915311+00:00,2020-12-28T15:42:57.310125+00:00,16.21,9.47,3.497547,2.232,18.0,1,1,0.0
syn_00016,Smart Price,2020-12-28T06:14:29.915311+00:00,2020-12-28T15:42:57.310125+00:00,16.21,9.47,3.497547,2.232,18.0,1,1,0.0
syn_00016,Proposed Method,2020-12-28T06:14:29.915311+00:00,2020-12-28T15:42:57.310125+00:00,16.21,9.47,2.485984,3.96,18.0,1,1,9.4606620130515
syn_00017,Dumb Charging,2020-11-07T16:08:43.780946+00:00,2020-11-08T00:08:38.836522+00:00,21.66,8.0,7.21265,8.892,23.4,1,1,0.0
syn_00017,Smart Price,2020-11-07T16:08:43.780946+00:00,2020-11-08T00:08:38.836522+00:00,21.66,8.0,8.135758,5.076,23.4,2,2,0.0
syn_00017,Proposed Method,2020-11-07T16:08:43.780946+00:00,2020-11-08T00:08:38.836522+00:00,21.66,8.0,7.21265,8.892,23.4,1,1,22.347184971830284
syn_00018,Dumb Charging,2020-05-29T15:40:34.133224+00:00,2020-05-29T21:50:18.923296+00:00,11.83,6.16,2.612941,4.212,12.6,1,1,0.0
syn_00018,Smart Price,2020-05-29T15:40:34.133224+00:00,2020-05-29T21:50:18.923296+00:00,11.83,6.16,2.821951,3.636,12.6,2,2,0.0
syn_00018,Proposed Method,2020-05-29T15:40:34.133224+00:00,2020-05-29T21:50:18.923296+00:00,11.83,6.16,2.612941,4.212,12.6,1,1,9.866553134396371
syn_00019,Dumb Charging,2020-05-28T17:58:26.201862+00:00,2020-05-28T23:49:02.147581+00:00,14.99,5.84,4.560405,6.156,16.2,1,1,0.0
syn_00019,Smart Price,2020-05-28T17:58:26.201862+00:00,2020-05-28T23:49:02.147581+00:00,14.99,5.84,4.208803,3.132,16.2,2,2,0.0
syn_00019,Proposed Method,2020-05-28T17:58:26.201862+00:00,2020-05-28T23:49:02.147581+00:00,14.99,5.84,4.213406,3.132,16.2,1,1,12.854977175348928
syn_00020,Dumb Charging,2020-12-08T18:19:50.772785+00:00,2020-12-09T01:21:53.216433+00:00,11.54,7.03,4.473786,4.788,12.6,1,1,0.0
syn_00020,Smart Price,2020-12-08T18:19:50.772785+00:00,2020-12-09T01:21:53.216433+00:00,11.54,7.03,2.99517,1.26,12.6,1,1,0.0
syn_00020,Proposed Method,2020-12-08T18:19:50.772785+00:00,2020-12-09T01:21:53.216433+00:00,11.54,7.03,2.495431,1.26,12.6,1,1,8.131487571640339
syn_00021,Dumb Charging,2020-02-25T13:37:31.192076+00:00,2020-02-25T17:12:33.131064+00:00,6.73,3.58,0.841924,1.584,7.2,1,1,0.0
syn_00021,Smart Price,2020-02-25T13:37:31.192076+00:00,2020-02-25T17:12:33.131064+00:00,6.73,3.58,0.841924,1.584,7.2,1,1,0.0
syn_00021,Proposed Method,2020-02-25T13:37:31.192076+00:00,2020-02-25T17:12:33.131064+00:00,6.73,3.58,0.841924,1.584,7.2,1,1,4.648126441993928
syn_00022,Dumb Charging,2020-05-03T15:11:20.550801+00:00,2020-05-03T21:18:18.380554+00:00,32.44,6.12,8.105117,11.844,34.2,1,1,0.0
syn_00022,Smart Price,2020-05-03T15:11:20.550801+00:00,2020-05-03T21:18:18.380554+00:00,32.44,6.12,8.105117,11.844,34.2,1,1,0.0
syn_00022,Proposed Method,2020-05-03T15:11:20.550801+00:00,2020-05-03T21:18:18.380554+00:00,32.44,6.12,8.105117,11.844,34.2,1,1,25.79073991883614
syn_00023,Dumb Charging,2020-12-17T18:28:30.112093+00:00,2020-12-17T23:06:28.687824+00:00,13.15,4.63,5.302444,5.472,14.4,1,1,0.0
syn_00023,Smart Price,2020-12-17T18:28:30.112093+00:00,2020-12-17T23:06:28.687824+00:00,13.15,4.63,4.771813,3.456,14.4,2,2,0.0
syn_00023,Proposed Method,2020-12-17T18:28:30.112093+00:00,2020-12-17T23:06:28.687824+00:00,13.15,4.63,4.916919,3.456,14.4,1,1,14.567959969457783
syn_00024,Dumb Charging,2020-01-29T18:40:50.218590+00:00,2020-01-29T21:47:45.459333+00:00,19.31,3.12,6.519152,7.236,19.8,1,1,0.0
syn_00024,Smart Price,2020-01-29T18:40:50.218590+00:00,2020-01-29T21:47:45.459333+00:00,19.31,3.12,6.459453,6.948,19.8,2,2,0.0
syn_00024,Proposed Method,2020-01-29T18:40:50.218590+00:00,2020-01-29T21:47:45.459333+00:00,19.31,3.12,6.466094,6.948,19.8,1,1,19.72930843879774
syn_00025,Dumb Charging,2020-02-05T07:13:03.180478+00:00,2020-02-05T10:48:11.924569+00:00,15.54,3.59,3.127942,2.7,16.2,1,1,0.0
syn_00025,Smart Price,2020-02-05T07:13:03.180478+00:00,2020-02-05T10:48:11.924569+00:00,15.54,3.59,3.127942,2.7,16.2,1,1,0.0
syn_00025,Proposed Method,2020-02-05T07:13:03.180478+00:00,2020-02-05T10:48:11.924569+00:00,15.54,3.59,3.127942,2.7,16.2,1,1,10.245938373690855
syn_00026,Dumb Charging,2020-06-28T09:03:56.003172+00:00,2020-06-29T01:31:29.410803+00:00,12.89,16.46,2.576079,3.168,14.4,1,1,0.0
syn_00026,Smart Price,2020-06-28T09:03:56.003172+00:00,2020-06-29T01:31:29.410803+00:00,12.89,16.46,2.795822,1.44,14.4,1,1,0.0
syn_00026,Proposed Method,2020-06-28T09:03:56.003172+00:00,2020-06-29T01:31:29.410803+00:00,12.89,16.46,2.529929,1.44,14.4,1,1,8.29754365042466
syn_00027,Dumb Charging,2020-09-19T09:32:16.176858+00:00,2020-09-19T17:47:09.796250+00:00,33.63,8.25,5.379543,7.524,34.2,1,1,0.0
syn_00027,Smart Price,2020-09-19T09:32:16.176858+00:00,2020-09-19T17:47:09.796250+00:00,33.63,8.25,5.379543,7.524,34.2,1,1,0.0
syn_00027,Proposed Method,2020-09-19T09:32:16.176858+00:00,2020-09-19T17:47:09.796250+00:00,33.63,8.25,5.379543,7.524,34.2,1,1,17.621871856820018
syn_00028,Dumb Charging,2020-03-09T13:23:23.671225+00:00,2020-03-09T17:28:04.644470+00:00,10.14,4.08,1.118104,2.376,10.8,1,1,0.0
syn_00028,Smart Price,2020-03-09T13:23:23.671225+00:00,2020-03-09T17:28:04.644470+00:00,10.14,4.08,1.118104,2.376,10.8,1,1,0.0
syn_00028,Proposed Method,2020-03-09T13:23:23.671225+00:00,2020-03-09T17:28:04.644470+00:00,10.14,4.08,1.118104,2.376,10.8,1,1,5.65299872171162
syn_00029,Dumb Charging,2020-04-30T16:13:13.369417+00:00,2020-04-30T19:55:57.720189+00:00,21.78,3.71,5.686428,8.892,23.4,1,1,0.0
syn_00029,Smart Price,2020-04-30T16:13:13.369417+00:00,2020-04-30T19:55:57.720189+00:00,21.78,3.71,5.686428,8.892,23.4,1,1,0.0
syn_00029,Proposed Method,2020-04-30T16:13:13.369417+00:00,2020-04-30T19:55:57.720189+00:00,21.78,3.71,5.686428,8.892,23.4,1,1,18.982438435430577
syn_00030,Dumb Charging,2020-04-17T14:58:07.830615+00:00,2020-04-17T23:36:42.853988+00:00,24.6,8.64,4.915399,8.136,25.2,1,1,0.0
syn_00030,Smart Price,2020-04-17T14:58:07.830615+00:00,2020-04-17T23:36:42.853988+00:00,24.6,8.64,6.008368,5.328,25.2,2,2,0.0
syn_00030,Proposed Method,2020-04-17T14:58:07.830615+00:00,2020-04-17T23:36:42.853988+00:00,24.6,8.64,4.915399,8.136,25.2,1,1,16.904608988836614
syn_00031,Dumb Charging,2020-01-09T17:44:29.714633+00:00,2020-01-10T02:49:54.690099+00:00,8.22,9.09,2.660877,3.42,9.0,1,1,0.0
syn_00031,Smart Price,2020-01-09T17:44:29.714633+00:00,2020-01-10T02:49:54.690099+00:00,8.22,9.09,2.146366,0.9,9.0,1,1,0.0
syn_00031,Proposed Method,2020-01-09T17:44:29.714633+00:00,2020-01-10T02:49:54.690099+00:00,8.22,9.09,1.316388,0.9,9.0,1,1,5.352142002770611
syn_00032,Dumb Charging,2020-07-16T06:33:40.236171+00:00,2020-07-16T12:33:52.376636+00:00,10.31,6.0,1.961465,1.08,10.8,1,1,0.0
syn_00032,Smart Price,2020-07-16T06:33:40.236171+00:00,2020-07-16T12:33:52.376636+00:00,10.31,6.0,1.961465,1.08,10.8,1,1,0.0
syn_00032,Proposed Method,2020-07-16T06:33:40.236171+00:00,2020-07-16T12:33:52.376636+00:00,10.31,6.0,1.42048,2.376,10.8,1,1,6.319625939258003
syn_00033,Dumb Charging,2020-06-21T12:11:52.586493+00:00,2020-06-21T20:11:26.181576+00:00,13.53,7.99,1.755603,3.168,14.4,1,1,0.0
syn_00033,Smart Price,2020-06-21T12:11:52.586493+00:00,2020-06-21T20:11:26.181576+00:00,13.53,7.99,1.755603,3.168,14.4,1,1,0.0
syn_00033,Proposed Method,2020-06-21T12:11:52.586493+00:00,2020-06-21T20:11:26.181576+00:00,13.53,7.99,1.755603,3.168,14.4,1,1,7.454445016163512
syn_00034,Dumb Charging,2020-04-20T07:32:27.874582+00:00,2020-04-20T14:44:02.684777+00:00,42.98,7.19,6.365313,9.072,43.2,1,1,0.0
syn_00034,Smart Price,2020-04-20T07:32:27.874582+00:00,2020-04-20T14:44:02.684777+00:00,42.98,7.19,6.365313,9.072,43.2,1,1,0.0
syn_00034,Proposed Method,2020-04-20T07:32:27.874582+00:00,2020-04-20T14:44:02.684777+00:00,42.98,7.19,5.877363,9.504,43.2,1,1,19.709378319681147
syn_00035,Dumb Charging,2020-07-21T18:57:55.724479+00:00,2020-07-22T00:43:19.591789+00:00,7.31,5.76,2.992865,3.42,9.0,1,1,0.0
syn_00035,Smart Price,2020-07-21T18:57:55.724479+00:00,2020-07-22T00:43:19.591789+00:00,7.31,5.76,2.31932,0.9,9.0,1,1,0.0
syn_00035,Proposed Method,2020-07-21T18:57:55.724479+00:00,2020-07-22T00:43:19.591789+00:00,7.31,5.76,1.985366,0.9,9.0,1,1,6.826987197552781
syn_00036,Dumb Charging,2020-03-27T15:23:07.473110+00:00,2020-03-27T20:17:08.733626+00:00,24.61,4.9,5.680836,8.712,25.2,1,1,0.0
syn_00036,Smart Price,2020-03-27T15:23:07.473110+00:00,2020-03-27T20:17:08.733626+00:00,24.61,4.9,5.680836,8.712,25.2,1,1,0.0
syn_00036,Proposed Method,2020-03-27T15:23:07.473110+00:00,2020-03-27T20:17:08.733626+00:00,24.61,4.9,5.680836,8.712,25.2,1,1,18.8801099858769
syn_00037,Dumb Charging,2020-01-14T11:47:40.988539+00:00,2020-01-14T20:45:07.482680+00:00,13.54,8.96,1.910386,3.168,14.4,1,1,0.0
syn_00037,Smart Price,2020-01-14T11:47:40.988539+00:00,2020-01-14T20:45:07.482680+00:00,13.54,8.96,1.910386,3.168,14.4,1,1,0.0
syn_00037,Proposed Method,2020-01-14T11:47:40.988539+00:00,2020-01-14T20:45:07.482680+00:00,13.54,8.96,1.910386,3.168,14.4,1,1,7.795684284881818
syn_00038,Dumb Charging,2020-11-26T17:53:31.719851+00:00,2020-11-26T23:46:39.870744+00:00,7.13,5.89,2.335315,2.736,7.2,1,1,0.0
syn_00038,Smart Price,2020-11-26T17:53:31.719851+00:00,2020-11-26T23:46:39.870744+00:00,7.13,5.89,2.412513,1.152,7.2,2,2,0.0
syn_00038,Proposed Method,2020-11-26T17:53:31.719851+00:00,2020-11-26T23:46:39.870744+00:00,7.13,5.89,1.999437,1.152,7.2,1,1,6.984007836140201
syn_00039,Dumb Charging,2020-04-03T17:20:42.633008+00:00,2020-04-04T09:37:07.678854+00:00,16.38,16.27,4.878293,6.84,18.0,1,1,0.0
syn_00039,Smart Price,2020-04-03T17:20:42.633008+00:00,2020-04-04T09:37:07.678854+00:00,16.38,16.27,3.098487,1.8,18.0,1,1,0.0
syn_00039,Proposed Method,2020-04-03T17:20:42.633008+00:00,2020-04-04T09:37:07.678854+00:00,16.38,16.27,2.116722,1.8,18.0,1,1,9.566577635596179
syn_00040,Dumb Charging,2020-03-22T12:55:04.818810+00:00,2020-03-22T21:09:49.320950+00:00,11.63,8.25,1.380303,2.772,12.6,1,1,0.0
syn_00040,Smart Price,2020-03-22T12:55:04.818810+00:00,2020-03-22T21:09:49.320950+00:00,11.63,8.25,1.380303,2.772,12.6,1,1,0.0
syn_00040,Proposed Method,2020-03-22T12:55:04.818810+00:00,2020-03-22T21:09:49.320950+00:00,11.63,8.25,1.380303,2.772,12.6,1,1,6.429050050332185
syn_00041,Dumb Charging,2020-11-22T10:17:10.569535+00:00,2020-11-23T02:12:39.869800+00:00,16.61,15.92,2.443336,3.96,18.0,1,1,0.0
syn_00041,Smart Price,2020-11-22T10:17:10.569535+00:00,2020-11-23T02:12:39.869800+00:00,16.61,15.92,4.168248,1.8,18.0,1,1,0.0
syn_00041,Proposed Method,2020-11-22T10:17:10.569535+00:00,2020-11-23T02:12:39.869800+00:00,16.61,15.92,2.443336,3.96,18.0,1,1,9.36663919842125
syn_00042,Dumb Charging,2020-01-02T13:57:10.021668+00:00,2020-01-03T07:26:46.840640+00:00,13.36,17.49,2.002767,3.168,14.4,1,1,0.0
syn_00042,Smart Price,2020-01-02T13:57:10.021668+00:00,2020-01-03T07:26:46.840640+00:00,13.36,17.49,3.285719,1.44,14.4,1,1,0.0
syn_00042,Proposed Method,2020-01-02T13:57:10.021668+00:00,2020-01-03T07:26:46.840640+00:00,13.36,17.49,2.372054,1.44,14.4,1,1,7.949487107691893
syn_00043,Dumb Charging,2020-12-07T13:23:03.598356+00:00,2020-12-07T17:37:56.839943+00:00,8.7,4.25,1.13351,1.98,9.0,1,1,0.0
syn_00043,Smart Price,2020-12-07T13:23:03.598356+00:00,2020-12-07T17:37:56.839943+00:00,8.7,4.25,1.13351,1.98,9.0,1,1,0.0
syn_00043,Proposed Method,2020-12-07T13:23:03.598356+00:00,2020-12-07T17:37:56.839943+00:00,8.7,4.25,1.13351,1.98,9.0,1,1,5.488964725594374
syn_00044,Dumb Charging,2020-12-30T16:59:23.122560+00:00,2020-12-30T23:47:56.338450+00:00,18.22,6.81,6.001521,7.524,19.8,1,1,0.0
syn_00044,Smart Price,2020-12-30T16:59:23.122560+00:00,2020-12-30T23:47:56.338450+00:00,18.22,6.81,6.55592,4.212,19.8,2,2,0.0
syn_00044,Proposed Method,2020-12-30T16:59:23.122560+00:00,2020-12-30T23:47:56.338450+00:00,18.22,6.81,6.705765,4.212,19.8,1,1,18.88969419408892
syn_00045,Dumb Charging,2020-10-10T09:16:18.316995+00:00,2020-10-10T19:28:02.959363+00:00,4.35,10.2,1.495247,1.188,5.4,1,1,0.0
syn_00045,Smart Price,2020-10-10T09:16:18.316995+00:00,2020-10-10T19:28:02.959363+00:00,4.35,10.2,1.495247,1.188,5.4,1,1,0.0
syn_00045,Proposed Method,2020-10-10T09:16:18.316995+00:00,2020-10-10T19:28:02.959363+00:00,4.35,10.2,0.587844,1.188,5.4,1,1,5.88997591350468
syn_00046,Dumb Charging,2020-04-18T14:33:44.545965+00:00,2020-04-18T19:19:32.136360+00:00,12.18,4.76,1.830034,3.06,12.6,1,1,0.0
syn_00046,Smart Price,2020-04-18T14:33:44.545965+00:00,2020-04-18T19:19:32.136360+00:00,12.18,4.76,1.830034,3.06,12.6,1,1,0.0
syn_00046,Proposed Method,2020-04-18T14:33:44.545965+00:00,2020-04-18T19:19:32.136360+00:00,12.18,4.76,1.830034,3.06,12.6,1,1,7.5645381696671805
syn_00047,Dumb Charging,2020-07-03T14:20:49.972432+00:00,2020-07-03T21:51:01.118327+00:00,11.13,7.5,1.813957,2.772,12.6,1,1,0.0
syn_00047,Smart Price,2020-07-03T14:20:49.972432+00:00,2020-07-03T21:51:01.118327+00:00,11.13,7.5,1.813957,2.772,12.6,1,1,0.0
syn_00047,Proposed Method,2020-07-03T14:20:49.972432+00:00,2020-07-03T21:51:01.118327+00:00,11.13,7.5,1.813957,2.772,12.6,1,1,7.385094013611882
syn_00048,Dumb Charging,2020-12-21T10:36:51.646720+00:00,2020-12-22T01:02:07.951538+00:00,13.56,14.42,1.866482,3.168,14.4,1,1,0.0
syn_00048,Smart Price,2020-12-21T10:36:51.646720+00:00,2020-12-22T01:02:07.951538+00:00,13.56,14.42,3.113817,1.656,14.4,2,2,0.0
syn_00048,Proposed Method,2020-12-21T10:36:51.646720+00:00,2020-12-22T01:02:07.951538+00:00,13.56,14.42,1.866482,3.168,14.4,1,1,7.698891700644253
syn_00049,Dumb Charging,2020-04-19T16:33:08.216518+00:00,2020-04-20T00:53:37.776855+00:00,16.54,8.34,4.102739,6.84,18.0,1,1,0.0
syn_00049,Smart Price,2020-04-19T16:33:08.216518+00:00,2020-04-20T00:53:37.776855+00:00,16.54,8.34,3.862499,2.448,18.0,2,2,0.0
syn_00049,Proposed Method,2020-04-19T16:33:08.216518+00:00,2020-04-20T00:53:37.776855+00:00,16.54,8.34,3.939523,2.448,18.0,1,1,11.909169451292343
syn_00050,Dumb Charging,2020-11-02T09:41:04.865966+00:00,2020-11-03T05:41:04.865966+00:00,45.88,20.0,7.277579,10.296,46.8,1,1,0.0
syn_00050,Smart Price,2020-11-02T09:41:04.865966+00:00,2020-11-03T05:41:04.865966+00:00,45.88,20.0,8.901241,4.68,46.8,1,1,0.0
syn_00050,Proposed Method,2020-11-02T09:41:04.865966+00:00,2020-11-03T05:41:04.865966+00:00,45.88,20.0,7.277579,10.296,46.8,1,1,23.19232845109511
syn_00051,Dumb Charging,2020-02-08T16:25:30.839797+00:00,2020-02-08T19:58:47.866365+00:00,10.44,3.55,2.524183,4.104,10.8,1,1,0.0
syn_00051,Smart Price,2020-02-08T16:25:30.839797+00:00,2020-02-08T19:58:47.866365+00:00,10.44,3.55,2.524183,4.104,10.8,1,1,0.0
syn_00051,Proposed Method,2020-02-08T16:25:30.839797+00:00,2020-02-08T19:58:47.866365+00:00,10.44,3.55,2.524183,4.104,10.8,1,1,9.616874657107832
syn_00052,Dumb Charging,2020-11-05T06:48:45.894552+00:00,2020-11-05T12:08:25.751776+00:00,4.1,5.33,0.963629,0.54,5.4,1,1,0.0
syn_00052,Smart Price,2020-11-05T06:48:45.894552+00:00,2020-11-05T12:08:25.751776+00:00,4.1,5.33,0.963629,0.54,5.4,1,1,0.0
syn_00052,Proposed Method,2020-11-05T06:48:45.894552+00:00,2020-11-05T12:08:25.751776+00:00,4.1,5.33,0.711985,1.188,5.4,1,1,4.1636587726532355
syn_00053,Dumb Charging,2020-01-07T05:48:45.924352+00:00,2020-01-07T11:28:59.785370+00:00,8.79,5.67,1.428057,0.9,9.0,1,1,0.0
syn_00053,Smart Price,2020-01-07T05:48:45.924352+00:00,2020-01-07T11:28:59.785370+00:00,8.79,5.67,1.428057,0.9,9.0,1,1,0.0
syn_00053,Proposed Method,2020-01-07T05:48:45.924352+00:00,2020-01-07T11:28:59.785370+00:00,8.79,5.67,0.912014,1.98,9.0,1,1,5.000647397368892
syn_00054,Dumb Charging,2020-02-11T14:03:57.274233+00:00,2020-02-12T10:03:57.274233+00:00,6.87,20.0,0.695234,1.584,7.2,1,1,0.0
syn_00054,Smart Price,2020-02-11T14:03:57.274233+00:00,2020-02-12T10:03:57.274233+00:00,6.87,20.0,1.66905,0.72,7.2,1,1,0.0
syn_00054,Proposed Method,2020-02-11T14:03:57.274233+00:00,2020-02-12T10:03:57.274233+00:00,6.87,20.0,0.695234,1.584,7.2,1,1,4.324729674736334
syn_00055,Dumb Charging,2020-08-25T20:40:25.777404+00:00,2020-08-26T16:40:25.777404+00:00,7.37,20.0,3.216541,2.556,9.0,1,1,0.0
syn_00055,Smart Price,2020-08-25T20:40:25.777404+00:00,2020-08-26T16:40:25.777404+00:00,7.37,20.0,2.393609,0.9,9.0,1,1,0.0
syn_00055,Proposed Method,2020-08-25T20:40:25.777404+00:00,2020-08-26T16:40:25.777404+00:00,7.37,20.0,0.932458,1.98,9.0,1,1,7.045718830504702
syn_00056,Dumb Charging,2020-06-22T14:11:09.934560+00:00,2020-06-22T18:41:50.388824+00:00,12.84,4.51,2.033299,3.168,14.4,1,1,0.0
syn_00056,Smart Price,2020-06-22T14:11:09.934560+00:00,2020-06-22T18:41:50.388824+00:00,12.84,4.51,2.033299,3.168,14.4,1,1,0.0
syn_00056,Proposed Method,2020-06-22T14:11:09.934560+00:00,2020-06-22T18:41:50.388824+00:00,12.84,4.51,2.033299,3.168,14.4,1,1,8.066661538998485
syn_00057,Dumb Charging,2020-08-04T17:52:10.315736+00:00,2020-08-04T23:59:30.245772+00:00,13.73,6.12,4.803715,5.472,14.4,1,1,0.0
syn_00057,Smart Price,2020-08-04T17:52:10.315736+00:00,2020-08-04T23:59:30.245772+00:00,13.73,6.12,4.881127,2.52,14.4,2,2,0.0
syn_00057,Proposed Method,2020-08-04T17:52:10.315736+00:00,2020-08-04T23:59:30.245772+00:00,13.73,6.12,4.634835,2.52,14.4,1,1,13.47806969338848
syn_00058,Dumb Charging,2020-06-15T08:12:03.015108+00:00,2020-06-15T16:29:57.918911+00:00,10.66,8.3,2.455344,2.376,10.8,1,1,0.0
syn_00058,Smart Price,2020-06-15T08:12:03.015108+00:00,2020-06-15T16:29:57.918911+00:00,10.66,8.3,2.455344,2.376,10.8,1,1,0.0
syn_00058,Proposed Method,2020-06-15T08:12:03.015108+00:00,2020-06-15T16:29:57.918911+00:00,10.66,8.3,1.088599,2.376,10.8,1,1,7.587950842164297
syn_00059,Dumb Charging,2020-02-12T12:02:17.330832+00:00,2020-02-12T20:01:27.639668+00:00,18.38,7.99,2.295731,4.356,19.8,1,1,0.0
syn_00059,Smart Price,2020-02-12T12:02:17.330832+00:00,2020-02-12T20:01:27.639668+00:00,18.38,7.99,2.295731,4.356,19.8,1,1,0.0
syn_00059,Proposed Method,2020-02-12T12:02:17.330832+00:00,2020-02-12T20:01:27.639668+00:00,18.38,7.99,2.295731,4.356,19.8,1,1,9.239224880293403
syn_00060,Dumb Charging,2020-12-25T15:33:24.782158+00:00,2020-12-26T00:12:46.207926+00:00,14.04,8.66,3.420156,4.896,14.4,1,1,0.0
syn_00060,Smart Price,2020-12-25T15:33:24.782158+00:00,2020-12-26T00:12:46.207926+00:00,14.04,8.66,4.480632,2.304,14.4,3,3,0.0
syn_00060,Proposed Method,2020-12-25T15:33:24.782158+00:00,2020-12-26T00:12:46.207926+00:00,14.04,8.66,3.420156,4.896,14.4,1,1,11.988158715712212
syn_00061,Dumb Charging,2020-07-03T13:43:12.232947+00:00,2020-07-03T22:40:53.170083+00:00,9.41,8.96,1.164956,2.376,10.8,1,1,0.0
syn_00061,Smart Price,2020-07-03T13:43:12.232947+00:00,2020-07-03T22:40:53.170083+00:00,9.41,8.96,1.164956,2.376,10.8,1,1,0.0
syn_00061,Proposed Method,2020-07-03T13:43:12.232947+00:00,2020-07-03T22:40:53.170083+00:00,9.41,8.96,1.164956,2.376,10.8,1,1,5.756290883118936
syn_00062,Dumb Charging,2020-01-03T05:39:45.956103+00:00,2020-01-03T19:04:01.239488+00:00,17.42,13.4,3.102695,1.8,18.0,1,1,0.0
syn_00062,Smart Price,2020-01-03T05:39:45.956103+00:00,2020-01-03T19:04:01.239488+00:00,17.42,13.4,3.102695,1.8,18.0,1,1,0.0
syn_00062,Proposed Method,2020-01-03T05:39:45.956103+00:00,2020-01-03T19:04:01.239488+00:00,17.42,13.4,3.102695,1.8,18.0,1,1,9.740276079325055
syn_00063,Dumb Charging,2020-05-16T13:30:38.980894+00:00,2020-05-17T01:15:33.313082+00:00,19.54,11.75,2.606413,4.644,19.8,1,1,0.0
syn_00063,Smart Price,2020-05-16T13:30:38.980894+00:00,2020-05-17T01:15:33.313082+00:00,19.54,11.75,3.177854,2.628,19.8,2,2,0.0
syn_00063,Proposed Method,2020-05-16T13:30:38.980894+00:00,2020-05-17T01:15:33.313082+00:00,19.54,11.75,2.606413,4.644,19.8,1,1,10.068162417686283
syn_00064,Dumb Charging,2020-03-28T17:31:38.763871+00:00,2020-03-29T01:06:46.423754+00:00,12.49,7.59,3.111801,4.788,12.6,1,1,0.0
syn_00064,Smart Price,2020-03-28T17:31:38.763871+00:00,2020-03-29T01:06:46.423754+00:00,12.49,7.59,2.457935,1.26,12.6,1,1,0.0
syn_00064,Proposed Method,2020-03-28T17:31:38.763871+00:00,2020-03-29T01:06:46.423754+00:00,12.49,7.59,2.235128,1.26,12.6,1,1,7.557617593365215
syn_00065,Dumb Charging,2020-12-23T08:14:38.644315+00:00,2020-12-23T16:13:07.771756+00:00,35.98,7.97,6.6166,7.92,36.0,1,1,0.0
syn_00065,Smart Price,2020-12-23T08:14:38.644315+00:00,2020-12-23T16:13:07.771756+00:00,35.98,7.97,6.6166,7.92,36.0,1,1,0.0
syn_00065,Proposed Method,2020-12-23T08:14:38.644315+00:00,2020-12-23T16:13:07.771756+00:00,35.98,7.97,5.361054,7.92,36.0,1,1,17.779109668031246
syn_00066,Dumb Charging,2020-10-31T09:31:46.334151+00:00,2020-10-31T18:05:49.982480+00:00,11.9,8.57,2.062111,2.772,12.6,1,1,0.0
syn_00066,Smart Price,2020-10-31T09:31:46.334151+00:00,2020-10-31T18:05:49.982480+00:00,11.9,8.57,2.062111,2.772,12.6,1,1,0.0
syn_00066,Proposed Method,2020-10-31T09:31:46.334151+00:00,2020-10-31T18:05:49.982480+00:00,11.9,8.57,2.062111,2.772,12.6,1,1,7.932179679271583
syn_00067,Dumb Charging,2020-06-17T09:59:02.351224+00:00,2020-06-18T03:30:35.295966+00:00,5.93,17.53,1.145002,1.584,7.2,1,1,0.0
syn_00067,Smart Price,2020-06-17T09:59:02.351224+00:00,2020-06-18T03:30:35.295966+00:00,5.93,17.53,1.734246,0.72,7.2,1,1,0.0
syn_00067,Proposed Method,2020-06-17T09:59:02.351224+00:00,2020-06-18T03:30:35.295966+00:00,5.93,17.53,0.934346,0.72,7.2,1,1,4.419882478877238
syn_00068,Dumb Charging,2020-07-03T08:48:57.697065+00:00,2020-07-03T13:10:50.637276+00:00,12.17,4.36,2.398202,2.772,12.6,1,1,0.0
syn_00068,Smart Price,2020-07-03T08:48:57.697065+00:00,2020-07-03T13:10:50.637276+00:00,12.17,4.36,2.398202,2.772,12.6,1,1,0.0
syn_00068,Proposed Method,2020-07-03T08:48:57.697065+00:00,2020-07-03T13:10:50.637276+00:00,12.17,4.36,1.577764,2.772,12.6,1,1,6.864377645575562
syn_00069,Dumb Charging,2020-05-13T18:09:55.117742+00:00,2020-05-14T11:44:04.771168+00:00,30.16,17.57,8.930941,10.188,30.6,1,1,0.0
syn_00069,Smart Price,2020-05-13T18:09:55.117742+00:00,2020-05-14T11:44:04.771168+00:00,30.16,17.57,4.808439,3.06,30.6,1,1,0.0
syn_00069,Proposed Method,2020-05-13T18:09:55.117742+00:00,2020-05-14T11:44:04.771168+00:00,30.16,17.57,3.743366,3.06,30.6,1,1,13.782716672616447
syn_00070,Dumb Charging,2020-06-17T17:52:40.750743+00:00,2020-06-18T05:03:23.423092+00:00,12.45,11.18,3.68897,4.788,12.6,1,1,0.0
syn_00070,Smart Price,2020-06-17T17:52:40.750743+00:00,2020-06-18T05:03:23.423092+00:00,12.45,11.18,2.592473,1.26,12.6,1,1,0.0
syn_00070,Proposed Method,2020-06-17T17:52:40.750743+00:00,2020-06-18T05:03:23.423092+00:00,12.45,11.18,1.861405,1.26,12.6,1,1,6.733698654293393
syn_00071,Dumb Charging,2020-07-14T15:36:18.548472+00:00,2020-07-15T03:43:27.711902+00:00,7.34,12.12,2.018974,2.844,9.0,1,1,0.0
syn_00071,Smart Price,2020-07-14T15:36:18.548472+00:00,2020-07-15T03:43:27.711902+00:00,7.34,12.12,2.373193,0.9,9.0,1,1,0.0
syn_00071,Proposed Method,2020-07-14T15:36:18.548472+00:00,2020-07-15T03:43:27.711902+00:00,7.34,12.12,1.381921,0.9,9.0,1,1,5.496617432726702
syn_00072,Dumb Charging,2020-08-06T17:08:26.862153+00:00,2020-08-07T06:24:44.485171+00:00,23.35,13.27,8.14893,8.892,23.4,1,1,0.0
syn_00072,Smart Price,2020-08-06T17:08:26.862153+00:00,2020-08-07T06:24:44.485171+00:00,23.35,13.27,4.454698,2.34,23.4,1,1,0.0
syn_00072,Proposed Method,2020-08-06T17:08:26.862153+00:00,2020-08-07T06:24:44.485171+00:00,23.35,13.27,3.987367,2.34,23.4,1,1,11.960646550095003
syn_00073,Dumb Charging,2020-09-10T18:27:41.577776+00:00,2020-09-10T21:49:42.265448+00:00,14.29,3.37,5.47718,5.472,14.4,1,1,0.0
syn_00073,Smart Price,2020-09-10T18:27:41.577776+00:00,2020-09-10T21:49:42.265448+00:00,14.29,3.37,5.365374,4.896,14.4,2,2,0.0
syn_00073,Proposed Method,2020-09-10T18:27:41.577776+00:00,2020-09-10T21:49:42.265448+00:00,14.29,3.37,5.47718,5.472,14.4,1,1,16.811125526052592
syn_00074,Dumb Charging,2020-12-16T20:01:20.844720+00:00,2020-12-17T06:11:08.128814+00:00,9.78,10.16,3.920968,3.528,10.8,1,1,0.0
syn_00074,Smart Price,2020-12-16T20:01:20.844720+00:00,2020-12-17T06:11:08.128814+00:00,9.78,10.16,2.615495,1.08,10.8,1,1,0.0
syn_00074,Proposed Method,2020-12-16T20:01:20.844720+00:00,2020-12-17T06:11:08.128814+00:00,9.78,10.16,1.719883,1.08,10.8,1,1,6.3316950762022834
syn_00075,Dumb Charging,2020-12-15T17:03:56.031069+00:00,2020-12-15T21:05:14.371522+00:00,9.95,4.02,3.319164,4.104,10.8,1,1,0.0
syn_00075,Smart Price,2020-12-15T17:03:56.031069+00:00,2020-12-15T21:05:14.371522+00:00,9.95,4.02,3.319164,4.104,10.8,1,1,0.0
syn_00075,Proposed Method,2020-12-15T17:03:56.031069+00:00,2020-12-15T21:05:14.371522+00:00,9.95,4.02,3.319164,4.104,10.8,1,1,11.369509147079768
syn_00076,Dumb Charging,2020-07-08T12:27:57.369990+00:00,2020-07-08T22:29:02.071215+00:00,3.76,10.02,0.665459,1.188,5.4,1,1,0.0
syn_00076,Smart Price,2020-07-08T12:27:57.369990+00:00,2020-07-08T22:29:02.071215+00:00,3.76,10.02,0.665459,1.188,5.4,1,1,0.0
syn_00076,Proposed Method,2020-07-08T12:27:57.369990+00:00,2020-07-08T22:29:02.071215+00:00,3.76,10.02,0.665459,1.188,5.4,1,1,4.061087056728552
syn_00077,Dumb Charging,2020-08-12T09:12:57.962591+00:00,2020-08-12T18:18:14.444608+00:00,39.24,9.09,6.236852,8.712,39.6,1,1,0.0
syn_00077,Smart Price,2020-08-12T09:12:57.962591+00:00,2020-08-12T18:18:14.444608+00:00,39.24,9.09,6.236852,8.712,39.6,1,1,0.0
syn_00077,Proposed Method,2020-08-12T09:12:57.962591+00:00,2020-08-12T18:18:14.444608+00:00,39.24,9.09,6.236852,8.712,39.6,1,1,20.10591602689597
syn_00078,Dumb Charging,2020-03-27T18:10:54.525524+00:00,2020-03-27T21:31:57.449879+00:00,11.7,3.35,3.561865,4.788,12.6,1,1,0.0
syn_00078,Smart Price,2020-03-27T18:10:54.525524+00:00,2020-03-27T21:31:57.449879+00:00,11.7,3.35,3.59966,4.5,12.6,2,2,0.0
syn_00078,Proposed Method,2020-03-27T18:10:54.525524+00:00,2020-03-27T21:31:57.449879+00:00,11.7,3.35,3.561865,4.788,12.6,1,1,12.246575584700906
syn_00079,Dumb Charging,2020-08-06T18:41:35.404698+00:00,2020-08-07T00:14:50.000251+00:00,24.25,5.55,9.095247,8.424,25.2,1,1,0.0
syn_00079,Smart Price,2020-08-06T18:41:35.404698+00:00,2020-08-07T00:14:50.000251+00:00,24.25,5.55,8.073756,5.256,25.2,2,2,0.0
syn_00079,Proposed Method,2020-08-06T18:41:35.404698+00:00,2020-08-07T00:14:50.000251+00:00,24.25,5.55,8.101828,5.256,25.2,1,1,22.48948752790112
syn_00080,Dumb Charging,2020-09-23T17:28:07.686427+00:00,2020-09-24T01:55:38.279323+00:00,8.86,8.46,2.999072,3.42,9.0,1,1,0.0
syn_00080,Smart Price,2020-09-23T17:28:07.686427+00:00,2020-09-24T01:55:38.279323+00:00,8.86,8.46,2.642336,0.9,9.0,1,1,0.0
syn_00080,Proposed Method,2020-09-23T17:28:07.686427+00:00,2020-09-24T01:55:38.279323+00:00,8.86,8.46,1.454069,0.9,9.0,1,1,5.655676073895918
syn_00081,Dumb Charging,2020-05-01T08:32:32.756650+00:00,2020-05-01T17:29:34.155025+00:00,27.11,8.95,4.24827,6.336,28.8,1,1,0.0
syn_00081,Smart Price,2020-05-01T08:32:32.756650+00:00,2020-05-01T17:29:34.155025+00:00,27.11,8.95,4.24827,6.336,28.8,1,1,0.0
syn_00081,Proposed Method,2020-05-01T08:32:32.756650+00:00,2020-05-01T17:29:34.155025+00:00,27.11,8.95,3.011244,6.336,28.8,1,1,13.806661574040492
syn_00082,Dumb Charging,2020-07-21T13:26:39.719915+00:00,2020-07-21T18:32:20.733489+00:00,9.09,5.09,1.234879,2.376,10.8,1,1,0.0
syn_00082,Smart Price,2020-07-21T13:26:39.719915+00:00,2020-07-21T18:32:20.733489+00:00,9.09,5.09,1.234879,2.376,10.8,1,1,0.0
syn_00082,Proposed Method,2020-07-21T13:26:39.719915+00:00,2020-07-21T18:32:20.733489+00:00,9.09,5.09,1.234879,2.376,10.8,1,1,5.910444995270729
syn_00083,Dumb Charging,2020-06-08T18:41:19.573371+00:00,2020-06-09T02:07:12.580237+00:00,33.03,7.43,10.540192,10.188,34.2,1,1,0.0
syn_00083,Smart Price,2020-06-08T18:41:19.573371+00:00,2020-06-09T02:07:12.580237+00:00,33.03,7.43,7.860482,5.148,34.2,1,1,0.0
syn_00083,Proposed Method,2020-06-08T18:41:19.573371+00:00,2020-06-09T02:07:12.580237+00:00,33.03,7.43,7.860482,5.148,34.2,1,1,21.903410378902
syn_00084,Dumb Charging,2020-01-02T18:06:29.638810+00:00,2020-01-03T14:06:29.638810+00:00,13.16,20.0,4.641732,5.472,14.4,1,1,0.0
syn_00084,Smart Price,2020-01-02T18:06:29.638810+00:00,2020-01-03T14:06:29.638810+00:00,13.16,20.0,3.057404,1.44,14.4,1,1,0.0
syn_00084,Proposed Method,2020-01-02T18:06:29.638810+00:00,2020-01-03T14:06:29.638810+00:00,13.16,20.0,1.991346,3.168,14.4,1,1,7.974169757166902
syn_00085,Dumb Charging,2020-09-18T13:48:45.947104+00:00,2020-09-18T19:41:25.344539+00:00,15.87,5.88,2.675088,3.564,16.2,1,1,0.0
syn_00085,Smart Price,2020-09-18T13:48:45.947104+00:00,2020-09-18T19:41:25.344539+00:00,15.87,5.88,2.675088,3.564,16.2,1,1,0.0
syn_00085,Proposed Method,2020-09-18T13:48:45.947104+00:00,2020-09-18T19:41:25.344539+00:00,15.87,5.88,2.675088,3.564,16.2,1,1,9.679563428443934
syn_00086,Dumb Charging,2020-02-04T14:29:48.140058+00:00,2020-02-04T17:48:52.926198+00:00,9.24,3.32,1.43753,2.376,10.8,1,1,0.0
syn_00086,Smart Price,2020-02-04T14:29:48.140058+00:00,2020-02-04T17:48:52.926198+00:00,9.24,3.32,1.43753,2.376,10.8,1,1,0.0
syn_00086,Proposed Method,2020-02-04T14:29:48.140058+00:00,2020-02-04T17:48:52.926198+00:00,9.24,3.32,1.43753,2.376,10.8,1,1,6.357214809929392
syn_00087,Dumb Charging,2020-06-14T10:34:21.228702+00:00,2020-06-14T19:03:22.255942+00:00,6.37,8.48,0.725697,1.584,7.2,1,1,0.0
syn_00087,Smart Price,2020-06-14T10:34:21.228702+00:00,2020-06-14T19:03:22.255942+00:00,6.37,8.48,0.725697,1.584,7.2,1,1,0.0
syn_00087,Proposed Method,2020-06-14T10:34:21.228702+00:00,2020-06-14T19:03:22.255942+00:00,6.37,8.48,0.725697,1.584,7.2,1,1,4.391888406257589
syn_00088,Dumb Charging,2020-05-22T16:03:23.212558+00:00,2020-05-23T01:21:12.449989+00:00,22.67,9.3,5.686435,8.892,23.4,1,1,0.0
syn_00088,Smart Price,2020-05-22T16:03:23.212558+00:00,2020-05-23T01:21:12.449989+00:00,22.67,9.3,5.091634,3.204,23.4,2,2,0.0
syn_00088,Proposed Method,2020-05-22T16:03:23.212558+00:00,2020-05-23T01:21:12.449989+00:00,22.67,9.3,4.869973,3.204,23.4,1,1,14.338460588668623
syn_00089,Dumb Charging,2020-12-29T15:40:30.900295+00:00,2020-12-29T23:35:35.189133+00:00,23.48,7.92,7.196167,9.0,25.2,1,1,0.0
syn_00089,Smart Price,2020-12-29T15:40:30.900295+00:00,2020-12-29T23:35:35.189133+00:00,23.48,7.92,7.868809,6.192,25.2,2,2,0.0
syn_00089,Proposed Method,2020-12-29T15:40:30.900295+00:00,2020-12-29T23:35:35.189133+00:00,23.48,7.92,7.196167,9.0,25.2,1,1,22.364846435071343
syn_00090,Dumb Charging,2020-09-05T06:53:09.528761+00:00,2020-09-05T13:38:25.372377+00:00,16.74,6.75,4.139308,2.88,18.0,1,1,0.0
syn_00090,Smart Price,2020-09-05T06:53:09.528761+00:00,2020-09-05T13:38:25.372377+00:00,16.74,6.75,4.139308,2.88,18.0,1,1,0.0
syn_00090,Proposed Method,2020-09-05T06:53:09.528761+00:00,2020-09-05T13:38:25.372377+00:00,16.74,6.75,2.728243,3.96,18.0,1,1,9.994751790048571
syn_00091,Dumb Charging,2020-11-23T07:49:07.595340+00:00,2020-11-23T17:24:26.856865+00:00,12.69,9.59,3.519758,2.952,14.4,1,1,0.0
syn_00091,Smart Price,2020-11-23T07:49:07.595340+00:00,2020-11-23T17:24:26.856865+00:00,12.69,9.59,3.519758,2.952,14.4,1,1,0.0
syn_00091,Proposed Method,2020-11-23T07:49:07.595340+00:00,2020-11-23T17:24:26.856865+00:00,12.69,9.59,1.775143,3.168,14.4,1,1,9.497524097797054
syn_00092,Dumb Charging,2020-01-02T03:01:14.947993+00:00,2020-01-02T06:53:06.195435+00:00,6.11,3.86,1.268406,0.72,7.2,1,1,0.0
syn_00092,Smart Price,2020-01-02T03:01:14.947993+00:00,2020-01-02T06:53:06.195435+00:00,6.11,3.86,1.268406,0.72,7.2,1,1,0.0
syn_00092,Proposed Method,2020-01-02T03:01:14.947993+00:00,2020-01-02T06:53:06.195435+00:00,6.11,3.86,1.08138,0.72,7.2,1,1,4.744036907279309
syn_00093,Dumb Charging,2020-01-02T15:38:36.496031+00:00,2020-01-03T02:23:29.189978+00:00,12.54,10.75,3.03902,4.212,12.6,1,1,0.0
syn_00093,Smart Price,2020-01-02T15:38:36.496031+00:00,2020-01-03T02:23:29.189978+00:00,12.54,10.75,2.805458,1.26,12.6,1,1,0.0
syn_00093,Proposed Method,2020-01-02T15:38:36.496031+00:00,2020-01-03T02:23:29.189978+00:00,12.54,10.75,1.772452,1.26,12.6,1,1,6.537591405435458
syn_00094,Dumb Charging,2020-02-13T19:39:19.340152+00:00,2020-02-14T02:47:36.099232+00:00,33.52,7.14,9.638982,8.172,34.2,1,1,0.0
syn_00094,Smart Price,2020-02-13T19:39:19.340152+00:00,2020-02-14T02:47:36.099232+00:00,33.52,7.14,7.124949,4.5,34.2,2,2,0.0
syn_00094,Proposed Method,2020-02-13T19:39:19.340152+00:00,2020-02-14T02:47:36.099232+00:00,33.52,7.14,6.909797,4.5,34.2,1,1,19.483506931736336
syn_00095,Dumb Charging,2020-10-08T15:19:30.732788+00:00,2020-10-08T20:48:52.194628+00:00,6.12,5.49,1.946896,1.872,7.2,1,1,0.0
syn_00095,Smart Price,2020-10-08T15:19:30.732788+00:00,2020-10-08T20:48:52.194628+00:00,6.12,5.49,1.946896,1.872,7.2,1,1,0.0
syn_00095,Proposed Method,2020-10-08T15:19:30.732788+00:00,2020-10-08T20:48:52.194628+00:00,6.12,5.49,1.946896,1.872,7.2,1,1,7.2281740902183484
syn_00096,Dumb Charging,2020-01-20T11:24:38.718209+00:00,2020-01-21T04:52:44.416208+00:00,6.49,17.47,1.001838,1.584,7.2,1,1,0.0
syn_00096,Smart Price,2020-01-20T11:24:38.718209+00:00,2020-01-21T04:52:44.416208+00:00,6.49,17.47,1.841357,0.72,7.2,1,1,0.0
syn_00096,Proposed Method,2020-01-20T11:24:38.718209+00:00,2020-01-21T04:52:44.416208+00:00,6.49,17.47,0.985015,0.72,7.2,1,1,4.531587052396805
syn_00097,Dumb Charging,2020-03-11T05:52:42.125457+00:00,2020-03-11T15:14:48.575245+00:00,13.75,9.37,1.950861,1.44,14.4,1,1,0.0
syn_00097,Smart Price,2020-03-11T05:52:42.125457+00:00,2020-03-11T15:14:48.575245+00:00,13.75,9.37,1.950861,1.44,14.4,1,1,0.0
syn_00097,Proposed Method,2020-03-11T05:52:42.125457+00:00,2020-03-11T15:14:48.575245+00:00,13.75,9.37,1.554085,3.168,14.4,1,1,7.010174060670086
syn_00098,Dumb Charging,2020-06-16T07:11:05.992302+00:00,2020-06-16T12:50:34.372871+00:00,7.83,5.66,1.620933,1.116,9.0,1,1,0.0
syn_00098,Smart Price,2020-06-16T07:11:05.992302+00:00,2020-06-16T12:50:34.372871+00:00,7.83,5.66,1.620933,1.116,9.0,1,1,0.0
syn_00098,Proposed Method,2020-06-16T07:11:05.992302+00:00,2020-06-16T12:50:34.372871+00:00,7.83,5.66,1.064245,1.98,9.0,1,1,5.336259831770398
syn_00099,Dumb Charging,2020-09-15T10:17:01.216760+00:00,2020-09-15T17:00:20.225593+00:00,18.12,6.72,2.809849,4.356,19.8,1,1,0.0
syn_00099,Smart Price,2020-09-15T10:17:01.216760+00:00,2020-09-15T17:00:20.225593+00:00,18.12,6.72,2.809849,4.356,19.8,1,1,0.0
syn_00099,Proposed Method,2020-09-15T10:17:01.216760+00:00,2020-09-15T17:00:20.225593+00:00,18.12,6.72,2.809849,4.356,19.8,1,1,10.37266262693489
syn_00100,Dumb Charging,2020-06-11T16:18:51.939714+00:00,2020-06-11T19:50:43.412276+00:00,12.6,3.53,3.143133,4.788,12.6,1,1,0.0
syn_00100,Smart Price,2020-06-11T16:18:51.939714+00:00,2020-06-11T19:50:43.412276+00:00,12.6,3.53,3.143133,4.788,12.6,1,1,0.0
syn_00100,Proposed Method,2020-06-11T16:18:51.939714+00:00,2020-06-11T19:50:43.412276+00:00,12.6,3.53,3.143133,4.788,12.6,1,1,11.323427922803006
syn_00101,Dumb Charging,2020-02-22T19:13:45.065601+00:00,2020-02-23T04:10:46.194104+00:00,13.75,8.95,4.782553,5.472,14.4,1,1,0.0
syn_00101,Smart Price,2020-02-22T19:13:45.065601+00:00,2020-02-23T04:10:46.194104+00:00,13.75,8.95,2.813529,1.44,14.4,1,1,0.0
syn_00101,Proposed Method,2020-02-22T19:13:45.065601+00:00,2020-02-23T04:10:46.194104+00:00,13.75,8.95,1.982806,1.44,14.4,1,1,7.091341614291421
syn_00102,Dumb Charging,2020-09-09T15:13:51.389714+00:00,2020-09-09T22:52:50.974406+00:00,16.38,7.65,4.668866,5.688,18.0,1,1,0.0
syn_00102,Smart Price,2020-09-09T15:13:51.389714+00:00,2020-09-09T22:52:50.974406+00:00,16.38,7.65,5.331524,3.96,18.0,2,2,0.0
syn_00102,Proposed Method,2020-09-09T15:13:51.389714+00:00,2020-09-09T22:52:50.974406+00:00,16.38,7.65,4.668866,5.688,18.0,1,1,15.137095274823428
syn_00103,Dumb Charging,2020-05-27T06:27:46.860846+00:00,2020-05-27T15:11:27.627470+00:00,14.65,8.73,2.637399,2.052,16.2,1,1,0.0
syn_00103,Smart Price,2020-05-27T06:27:46.860846+00:00,2020-05-27T15:11:27.627470+00:00,14.65,8.73,2.637399,2.052,16.2,1,1,0.0
syn_00103,Proposed Method,2020-05-27T06:27:46.860846+00:00,2020-05-27T15:11:27.627470+00:00,14.65,8.73,1.759839,3.564,16.2,1,1,7.661784614751181
syn_00104,Dumb Charging,2020-12-20T04:13:52.671072+00:00,2020-12-20T06:51:07.821549+00:00,7.61,2.62,1.619285,0.9,9.0,1,1,0.0
syn_00104,Smart Price,2020-12-20T04:13:52.671072+00:00,2020-12-20T06:51:07.821549+00:00,7.61,2.62,1.619285,0.9,9.0,1,1,0.0
syn_00104,Proposed Method,2020-12-20T04:13:52.671072+00:00,2020-12-20T06:51:07.821549+00:00,7.61,2.62,1.530215,0.9,9.0,1,1,5.823550383138497
syn_00105,Dumb Charging,2020-05-30T08:07:13.530864+00:00,2020-05-31T03:35:07.362697+00:00,28.89,19.46,4.779054,6.732,30.6,1,1,0.0
syn_00105,Smart Price,2020-05-30T08:07:13.530864+00:00,2020-05-31T03:35:07.362697+00:00,28.89,19.46,4.628487,3.06,30.6,1,1,0.0
syn_00105,Proposed Method,2020-05-30T08:07:13.530864+00:00,2020-05-31T03:35:07.362697+00:00,28.89,19.46,4.628487,3.06,30.6,1,1,13.734076450166569
syn_00106,Dumb Charging,2020-02-04T07:46:43.555047+00:00,2020-02-04T14:11:18.604567+00:00,16.63,6.41,3.534509,3.744,18.0,1,1,0.0
syn_00106,Smart Price,2020-02-04T07:46:43.555047+00:00,2020-02-04T14:11:18.604567+00:00,16.63,6.41,3.534509,3.744,18.0,1,1,0.0
syn_00106,Proposed Method,2020-02-04T07:46:43.555047+00:00,2020-02-04T14:11:18.604567+00:00,16.63,6.41,2.039859,3.96,18.0,1,1,8.477123852174687
syn_00107,Dumb Charging,2020-07-27T07:58:56.008374+00:00,2020-07-27T20:33:35.744752+00:00,7.5,12.58,1.926636,1.764,9.0,1,1,0.0
syn_00107,Smart Price,2020-07-27T07:58:56.008374+00:00,2020-07-27T20:33:35.744752+00:00,7.5,12.58,1.926636,1.764,9.0,1,1,0.0
syn_00107,Proposed Method,2020-07-27T07:58:56.008374+00:00,2020-07-27T20:33:35.744752+00:00,7.5,12.58,0.962669,1.98,9.0,1,1,7.112323386421384
syn_00108,Dumb Charging,2020-07-12T09:40:09.261220+00:00,2020-07-13T00:47:53.324715+00:00,15.72,15.13,2.336158,3.564,16.2,1,1,0.0
syn_00108,Smart Price,2020-07-12T09:40:09.261220+00:00,2020-07-13T00:47:53.324715+00:00,15.72,15.13,3.659524,2.268,16.2,2,2,0.0
syn_00108,Proposed Method,2020-07-12T09:40:09.261220+00:00,2020-07-13T00:47:53.324715+00:00,15.72,15.13,2.336158,3.564,16.2,1,1,8.932350590770627
syn_00109,Dumb Charging,2020-08-16T16:53:11.161000+00:00,2020-08-16T23:40:19.161965+00:00,9.32,6.79,3.152786,4.104,10.8,1,1,0.0
syn_00109,Smart Price,2020-08-16T16:53:11.161000+00:00,2020-08-16T23:40:19.161965+00:00,9.32,6.79,3.625418,1.944,10.8,2,2,0.0
syn_00109,Proposed Method,2020-08-16T16:53:11.161000+00:00,2020-08-16T23:40:19.161965+00:00,9.32,6.79,3.549407,1.944,10.8,1,1,10.79710907578103
syn_00110,Dumb Charging,2020-03-30T18:19:52.213701+00:00,2020-03-31T07:02:39.856287+00:00,18.54,12.71,5.876491,7.524,19.8,1,1,0.0
syn_00110,Smart Price,2020-03-30T18:19:52.213701+00:00,2020-03-31T07:02:39.856287+00:00,18.54,12.71,3.307291,1.98,19.8,1,1,0.0
syn_00110,Proposed Method,2020-03-30T18:19:52.213701+00:00,2020-03-31T07:02:39.856287+00:00,18.54,12.71,2.647543,1.98,19.8,1,1,8.82683875630183
syn_00111,Dumb Charging,2020-04-24T10:21:42.828257+00:00,2020-04-24T16:41:39.107184+00:00,26.08,6.33,2.729891,5.94,27.0,1,1,0.0
syn_00111,Smart Price,2020-04-24T10:21:42.828257+00:00,2020-04-24T16:41:39.107184+00:00,26.08,6.33,2.729891,5.94,27.0,1,1,0.0
syn_00111,Proposed Method,2020-04-24T10:21:42.828257+00:00,2020-04-24T16:41:39.107184+00:00,26.08,6.33,2.729891,5.94,27.0,1,1,10.988384668315794
syn_00112,Dumb Charging,2020-01-25T03:01:39.230453+00:00,2020-01-25T06:31:35.534362+00:00,11.7,3.5,1.882351,1.26,12.6,1,1,0.0
syn_00112,Smart Price,2020-01-25T03:01:39.230453+00:00,2020-01-25T06:31:35.534362+00:00,11.7,3.5,1.882351,1.26,12.6,1,1,0.0
syn_00112,Proposed Method,2020-01-25T03:01:39.230453+00:00,2020-01-25T06:31:35.534362+00:00,11.7,3.5,1.882351,1.26,12.6,1,1,6.779876450083586
syn_00113,Dumb Charging,2020-09-28T06:50:29.613481+00:00,2020-09-28T10:19:39.129711+00:00,2.51,3.49,0.58814,0.36,3.6,1,1,0.0
syn_00113,Smart Price,2020-09-28T06:50:29.613481+00:00,2020-09-28T10:19:39.129711+00:00,2.51,3.49,0.58814,0.36,3.6,1,1,0.0
syn_00113,Proposed Method,2020-09-28T06:50:29.613481+00:00,2020-09-28T10:19:39.129711+00:00,2.51,3.49,0.58814,0.36,3.6,1,1,3.4766284915781163
syn_00114,Dumb Charging,2020-07-02T17:52:11.166755+00:00,2020-07-02T23:27:19.769131+00:00,19.67,5.59,6.454831,7.524,19.8,1,1,0.0
syn_00114,Smart Price,2020-07-02T17:52:11.166755+00:00,2020-07-02T23:27:19.769131+00:00,19.67,5.59,6.06611,4.716,19.8,2,2,0.0
syn_00114,Proposed Method,2020-07-02T17:52:11.166755+00:00,2020-07-02T23:27:19.769131+00:00,19.67,5.59,6.423747,4.716,19.8,1,1,18.519949012862142
syn_00115,Dumb Charging,2020-12-15T16:24:19.271789+00:00,2020-12-16T00:10:16.410638+00:00,14.13,7.77,3.835295,5.472,14.4,1,1,0.0
syn_00115,Smart Price,2020-12-15T16:24:19.271789+00:00,2020-12-16T00:10:16.410638+00:00,14.13,7.77,4.447462,2.304,14.4,2,2,0.0
syn_00115,Proposed Method,2020-12-15T16:24:19.271789+00:00,2020-12-16T00:10:16.410638+00:00,14.13,7.77,4.437171,2.304,14.4,1,1,12.934294964944657
syn_00116,Dumb Charging,2020-09-03T11:00:17.920996+00:00,2020-09-03T16:14:32.347316+00:00,25.5,5.24,3.917003,5.94,27.0,1,1,0.0
syn_00116,Smart Price,2020-09-03T11:00:17.920996+00:00,2020-09-03T16:14:32.347316+00:00,25.5,5.24,3.917003,5.94,27.0,1,1,0.0
syn_00116,Proposed Method,2020-09-03T11:00:17.920996+00:00,2020-09-03T16:14:32.347316+00:00,25.5,5.24,3.917003,5.94,27.0,1,1,13.605520589689815
syn_00117,Dumb Charging,2020-03-17T15:03:34.923459+00:00,2020-03-17T19:48:00.886554+00:00,16.2,4.74,3.239295,5.004,16.2,1,1,0.0
syn_00117,Smart Price,2020-03-17T15:03:34.923459+00:00,2020-03-17T19:48:00.886554+00:00,16.2,4.74,3.239295,5.004,16.2,1,1,0.0
syn_00117,Proposed Method,2020-03-17T15:03:34.923459+00:00,2020-03-17T19:48:00.886554+00:00,16.2,4.74,3.239295,5.004,16.2,1,1,11.643428818005463
syn_00118,Dumb Charging,2020-08-25T07:40:20.614312+00:00,2020-08-25T22:58:02.438694+00:00,16.1,15.29,4.012618,3.132,16.2,1,1,0.0
syn_00118,Smart Price,2020-08-25T07:40:20.614312+00:00,2020-08-25T22:58:02.438694+00:00,16.1,15.29,4.012618,3.132,16.2,1,1,0.0
syn_00118,Proposed Method,2020-08-25T07:40:20.614312+00:00,2020-08-25T22:58:02.438694+00:00,16.1,15.29,1.98586,3.564,16.2,1,1,10.160076278155444
syn_00119,Dumb Charging,2020-02-21T13:41:38.954634+00:00,2020-02-21T19:51:37.984912+00:00,8.46,6.17,0.885008,1.98,9.0,1,1,0.0
syn_00119,Smart Price,2020-02-21T13:41:38.954634+00:00,2020-02-21T19:51:37.984912+00:00,8.46,6.17,0.885008,1.98,9.0,1,1,0.0
syn_00119,Proposed Method,2020-02-21T13:41:38.954634+00:00,2020-02-21T19:51:37.984912+00:00,8.46,6.17,0.885008,1.98,9.0,1,1,4.941109149558253
syn_00120,Dumb Charging,2020-03-30T04:18:09.802020+00:00,2020-03-30T14:27:55.935311+00:00,10.77,10.16,1.500389,1.08,10.8,1,1,0.0
syn_00120,Smart Price,2020-03-30T04:18:09.802020+00:00,2020-03-30T14:27:55.935311+00:00,10.77,10.16,1.500389,1.08,10.8,1,1,0.0
syn_00120,Proposed Method,2020-03-30T04:18:09.802020+00:00,2020-03-30T14:27:55.935311+00:00,10.77,10.16,1.185856,2.376,10.8,1,1,5.802366035646585
syn_00121,Dumb Charging,2020-11-27T01:49:01.988707+00:00,2020-11-27T06:48:13.080872+00:00,5.41,4.99,1.303714,0.72,7.2,1,1,0.0
syn_00121,Smart Price,2020-11-27T01:49:01.988707+00:00,2020-11-27T06:48:13.080872+00:00,5.41,4.99,1.303714,0.72,7.2,1,1,0.0
syn_00121,Proposed Method,2020-11-27T01:49:01.988707+00:00,2020-11-27T06:48:13.080872+00:00,5.41,4.99,1.194439,0.72,7.2,1,1,4.993289950901024
syn_00122,Dumb Charging,2020-11-02T16:38:29.568297+00:00,2020-11-02T23:09:04.906457+00:00,13.52,6.51,4.275065,5.472,14.4,1,1,0.0
syn_00122,Smart Price,2020-11-02T16:38:29.568297+00:00,2020-11-02T23:09:04.906457+00:00,13.52,6.51,4.880613,3.168,14.4,1,1,0.0
syn_00122,Proposed Method,2020-11-02T16:38:29.568297+00:00,2020-11-02T23:09:04.906457+00:00,13.52,6.51,4.275065,5.472,14.4,1,1,14.16091261104288
syn_00123,Dumb Charging,2020-11-03T05:58:27.810747+00:00,2020-11-03T16:29:45.363687+00:00,22.14,10.52,5.117417,3.204,23.4,1,1,0.0
syn_00123,Smart Price,2020-11-03T05:58:27.810747+00:00,2020-11-03T16:29:45.363687+00:00,22.14,10.52,5.117417,3.204,23.4,1,1,0.0
syn_00123,Proposed Method,2020-11-03T05:58:27.810747+00:00,2020-11-03T16:29:45.363687+00:00,22.14,10.52,4.00597,5.436,23.4,1,1,13.549659112715409
syn_00124,Dumb Charging,2020-12-05T09:53:21.314409+00:00,2020-12-06T05:53:21.314409+00:00,14.12,20.0,2.050091,3.168,14.4,1,1,0.0
syn_00124,Smart Price,2020-12-05T09:53:21.314409+00:00,2020-12-06T05:53:21.314409+00:00,14.12,20.0,3.28082,1.44,14.4,1,1,0.0
syn_00124,Proposed Method,2020-12-05T09:53:21.314409+00:00,2020-12-06T05:53:21.314409+00:00,14.12,20.0,2.434661,1.44,14.4,1,1,8.087513720784616
syn_00125,Dumb Charging,2020-11-04T15:29:34.601421+00:00,2020-11-04T19:54:10.505772+00:00,7.05,4.41,1.723195,1.872,7.2,1,1,0.0
syn_00125,Smart Price,2020-11-04T15:29:34.601421+00:00,2020-11-04T19:54:10.505772+00:00,7.05,4.41,1.723195,1.872,7.2,1,1,0.0
syn_00125,Proposed Method,2020-11-04T15:29:34.601421+00:00,2020-11-04T19:54:10.505772+00:00,7.05,4.41,1.723195,1.872,7.2,1,1,6.734997370591137
syn_00126,Dumb Charging,2020-07-31T06:20:00.989017+00:00,2020-07-31T13:27:57.937793+00:00,18.18,7.13,3.627128,2.844,19.8,1,1,0.0
syn_00126,Smart Price,2020-07-31T06:20:00.989017+00:00,2020-07-31T13:27:57.937793+00:00,18.18,7.13,3.627128,2.844,19.8,1,1,0.0
syn_00126,Proposed Method,2020-07-31T06:20:00.989017+00:00,2020-07-31T13:27:57.937793+00:00,18.18,7.13,2.514335,4.356,19.8,1,1,9.72116522414089
syn_00127,Dumb Charging,2020-07-01T15:28:08.146003+00:00,2020-07-02T03:03:30.044195+00:00,23.19,11.59,5.750739,8.028,23.4,1,1,0.0
syn_00127,Smart Price,2020-07-01T15:28:08.146003+00:00,2020-07-02T03:03:30.044195+00:00,23.19,11.59,4.267651,2.34,23.4,1,1,0.0
syn_00127,Proposed Method,2020-07-01T15:28:08.146003+00:00,2020-07-02T03:03:30.044195+00:00,23.19,11.59,3.843508,2.34,23.4,1,1,11.64349193745071
syn_00128,Dumb Charging,2020-04-04T18:05:48.681030+00:00,2020-04-05T02:12:50.645641+00:00,6.24,8.12,1.905084,2.736,7.2,1,1,0.0
syn_00128,Smart Price,2020-04-04T18:05:48.681030+00:00,2020-04-05T02:12:50.645641+00:00,6.24,8.12,1.87987,0.72,7.2,1,1,0.0
syn_00128,Proposed Method,2020-04-04T18:05:48.681030+00:00,2020-04-05T02:12:50.645641+00:00,6.24,8.12,0.839194,0.72,7.2,1,1,4.210107616485936
syn_00129,Dumb Charging,2020-01-10T09:47:09.986770+00:00,2020-01-10T14:29:53.868033+00:00,16.67,4.71,2.43272,3.96,18.0,1,1,0.0
syn_00129,Smart Price,2020-01-10T09:47:09.986770+00:00,2020-01-10T14:29:53.868033+00:00,16.67,4.71,2.43272,3.96,18.0,1,1,0.0
syn_00129,Proposed Method,2020-01-10T09:47:09.986770+00:00,2020-01-10T14:29:53.868033+00:00,16.67,4.71,2.406283,3.96,18.0,1,1,9.284951004527725
syn_00130,Dumb Charging,2020-09-17T19:29:45.239892+00:00,2020-09-18T02:00:30.660165+00:00,18.51,6.51,7.953881,6.372,19.8,1,1,0.0
syn_00130,Smart Price,2020-09-17T19:29:45.239892+00:00,2020-09-18T02:00:30.660165+00:00,18.51,6.51,4.37315,1.98,19.8,1,1,0.0
syn_00130,Proposed Method,2020-09-17T19:29:45.239892+00:00,2020-09-18T02:00:30.660165+00:00,18.51,6.51,4.37315,1.98,19.8,1,1,12.631152261883964
syn_00131,Dumb Charging,2020-12-24T14:41:14.296846+00:00,2020-12-24T21:04:00.974905+00:00,7.82,6.38,1.483522,1.98,9.0,1,1,0.0
syn_00131,Smart Price,2020-12-24T14:41:14.296846+00:00,2020-12-24T21:04:00.974905+00:00,7.82,6.38,1.483522,1.98,9.0,1,1,0.0
syn_00131,Proposed Method,2020-12-24T14:41:14.296846+00:00,2020-12-24T21:04:00.974905+00:00,7.82,6.38,1.483522,1.98,9.0,1,1,6.260609236938513
syn_00132,Dumb Charging,2020-01-28T14:38:48.374020+00:00,2020-01-28T19:30:28.396114+00:00,17.14,4.86,3.458752,5.112,18.0,1,1,0.0
syn_00132,Smart Price,2020-01-28T14:38:48.374020+00:00,2020-01-28T19:30:28.396114+00:00,17.14,4.86,3.458752,5.112,18.0,1,1,0.0
syn_00132,Proposed Method,2020-01-28T14:38:48.374020+00:00,2020-01-28T19:30:28.396114+00:00,17.14,4.86,3.458752,5.112,18.0,1,1,12.181250203387892
syn_00133,Dumb Charging,2020-02-11T14:33:18.904950+00:00,2020-02-11T22:55:26.812599+00:00,44.38,8.37,11.212153,15.372,45.0,1,1,0.0
syn_00133,Smart Price,2020-02-11T14:33:18.904950+00:00,2020-02-11T22:55:26.812599+00:00,44.38,8.37,10.509892,13.356,45.0,2,2,0.0
syn_00133,Proposed Method,2020-02-11T14:33:18.904950+00:00,2020-02-11T22:55:26.812599+00:00,44.38,8.37,10.418136,13.644,45.0,2,2,33.79007742283026
syn_00134,Dumb Charging,2020-12-20T04:02:41.001200+00:00,2020-12-20T07:56:19.800585+00:00,11.54,3.89,2.240878,1.26,12.6,1,1,0.0
syn_00134,Smart Price,2020-12-20T04:02:41.001200+00:00,2020-12-20T07:56:19.800585+00:00,11.54,3.89,2.240878,1.26,12.6,1,1,0.0
syn_00134,Proposed Method,2020-12-20T04:02:41.001200+00:00,2020-12-20T07:56:19.800585+00:00,11.54,3.89,2.142759,1.26,12.6,1,1,7.3539785566253055
syn_00135,Dumb Charging,2020-09-30T11:26:16.093908+00:00,2020-09-30T19:46:33.088431+00:00,5.13,8.34,0.822591,1.188,5.4,1,1,0.0
syn_00135,Smart Price,2020-09-30T11:26:16.093908+00:00,2020-09-30T19:46:33.088431+00:00,5.13,8.34,0.822591,1.188,5.4,1,1,0.0
syn_00135,Proposed Method,2020-09-30T11:26:16.093908+00:00,2020-09-30T19:46:33.088431+00:00,5.13,8.34,0.822591,1.188,5.4,1,1,4.407504116069784
syn_00136,Dumb Charging,2020-03-29T19:32:56.019962+00:00,2020-03-30T00:56:52.273811+00:00,10.16,5.4,3.314887,4.104,10.8,1,1,0.0
syn_00136,Smart Price,2020-03-29T19:32:56.019962+00:00,2020-03-30T00:56:52.273811+00:00,10.16,5.4,1.964543,1.08,10.8,1,1,0.0
syn_00136,Proposed Method,2020-03-29T19:32:56.019962+00:00,2020-03-30T00:56:52.273811+00:00,10.16,5.4,1.743468,1.08,10.8,1,1,6.383691799390794
syn_00137,Dumb Charging,2020-05-30T18:31:33.070673+00:00,2020-05-31T03:46:13.966299+00:00,5.41,9.24,1.761098,2.736,7.2,1,1,0.0
syn_00137,Smart Price,2020-05-30T18:31:33.070673+00:00,2020-05-31T03:46:13.966299+00:00,5.41,9.24,1.758913,0.72,7.2,1,1,0.0
syn_00137,Proposed Method,2020-05-30T18:31:33.070673+00:00,2020-05-31T03:46:13.966299+00:00,5.41,9.24,0.902955,0.72,7.2,1,1,4.350675772361623
syn_00138,Dumb Charging,2020-12-13T09:42:20.982005+00:00,2020-12-13T13:19:54.616858+00:00,19.45,3.63,3.17936,4.356,19.8,1,1,0.0
syn_00138,Smart Price,2020-12-13T09:42:20.982005+00:00,2020-12-13T13:19:54.616858+00:00,19.45,3.63,3.17936,4.356,19.8,1,1,0.0
syn_00138,Proposed Method,2020-12-13T09:42:20.982005+00:00,2020-12-13T13:19:54.616858+00:00,19.45,3.63,2.655139,4.356,19.8,1,1,10.03158341489568
syn_00139,Dumb Charging,2020-01-18T14:26:05.030518+00:00,2020-01-19T00:59:34.826432+00:00,17.2,10.56,3.217001,4.824,18.0,1,1,0.0
syn_00139,Smart Price,2020-01-18T14:26:05.030518+00:00,2020-01-19T00:59:34.826432+00:00,17.2,10.56,3.200813,2.448,18.0,2,2,0.0
syn_00139,Proposed Method,2020-01-18T14:26:05.030518+00:00,2020-01-19T00:59:34.826432+00:00,17.2,10.56,3.217001,4.824,18.0,1,1,11.504279737623456
syn_00140,Dumb Charging,2020-11-27T16:07:07.302565+00:00,2020-11-27T23:37:38.392495+00:00,17.49,7.51,5.304071,6.84,18.0,1,1,0.0
syn_00140,Smart Price,2020-11-27T16:07:07.302565+00:00,2020-11-27T23:37:38.392495+00:00,17.49,7.51,6.305421,3.528,18.0,1,1,0.0
syn_00140,Proposed Method,2020-11-27T16:07:07.302565+00:00,2020-11-27T23:37:38.392495+00:00,17.49,7.51,5.304071,6.84,18.0,1,1,17.113485432602666
syn_00141,Dumb Charging,2020-03-26T17:56:32.181312+00:00,2020-03-26T23:36:05.123801+00:00,11.62,5.66,3.697914,4.788,12.6,1,1,0.0
syn_00141,Smart Price,2020-03-26T17:56:32.181312+00:00,2020-03-26T23:36:05.123801+00:00,11.62,5.66,3.339675,2.556,12.6,2,2,0.0
syn_00141,Proposed Method,2020-03-26T17:56:32.181312+00:00,2020-03-26T23:36:05.123801+00:00,11.62,5.66,3.325121,2.556,12.6,1,1,10.608642279904839
syn_00142,Dumb Charging,2020-08-10T01:45:41.972426+00:00,2020-08-10T18:17:47.326636+00:00,60.0,16.53,11.314257,8.064,61.2,1,1,0.0
syn_00142,Smart Price,2020-08-10T01:45:41.972426+00:00,2020-08-10T18:17:47.326636+00:00,60.0,16.53,11.314257,8.064,61.2,1,1,0.0
syn_00142,Proposed Method,2020-08-10T01:45:41.972426+00:00,2020-08-10T18:17:47.326636+00:00,60.0,16.53,8.49793,10.44,61.2,2,2,29.95474450053787
syn_00143,Dumb Charging,2020-09-02T03:11:22.149161+00:00,2020-09-02T09:30:57.796304+00:00,12.53,6.33,2.285654,1.26,12.6,1,1,0.0
syn_00143,Smart Price,2020-09-02T03:11:22.149161+00:00,2020-09-02T09:30:57.796304+00:00,12.53,6.33,2.285654,1.26,12.6,1,1,0.0
syn_00143,Proposed Method,2020-09-02T03:11:22.149161+00:00,2020-09-02T09:30:57.796304+00:00,12.53,6.33,2.285654,1.26,12.6,1,1,7.669009065134165
syn_00144,Dumb Charging,2020-07-19T10:44:19.260339+00:00,2020-07-19T20:20:36.219260+00:00,6.07,9.6,0.784323,1.584,7.2,1,1,0.0
syn_00144,Smart Price,2020-07-19T10:44:19.260339+00:00,2020-07-19T20:20:36.219260+00:00,6.07,9.6,0.784323,1.584,7.2,1,1,0.0
syn_00144,Proposed Method,2020-07-19T10:44:19.260339+00:00,2020-07-19T20:20:36.219260+00:00,6.07,9.6,0.784323,1.584,7.2,1,1,4.521136906790897
syn_00145,Dumb Charging,2020-11-19T21:06:19.331870+00:00,2020-11-20T05:09:28.261253+00:00,12.15,8.05,4.578339,2.772,12.6,1,1,0.0
syn_00145,Smart Price,2020-11-19T21:06:19.331870+00:00,2020-11-20T05:09:28.261253+00:00,12.15,8.05,3.194859,1.26,12.6,1,1,0.0
syn_00145,Proposed Method,2020-11-19T21:06:19.331870+00:00,2020-11-20T05:09:28.261253+00:00,12.15,8.05,2.144378,1.26,12.6,1,1,7.357547773889374
syn_00146,Dumb Charging,2020-07-13T03:48:28.746661+00:00,2020-07-13T11:49:48.165686+00:00,11.77,8.02,2.032984,1.26,12.6,1,1,0.0
syn_00146,Smart Price,2020-07-13T03:48:28.746661+00:00,2020-07-13T11:49:48.165686+00:00,11.77,8.02,2.032984,1.26,12.6,1,1,0.0
syn_00146,Proposed Method,2020-07-13T03:48:28.746661+00:00,2020-07-13T11:49:48.165686+00:00,11.77,8.02,1.366459,2.772,12.6,1,1,6.39852798793116
syn_00147,Dumb Charging,2020-02-19T08:28:38.934475+00:00,2020-02-20T01:29:23.655050+00:00,7.67,17.01,1.861077,1.98,9.0,1,1,0.0
syn_00147,Smart Price,2020-02-19T08:28:38.934475+00:00,2020-02-20T01:29:23.655050+00:00,7.67,17.01,2.157368,0.9,9.0,1,1,0.0
syn_00147,Proposed Method,2020-02-19T08:28:38.934475+00:00,2020-02-20T01:29:23.655050+00:00,7.67,17.01,1.101414,0.9,9.0,1,1,4.878204602984868
syn_00148,Dumb Charging,2020-05-08T06:23:34.289723+00:00,2020-05-08T14:28:02.115026+00:00,30.8,8.07,5.356076,5.616,32.4,1,1,0.0
syn_00148,Smart Price,2020-05-08T06:23:34.289723+00:00,2020-05-08T14:28:02.115026+00:00,30.8,8.07,5.356076,5.616,32.4,1,1,0.0
syn_00148,Proposed Method,2020-05-08T06:23:34.289723+00:00,2020-05-08T14:28:02.115026+00:00,30.8,8.07,3.664749,7.128,32.4,1,1,13.643394847927116
syn_00149,Dumb Charging,2020-03-14T03:55:26.803389+00:00,2020-03-14T11:14:54.837100+00:00,8.66,7.32,1.263952,0.9,9.0,1,1,0.0
syn_00149,Smart Price,2020-03-14T03:55:26.803389+00:00,2020-03-14T11:14:54.837100+00:00,8.66,7.32,1.263952,0.9,9.0,1,1,0.0
syn_00149,Proposed Method,2020-03-14T03:55:26.803389+00:00,2020-03-14T11:14:54.837100+00:00,8.66,7.32,1.263952,0.9,9.0,1,1,5.236538489455973
syn_00150,Dumb Charging,2020-12-23T13:35:19.304045+00:00,2020-12-23T16:52:58.512799+00:00,19.87,3.29,3.749244,5.328,21.6,1,1,0.0
syn_00150,Smart Price,2020-12-23T13:35:19.304045+00:00,2020-12-23T16:52:58.512799+00:00,19.87,3.29,3.749244,5.328,21.6,1,1,0.0
syn_00150,Proposed Method,2020-12-23T13:35:19.304045+00:00,2020-12-23T16:52:58.512799+00:00,19.87,3.29,3.749244,5.328,21.6,1,1,12.929674817457313
syn_00151,Dumb Charging,2020-04-13T01:18:20.761108+00:00,2020-04-13T12:14:44.612288+00:00,17.52,10.94,2.258663,1.8,18.0,1,1,0.0
syn_00151,Smart Price,2020-04-13T01:18:20.761108+00:00,2020-04-13T12:14:44.612288+00:00,17.52,10.94,2.258663,1.8,18.0,1,1,0.0
syn_00151,Proposed Method,2020-04-13T01:18:20.761108+00:00,2020-04-13T12:14:44.612288+00:00,17.52,10.94,2.258663,1.8,18.0,1,1,7.87950429745143
syn_00152,Dumb Charging,2020-01-10T11:30:26.725280+00:00,2020-01-10T20:18:24.304697+00:00,60.0,8.8,12.835166,18.072,61.2,1,1,0.0
syn_00152,Smart Price,2020-01-10T11:30:26.725280+00:00,2020-01-10T20:18:24.304697+00:00,60.0,8.8,12.835166,18.072,61.2,1,1,0.0
syn_00152,Proposed Method,2020-01-10T11:30:26.725280+00:00,2020-01-10T20:18:24.304697+00:00,60.0,8.8,12.835166,18.072,61.2,1,1,39.33272127051365
syn_00153,Dumb Charging,2020-04-19T10:09:47.193926+00:00,2020-04-19T16:57:37.732344+00:00,24.29,6.8,2.543876,5.544,25.2,1,1,0.0
syn_00153,Smart Price,2020-04-19T10:09:47.193926+00:00,2020-04-19T16:57:37.732344+00:00,24.29,6.8,2.543876,5.544,25.2,1,1,0.0
syn_00153,Proposed Method,2020-04-19T10:09:47.193926+00:00,2020-04-19T16:57:37.732344+00:00,24.29,6.8,2.543876,5.544,25.2,1,1,10.380291720835714
syn_00154,Dumb Charging,2020-11-10T15:57:26.474986+00:00,2020-11-10T21:54:03.033864+00:00,11.16,5.94,3.570436,4.5,12.6,1,1,0.0
syn_00154,Smart Price,2020-11-10T15:57:26.474986+00:00,2020-11-10T21:54:03.033864+00:00,11.16,5.94,3.825005,3.924,12.6,2,2,0.0
syn_00154,Proposed Method,2020-11-10T15:57:26.474986+00:00,2020-11-10T21:54:03.033864+00:00,11.16,5.94,3.570436,4.5,12.6,1,1,12.121471251833158
syn_00155,Dumb Charging,2020-06-22T13:29:42.443955+00:00,2020-06-22T19:22:09.772739+00:00,11.53,5.87,1.402984,2.772,12.6,1,1,0.0
syn_00155,Smart Price,2020-06-22T13:29:42.443955+00:00,2020-06-22T19:22:09.772739+00:00,11.53,5.87,1.402984,2.772,12.6,1,1,0.0
syn_00155,Proposed Method,2020-06-22T13:29:42.443955+00:00,2020-06-22T19:22:09.772739+00:00,11.53,5.87,1.402984,2.772,12.6,1,1,6.479052736281098
syn_00156,Dumb Charging,2020-10-11T11:51:22.179454+00:00,2020-10-11T14:15:10.459624+00:00,9.06,2.4,1.627326,2.376,10.8,1,1,0.0
syn_00156,Smart Price,2020-10-11T11:51:22.179454+00:00,2020-10-11T14:15:10.459624+00:00,9.06,2.4,1.627326,2.376,10.8,1,1,0.0
syn_00156,Proposed Method,2020-10-11T11:51:22.179454+00:00,2020-10-11T14:15:10.459624+00:00,9.06,2.4,1.627326,2.376,10.8,1,1,6.775642858041521
syn_00157,Dumb Charging,2020-07-06T02:02:20.155066+00:00,2020-07-06T06:36:10.248573+00:00,8.59,4.56,1.333536,0.9,9.0,1,1,0.0
syn_00157,Smart Price,2020-07-06T02:02:20.155066+00:00,2020-07-06T06:36:10.248573+00:00,8.59,4.56,1.333536,0.9,9.0,1,1,0.0
syn_00157,Proposed Method,2020-07-06T02:02:20.155066+00:00,2020-07-06T06:36:10.248573+00:00,8.59,4.56,1.333536,0.9,9.0,1,1,5.389946717678425
syn_00158,Dumb Charging,2020-04-06T08:15:53.344967+00:00,2020-04-06T12:40:40.755184+00:00,14.38,4.41,2.824041,3.168,14.4,1,1,0.0
syn_00158,Smart Price,2020-04-06T08:15:53.344967+00:00,2020-04-06T12:40:40.755184+00:00,14.38,4.41,2.824041,3.168,14.4,1,1,0.0
syn_00158,Proposed Method,2020-04-06T08:15:53.344967+00:00,2020-04-06T12:40:40.755184+00:00,14.38,4.41,1.641751,3.168,14.4,1,1,7.203444236251578
syn_00159,Dumb Charging,2020-07-07T06:04:19.644786+00:00,2020-07-07T10:45:31.492269+00:00,20.8,4.69,3.964978,3.024,21.6,1,1,0.0
syn_00159,Smart Price,2020-07-07T06:04:19.644786+00:00,2020-07-07T10:45:31.492269+00:00,20.8,4.69,3.964978,3.024,21.6,1,1,0.0
syn_00159,Proposed Method,2020-07-07T06:04:19.644786+00:00,2020-07-07T10:45:31.492269+00:00,20.8,4.69,3.964978,3.024,21.6,1,1,12.253287285895034
syn_00160,Dumb Charging,2020-06-28T08:57:32.614649+00:00,2020-06-28T19:27:12.078458+00:00,8.0,10.49,2.20088,1.98,9.0,1,1,0.0
syn_00160,Smart Price,2020-06-28T08:57:32.614649+00:00,2020-06-28T19:27:12.078458+00:00,8.0,10.49,2.20088,1.98,9.0,1,1,0.0
syn_00160,Proposed Method,2020-06-28T08:57:32.614649+00:00,2020-06-28T19:27:12.078458+00:00,8.0,10.49,0.899527,1.98,9.0,1,1,6.973118961786642
syn_00161,Dumb Charging,2020-05-23T08:22:04.547845+00:00,2020-05-23T12:23:27.733744+00:00,5.82,4.02,1.532431,1.584,7.2,1,1,0.0
syn_00161,Smart Price,2020-05-23T08:22:04.547845+00:00,2020-05-23T12:23:27.733744+00:00,5.82,4.02,1.532431,1.584,7.2,1,1,0.0
syn_00161,Proposed Method,2020-05-23T08:22:04.547845+00:00,2020-05-23T12:23:27.733744+00:00,5.82,4.02,0.830469,1.584,7.2,1,1,4.622872928279205
syn_00162,Dumb Charging,2020-05-29T14:57:19.581972+00:00,2020-05-29T21:59:51.246177+00:00,29.28,7.04,6.526895,10.188,30.6,1,1,0.0
syn_00162,Smart Price,2020-05-29T14:57:19.581972+00:00,2020-05-29T21:59:51.246177+00:00,29.28,7.04,6.59539,9.324,30.6,2,2,0.0
syn_00162,Proposed Method,2020-05-29T14:57:19.581972+00:00,2020-05-29T21:59:51.246177+00:00,29.28,7.04,6.526895,10.188,30.6,1,1,21.48335277620517
syn_00163,Dumb Charging,2020-06-06T04:30:36.302149+00:00,2020-06-06T09:10:04.609281+00:00,16.2,4.66,2.316901,1.62,16.2,1,1,0.0
syn_00163,Smart Price,2020-06-06T04:30:36.302149+00:00,2020-06-06T09:10:04.609281+00:00,16.2,4.66,2.316901,1.62,16.2,1,1,0.0
syn_00163,Proposed Method,2020-06-06T04:30:36.302149+00:00,2020-06-06T09:10:04.609281+00:00,16.2,4.66,2.316901,1.62,16.2,1,1,7.917896281387209
syn_00164,Dumb Charging,2020-09-28T14:43:10.841382+00:00,2020-09-28T18:56:28.872805+00:00,19.47,4.22,4.414314,5.796,19.8,1,1,0.0
syn_00164,Smart Price,2020-09-28T14:43:10.841382+00:00,2020-09-28T18:56:28.872805+00:00,19.47,4.22,4.414314,5.796,19.8,1,1,0.0
syn_00164,Proposed Method,2020-09-28T14:43:10.841382+00:00,2020-09-28T18:56:28.872805+00:00,19.47,4.22,4.414314,5.796,19.8,1,1,14.629905306581811
syn_00165,Dumb Charging,2020-04-30T10:38:46.379244+00:00,2020-04-30T17:22:24.432322+00:00,17.58,6.73,1.923748,3.96,18.0,1,1,0.0
syn_00165,Smart Price,2020-04-30T10:38:46.379244+00:00,2020-04-30T17:22:24.432322+00:00,17.58,6.73,1.923748,3.96,18.0,1,1,0.0
syn_00165,Proposed Method,2020-04-30T10:38:46.379244+00:00,2020-04-30T17:22:24.432322+00:00,17.58,6.73,1.923748,3.96,18.0,1,1,8.221142080413628
syn_00166,Dumb Charging,2020-02-02T11:25:15.689445+00:00,2020-02-02T14:42:29.939193+00:00,3.86,3.29,0.621952,1.188,5.4,1,1,0.0
syn_00166,Smart Price,2020-02-02T11:25:15.689445+00:00,2020-02-02T14:42:29.939193+00:00,3.86,3.29,0.621952,1.188,5.4,1,1,0.0
syn_00166,Proposed Method,2020-02-02T11:25:15.689445+00:00,2020-02-02T14:42:29.939193+00:00,3.86,3.29,0.621952,1.188,5.4,1,1,3.965171239773766
syn_00167,Dumb Charging,2020-01-04T12:33:47.431007+00:00,2020-01-04T16:59:55.999736+00:00,4.87,4.44,0.734441,1.188,5.4,1,1,0.0
syn_00167,Smart Price,2020-01-04T12:33:47.431007+00:00,2020-01-04T16:59:55.999736+00:00,4.87,4.44,0.734441,1.188,5.4,1,1,0.0
syn_00167,Proposed Method,2020-01-04T12:33:47.431007+00:00,2020-01-04T16:59:55.999736+00:00,4.87,4.44,0.734441,1.188,5.4,1,1,4.213165949545305
syn_00168,Dumb Charging,2020-06-29T20:35:42.680562+00:00,2020-06-30T06:09:37.995386+00:00,11.91,9.57,3.721006,3.348,12.6,1,1,0.0
syn_00168,Smart Price,2020-06-29T20:35:42.680562+00:00,2020-06-30T06:09:37.995386+00:00,11.91,9.57,2.546894,1.26,12.6,1,1,0.0
syn_00168,Proposed Method,2020-06-29T20:35:42.680562+00:00,2020-06-30T06:09:37.995386+00:00,11.91,9.57,1.724362,1.26,12.6,1,1,6.431570859534765
syn_00169,Dumb Charging,2020-01-02T17:01:22.449300+00:00,2020-01-02T23:23:06.218560+00:00,8.09,6.36,2.525474,3.42,9.0,1,1,0.0
syn_00169,Smart Price,2020-01-02T17:01:22.449300+00:00,2020-01-02T23:23:06.218560+00:00,8.09,6.36,2.952796,1.764,9.0,2,2,0.0
syn_00169,Proposed Method,2020-01-02T17:01:22.449300+00:00,2020-01-02T23:23:06.218560+00:00,8.09,6.36,2.831689,1.764,9.0,1,1,9.124810245908325
syn_00170,Dumb Charging,2020-12-19T19:16:19.550522+00:00,2020-12-19T23:56:04.936852+00:00,24.85,4.66,9.174483,7.56,25.2,1,1,0.0
syn_00170,Smart Price,2020-12-19T19:16:19.550522+00:00,2020-12-19T23:56:04.936852+00:00,24.85,4.66,8.822795,5.76,25.2,2,2,0.0
syn_00170,Proposed Method,2020-12-19T19:16:19.550522+00:00,2020-12-19T23:56:04.936852+00:00,24.85,4.66,8.790703,5.76,25.2,1,1,24.260199007764605
syn_00171,Dumb Charging,2020-08-08T17:53:06.328494+00:00,2020-08-09T07:41:14.478737+00:00,21.79,13.8,8.39937,8.892,23.4,1,1,0.0
syn_00171,Smart Price,2020-08-08T17:53:06.328494+00:00,2020-08-09T07:41:14.478737+00:00,21.79,13.8,4.655214,2.34,23.4,1,1,0.0
syn_00171,Proposed Method,2020-08-08T17:53:06.328494+00:00,2020-08-09T07:41:14.478737+00:00,21.79,13.8,3.897212,2.34,23.4,1,1,11.761889510054198
syn_00172,Dumb Charging,2020-08-20T10:01:20.547206+00:00,2020-08-20T13:03:04.531790+00:00,15.65,3.03,1.949823,3.564,16.2,1,1,0.0
syn_00172,Smart Price,2020-08-20T10:01:20.547206+00:00,2020-08-20T13:03:04.531790+00:00,15.65,3.03,1.949823,3.564,16.2,1,1,0.0
syn_00172,Proposed Method,2020-08-20T10:01:20.547206+00:00,2020-08-20T13:03:04.531790+00:00,15.65,3.03,1.949823,3.564,16.2,1,1,8.080626521493784
syn_00173,Dumb Charging,2020-04-25T05:09:37.717657+00:00,2020-04-25T22:17:30.466110+00:00,41.99,17.13,6.586997,6.912,43.2,1,1,0.0
syn_00173,Smart Price,2020-04-25T05:09:37.717657+00:00,2020-04-25T22:17:30.466110+00:00,41.99,17.13,6.586997,6.912,43.2,1,1,0.0
syn_00173,Proposed Method,2020-04-25T05:09:37.717657+00:00,2020-04-25T22:17:30.466110+00:00,41.99,17.13,4.944016,9.504,43.2,1,1,19.651699435665634
syn_00174,Dumb Charging,2020-10-28T19:42:04.500871+00:00,2020-10-29T03:08:05.897793+00:00,16.81,7.43,7.362645,5.688,18.0,1,1,0.0
syn_00174,Smart Price,2020-10-28T19:42:04.500871+00:00,2020-10-29T03:08:05.897793+00:00,16.81,7.43,4.058328,1.8,18.0,1,1,0.0
syn_00174,Proposed Method,2020-10-28T19:42:04.500871+00:00,2020-10-29T03:08:05.897793+00:00,16.81,7.43,3.01592,1.8,18.0,1,1,9.548969915110723
syn_00175,Dumb Charging,2020-04-25T17:47:38.337392+00:00,2020-04-26T01:24:34.338080+00:00,6.81,7.62,1.807429,2.736,7.2,1,1,0.0
syn_00175,Smart Price,2020-04-25T17:47:38.337392+00:00,2020-04-26T01:24:34.338080+00:00,6.81,7.62,1.830566,0.72,7.2,1,1,0.0
syn_00175,Proposed Method,2020-04-25T17:47:38.337392+00:00,2020-04-26T01:24:34.338080+00:00,6.81,7.62,0.923025,0.72,7.2,1,1,4.394922764652035
syn_00176,Dumb Charging,2020-04-06T14:23:33.660600+00:00,2020-04-07T01:56:51.178920+00:00,14.98,11.55,2.372122,4.14,16.2,1,1,0.0
syn_00176,Smart Price,2020-04-06T14:23:33.660600+00:00,2020-04-07T01:56:51.178920+00:00,14.98,11.55,2.84393,1.62,16.2,1,1,0.0
syn_00176,Proposed Method,2020-04-06T14:23:33.660600+00:00,2020-04-07T01:56:51.178920+00:00,14.98,11.55,2.328225,1.62,16.2,1,1,7.942862067388099
syn_00177,Dumb Charging,2020-01-02T17:05:18.329122+00:00,2020-01-02T23:45:52.505979+00:00,7.77,6.68,2.569993,3.42,9.0,1,1,0.0
syn_00177,Smart Price,2020-01-02T17:05:18.329122+00:00,2020-01-02T23:45:52.505979+00:00,7.77,6.68,2.815895,1.548,9.0,2,2,0.0
syn_00177,Proposed Method,2020-01-02T17:05:18.329122+00:00,2020-01-02T23:45:52.505979+00:00,7.77,6.68,2.886982,1.548,9.0,1,1,9.138712072500251
syn_00178,Dumb Charging,2020-03-07T05:14:56.592180+00:00,2020-03-07T14:47:24.625152+00:00,18.82,9.54,2.983956,1.98,19.8,1,1,0.0
syn_00178,Smart Price,2020-03-07T05:14:56.592180+00:00,2020-03-07T14:47:24.625152+00:00,18.82,9.54,2.983956,1.98,19.8,1,1,0.0
syn_00178,Proposed Method,2020-03-07T05:14:56.592180+00:00,2020-03-07T14:47:24.625152+00:00,18.82,9.54,2.314816,4.356,19.8,1,1,9.28129889293768
syn_00179,Dumb Charging,2020-04-09T16:45:16.670610+00:00,2020-04-10T04:54:39.487983+00:00,28.09,12.16,7.993468,10.944,28.8,1,1,0.0
syn_00179,Smart Price,2020-04-09T16:45:16.670610+00:00,2020-04-10T04:54:39.487983+00:00,28.09,12.16,4.479098,2.88,28.8,1,1,0.0
syn_00179,Proposed Method,2020-04-09T16:45:16.670610+00:00,2020-04-10T04:54:39.487983+00:00,28.09,12.16,3.642341,2.88,28.8,1,1,11.469994700294667
syn_00180,Dumb Charging,2020-11-05T06:27:53.510458+00:00,2020-11-05T10:45:46.322652+00:00,18.3,4.3,4.149798,2.844,19.8,1,1,0.0
syn_00180,Smart Price,2020-11-05T06:27:53.510458+00:00,2020-11-05T10:45:46.322652+00:00,18.3,4.3,4.149798,2.844,19.8,1,1,0.0
syn_00180,Proposed Method,2020-11-05T06:27:53.510458+00:00,2020-11-05T10:45:46.322652+00:00,18.3,4.3,4.149798,2.844,19.8,1,1,12.570745716914615
syn_00181,Dumb Charging,2020-11-14T19:34:28.784004+00:00,2020-11-15T08:22:53.888508+00:00,13.74,12.81,5.637915,4.896,14.4,1,1,0.0
syn_00181,Smart Price,2020-11-14T19:34:28.784004+00:00,2020-11-15T08:22:53.888508+00:00,13.74,12.81,3.594711,1.44,14.4,1,1,0.0
syn_00181,Proposed Method,2020-11-14T19:34:28.784004+00:00,2020-11-15T08:22:53.888508+00:00,13.74,12.81,2.956104,1.656,14.4,1,1,9.345099300498092
syn_00182,Dumb Charging,2020-09-18T09:39:06.096904+00:00,2020-09-18T16:19:50.258903+00:00,10.52,6.68,1.759943,2.376,10.8,1,1,0.0
syn_00182,Smart Price,2020-09-18T09:39:06.096904+00:00,2020-09-18T16:19:50.258903+00:00,10.52,6.68,1.759943,2.376,10.8,1,1,0.0
syn_00182,Proposed Method,2020-09-18T09:39:06.096904+00:00,2020-09-18T16:19:50.258903+00:00,10.52,6.68,1.759943,2.376,10.8,1,1,7.068014142046016
syn_00183,Dumb Charging,2020-12-24T07:29:17.256393+00:00,2020-12-24T12:53:08.860215+00:00,17.94,5.4,4.46615,3.312,18.0,1,1,0.0
syn_00183,Smart Price,2020-12-24T07:29:17.256393+00:00,2020-12-24T12:53:08.860215+00:00,17.94,5.4,4.46615,3.312,18.0,1,1,0.0
syn_00183,Proposed Method,2020-12-24T07:29:17.256393+00:00,2020-12-24T12:53:08.860215+00:00,17.94,5.4,2.316609,3.96,18.0,1,1,9.087253431851947
syn_00184,Dumb Charging,2020-08-27T17:32:47.068965+00:00,2020-08-27T21:43:34.681528+00:00,11.15,4.18,4.030121,4.788,12.6,1,1,0.0
syn_00184,Smart Price,2020-08-27T17:32:47.068965+00:00,2020-08-27T21:43:34.681528+00:00,11.15,4.18,4.246418,4.212,12.6,2,2,0.0
syn_00184,Proposed Method,2020-08-27T17:32:47.068965+00:00,2020-08-27T21:43:34.681528+00:00,11.15,4.18,4.030121,4.788,12.6,1,1,13.278903418794364
syn_00185,Dumb Charging,2020-05-24T05:30:49.541262+00:00,2020-05-24T08:04:40.903456+00:00,4.87,2.56,0.678695,0.54,5.4,1,1,0.0
syn_00185,Smart Price,2020-05-24T05:30:49.541262+00:00,2020-05-24T08:04:40.903456+00:00,4.87,2.56,0.678695,0.54,5.4,1,1,0.0
syn_00185,Proposed Method,2020-05-24T05:30:49.541262+00:00,2020-05-24T08:04:40.903456+00:00,4.87,2.56,0.678695,0.54,5.4,1,1,3.7662684092799483
syn_00186,Dumb Charging,2020-08-23T08:38:49.802761+00:00,2020-08-23T22:12:24.369151+00:00,2.99,13.56,0.94369,0.792,3.6,1,1,0.0
syn_00186,Smart Price,2020-08-23T08:38:49.802761+00:00,2020-08-23T22:12:24.369151+00:00,2.99,13.56,0.94369,0.792,3.6,1,1,0.0
syn_00186,Proposed Method,2020-08-23T08:38:49.802761+00:00,2020-08-23T22:12:24.369151+00:00,2.99,13.56,0.94369,0.792,3.6,1,1,4.4764825905517025
syn_00187,Dumb Charging,2020-11-16T20:07:22.355053+00:00,2020-11-17T00:19:37.862395+00:00,11.85,4.2,4.698985,3.924,12.6,1,1,0.0
syn_00187,Smart Price,2020-11-16T20:07:22.355053+00:00,2020-11-17T00:19:37.862395+00:00,11.85,4.2,4.120063,1.908,12.6,2,2,0.0
syn_00187,Proposed Method,2020-11-16T20:07:22.355053+00:00,2020-11-17T00:19:37.862395+00:00,11.85,4.2,4.404365,1.908,12.6,1,1,12.66397038218196
syn_00188,Dumb Charging,2020-09-12T16:20:50.913564+00:00,2020-09-13T07:25:59.181931+00:00,44.81,15.09,15.718129,15.372,45.0,1,1,0.0
syn_00188,Smart Price,2020-09-12T16:20:50.913564+00:00,2020-09-13T07:25:59.181931+00:00,44.81,15.09,8.630354,4.5,45.0,1,1,0.0
syn_00188,Proposed Method,2020-09-12T16:20:50.913564+00:00,2020-09-13T07:25:59.181931+00:00,44.81,15.09,7.761004,4.5,45.0,1,1,21.36009952229201
syn_00189,Dumb Charging,2020-11-11T14:42:54.650312+00:00,2020-11-11T22:14:12.663685+00:00,42.62,7.52,13.175918,14.688,43.2,1,1,0.0
syn_00189,Smart Price,2020-11-11T14:42:54.650312+00:00,2020-11-11T22:14:12.663685+00:00,42.62,7.52,13.020465,13.536,43.2,2,2,0.0
syn_00189,Proposed Method,2020-11-11T14:42:54.650312+00:00,2020-11-11T22:14:12.663685+00:00,42.62,7.52,13.175918,14.688,43.2,1,1,38.39195155342336
syn_00190,Dumb Charging,2020-12-05T10:05:47.124305+00:00,2020-12-06T06:05:47.124305+00:00,24.8,20.0,3.405552,5.544,25.2,1,1,0.0
syn_00190,Smart Price,2020-12-05T10:05:47.124305+00:00,2020-12-06T06:05:47.124305+00:00,24.8,20.0,4.878022,2.52,25.2,1,1,0.0
syn_00190,Proposed Method,2020-12-05T10:05:47.124305+00:00,2020-12-06T06:05:47.124305+00:00,24.8,20.0,3.405552,5.544,25.2,1,1,12.27996279279003
syn_00191,Dumb Charging,2020-11-19T11:54:25.176999+00:00,2020-11-19T18:04:23.518455+00:00,11.09,6.17,1.835284,2.772,12.6,1,1,0.0
syn_00191,Smart Price,2020-11-19T11:54:25.176999+00:00,2020-11-19T18:04:23.518455+00:00,11.09,6.17,1.835284,2.772,12.6,1,1,0.0
syn_00191,Proposed Method,2020-11-19T11:54:25.176999+00:00,2020-11-19T18:04:23.518455+00:00,11.09,6.17,1.835284,2.772,12.6,1,1,7.432111476210628
syn_00192,Dumb Charging,2020-01-25T09:50:08.619877+00:00,2020-01-25T17:16:35.881351+00:00,18.21,7.44,2.586582,4.356,19.8,1,1,0.0
syn_00192,Smart Price,2020-01-25T09:50:08.619877+00:00,2020-01-25T17:16:35.881351+00:00,18.21,7.44,2.586582,4.356,19.8,1,1,0.0
syn_00192,Proposed Method,2020-01-25T09:50:08.619877+00:00,2020-01-25T17:16:35.881351+00:00,18.21,7.44,2.586582,4.356,19.8,1,1,9.880442102370871
syn_00193,Dumb Charging,2020-03-12T13:07:33.838085+00:00,2020-03-12T23:26:16.223933+00:00,8.25,10.31,1.012727,1.98,9.0,1,1,0.0
syn_00193,Smart Price,2020-03-12T13:07:33.838085+00:00,2020-03-12T23:26:16.223933+00:00,8.25,10.31,1.383144,1.764,9.0,2,2,0.0
syn_00193,Proposed Method,2020-03-12T13:07:33.838085+00:00,2020-03-12T23:26:16.223933+00:00,8.25,10.31,1.012727,1.98,9.0,1,1,5.222681692771158
syn_00194,Dumb Charging,2020-03-13T17:10:04.663224+00:00,2020-03-13T22:23:30.753405+00:00,24.5,5.22,6.809674,9.576,25.2,1,1,0.0
syn_00194,Smart Price,2020-03-13T17:10:04.663224+00:00,2020-03-13T22:23:30.753405+00:00,24.5,5.22,6.687644,8.424,25.2,2,2,0.0
syn_00194,Proposed Method,2020-03-13T17:10:04.663224+00:00,2020-03-13T22:23:30.753405+00:00,24.5,5.22,6.809674,9.576,25.2,1,1,21.800773286015474
syn_00195,Dumb Charging,2020-02-06T07:46:45.007513+00:00,2020-02-06T13:17:40.819865+00:00,14.47,5.52,3.700695,3.348,16.2,1,1,0.0
syn_00195,Smart Price,2020-02-06T07:46:45.007513+00:00,2020-02-06T13:17:40.819865+00:00,14.47,5.52,3.700695,3.348,16.2,1,1,0.0
syn_00195,Proposed Method,2020-02-06T07:46:45.007513+00:00,2020-02-06T13:17:40.819865+00:00,14.47,5.52,2.067202,3.564,16.2,1,1,8.339404446849693
syn_00196,Dumb Charging,2020-02-16T11:10:22.252917+00:00,2020-02-16T18:47:54.143235+00:00,4.78,7.63,0.619622,1.188,5.4,1,1,0.0
syn_00196,Smart Price,2020-02-16T11:10:22.252917+00:00,2020-02-16T18:47:54.143235+00:00,4.78,7.63,0.619622,1.188,5.4,1,1,0.0
syn_00196,Proposed Method,2020-02-16T11:10:22.252917+00:00,2020-02-16T18:47:54.143235+00:00,4.78,7.63,0.619622,1.188,5.4,1,1,3.9600336580277067
syn_00197,Dumb Charging,2020-01-17T08:57:46.951636+00:00,2020-01-17T15:34:45.156215+00:00,13.98,6.62,2.903429,3.168,14.4,1,1,0.0
syn_00197,Smart Price,2020-01-17T08:57:46.951636+00:00,2020-01-17T15:34:45.156215+00:00,13.98,6.62,2.903429,3.168,14.4,1,1,0.0
syn_00197,Proposed Method,2020-01-17T08:57:46.951636+00:00,2020-01-17T15:34:45.156215+00:00,13.98,6.62,1.848347,3.168,14.4,1,1,7.658911266501855
syn_00198,Dumb Charging,2020-04-20T18:53:43.077191+00:00,2020-04-20T23:08:05.310948+00:00,7.37,4.24,2.570141,3.42,9.0,1,1,0.0
syn_00198,Smart Price,2020-04-20T18:53:43.077191+00:00,2020-04-20T23:08:05.310948+00:00,7.37,4.24,2.666644,1.98,9.0,1,1,0.0
syn_00198,Proposed Method,2020-04-20T18:53:43.077191+00:00,2020-04-20T23:08:05.310948+00:00,7.37,4.24,2.585883,1.98,9.0,1,1,8.690899813827464
syn_00199,Dumb Charging,2020-11-15T09:52:00.300005+00:00,2020-11-15T23:38:11.376814+00:00,11.49,13.77,1.934851,2.772,12.6,1,1,0.0
syn_00199,Smart Price,2020-11-15T09:52:00.300005+00:00,2020-11-15T23:38:11.376814+00:00,11.49,13.77,2.561589,2.34,12.6,2,2,0.0
syn_00199,Proposed Method,2020-11-15T09:52:00.300005+00:00,2020-11-15T23:38:11.376814+00:00,11.49,13.77,1.934851,2.772,12.6,1,1,7.65161997831843
syn_00200,Dumb Charging,2020-06-04T15:20:02.135596+00:00,2020-06-04T20:55:29.280601+00:00,11.65,5.59,2.530831,3.924,12.6,1,1,0.0
syn_00200,Smart Price,2020-06-04T15:20:02.135596+00:00,2020-06-04T20:55:29.280601+00:00,11.65,5.59,2.530831,3.924,12.6,1,1,0.0
syn_00200,Proposed Method,2020-06-04T15:20:02.135596+00:00,2020-06-04T20:55:29.280601+00:00,11.65,5.59,2.530831,3.924,12.6,1,1,9.541532218456263
syn_00201,Dumb Charging,2020-02-05T08:03:53.139627+00:00,2020-02-05T20:33:05.517087+00:00,9.92,12.49,2.26518,2.376,10.8,1,1,0.0
syn_00201,Smart Price,2020-02-05T08:03:53.139627+00:00,2020-02-05T20:33:05.517087+00:00,9.92,12.49,2.26518,2.376,10.8,1,1,0.0
syn_00201,Proposed Method,2020-02-05T08:03:53.139627+00:00,2020-02-05T20:33:05.517087+00:00,9.92,12.49,1.075242,2.376,10.8,1,1,7.558504811365144
syn_00202,Dumb Charging,2020-07-10T04:23:35.065645+00:00,2020-07-10T13:22:18.086558+00:00,15.82,8.98,2.456117,1.62,16.2,1,1,0.0
syn_00202,Smart Price,2020-07-10T04:23:35.065645+00:00,2020-07-10T13:22:18.086558+00:00,15.82,8.98,2.456117,1.62,16.2,1,1,0.0
syn_00202,Proposed Method,2020-07-10T04:23:35.065645+00:00,2020-07-10T13:22:18.086558+00:00,15.82,8.98,2.456117,1.62,16.2,1,1,8.224814421457694
syn_00203,Dumb Charging,2020-09-25T20:10:35.587971+00:00,2020-09-26T01:35:24.196616+00:00,18.9,5.41,7.467384,5.508,19.8,1,1,0.0
syn_00203,Smart Price,2020-09-25T20:10:35.587971+00:00,2020-09-26T01:35:24.196616+00:00,18.9,5.41,5.144987,2.412,19.8,2,2,0.0
syn_00203,Proposed Method,2020-09-25T20:10:35.587971+00:00,2020-09-26T01:35:24.196616+00:00,18.9,5.41,4.948163,2.412,19.8,1,1,14.11484116564732
syn_00204,Dumb Charging,2020-03-26T09:12:35.131475+00:00,2020-03-26T13:31:25.715540+00:00,9.48,4.31,2.05473,2.376,10.8,1,1,0.0
syn_00204,Smart Price,2020-03-26T09:12:35.131475+00:00,2020-03-26T13:31:25.715540+00:00,9.48,4.31,2.05473,2.376,10.8,1,1,0.0
syn_00204,Proposed Method,2020-03-26T09:12:35.131475+00:00,2020-03-26T13:31:25.715540+00:00,9.48,4.31,1.237187,2.376,10.8,1,1,5.915532227026349
syn_00205,Dumb Charging,2020-11-23T10:40:00.286557+00:00,2020-11-23T16:04:49.282493+00:00,26.91,5.41,3.897219,5.94,27.0,1,1,0.0
syn_00205,Smart Price,2020-11-23T10:40:00.286557+00:00,2020-11-23T16:04:49.282493+00:00,26.91,5.41,3.897219,5.94,27.0,1,1,0.0
syn_00205,Proposed Method,2020-11-23T10:40:00.286557+00:00,2020-11-23T16:04:49.282493+00:00,26.91,5.41,3.897219,5.94,27.0,1,1,13.561904301674032
syn_00206,Dumb Charging,2020-02-18T15:04:26.987781+00:00,2020-02-19T00:42:08.868648+00:00,33.72,9.63,8.61636,11.844,34.2,1,1,0.0
syn_00206,Smart Price,2020-02-18T15:04:26.987781+00:00,2020-02-19T00:42:08.868648+00:00,33.72,9.63,8.332687,6.516,34.2,2,2,0.0
syn_00206,Proposed Method,2020-02-18T15:04:26.987781+00:00,2020-02-19T00:42:08.868648+00:00,33.72,9.63,7.62712,7.956,34.2,2,2,24.792934145078686
syn_00207,Dumb Charging,2020-11-06T08:02:46.609275+00:00,2020-11-06T12:50:10.039550+00:00,15.98,4.79,3.821747,3.564,16.2,1,1,0.0
syn_00207,Smart Price,2020-11-06T08:02:46.609275+00:00,2020-11-06T12:50:10.039550+00:00,15.98,4.79,3.821747,3.564,16.2,1,1,0.0
syn_00207,Proposed Method,2020-11-06T08:02:46.609275+00:00,2020-11-06T12:50:10.039550+00:00,15.98,4.79,2.336447,3.564,16.2,1,1,8.932987917789628
syn_00208,Dumb Charging,2020-01-02T14:38:47.488706+00:00,2020-01-02T21:26:03.891719+00:00,19.07,6.79,3.994032,5.796,19.8,1,1,0.0
syn_00208,Smart Price,2020-01-02T14:38:47.488706+00:00,2020-01-02T21:26:03.891719+00:00,19.07,6.79,4.108447,5.508,19.8,2,2,0.0
syn_00208,Proposed Method,2020-01-02T14:38:47.488706+00:00,2020-01-02T21:26:03.891719+00:00,19.07,6.79,3.994032,5.796,19.8,1,1,13.70334068270592
syn_00209,Dumb Charging,2020-10-10T09:13:37.703510+00:00,2020-10-10T16:38:18.449617+00:00,19.47,7.41,3.804966,4.356,19.8,1,1,0.0
syn_00209,Smart Price,2020-10-10T09:13:37.703510+00:00,2020-10-10T16:38:18.449617+00:00,19.47,7.41,3.804966,4.356,19.8,1,1,0.0
syn_00209,Proposed Method,2020-10-10T09:13:37.703510+00:00,2020-10-10T16:38:18.449617+00:00,19.47,7.41,3.408348,4.644,19.8,1,1,11.836126897581455
syn_00210,Dumb Charging,2020-02-02T17:37:09.264590+00:00,2020-02-03T03:32:29.140730+00:00,7.46,9.92,2.592288,3.42,9.0,1,1,0.0
syn_00210,Smart Price,2020-02-02T17:37:09.264590+00:00,2020-02-03T03:32:29.140730+00:00,7.46,9.92,2.03778,0.9,9.0,1,1,0.0
syn_00210,Proposed Method,2020-02-02T17:37:09.264590+00:00,2020-02-03T03:32:29.140730+00:00,7.46,9.92,1.219717,0.9,9.0,1,1,5.139018528399197
syn_00211,Dumb Charging,2020-06-24T11:49:15.126221+00:00,2020-06-24T23:12:49.318693+00:00,16.89,11.39,2.060706,3.96,18.0,1,1,0.0
syn_00211,Smart Price,2020-06-24T11:49:15.126221+00:00,2020-06-24T23:12:49.318693+00:00,16.89,11.39,2.060706,3.96,18.0,1,1,0.0
syn_00211,Proposed Method,2020-06-24T11:49:15.126221+00:00,2020-06-24T23:12:49.318693+00:00,16.89,11.39,2.060706,3.96,18.0,1,1,8.523082309920014
syn_00212,Dumb Charging,2020-01-01T19:24:02.205059+00:00,2020-01-02T03:56:23.701698+00:00,12.02,8.54,4.749903,4.788,12.6,1,1,0.0
syn_00212,Smart Price,2020-01-01T19:24:02.205059+00:00,2020-01-02T03:56:23.701698+00:00,12.02,8.54,2.702711,1.26,12.6,1,1,0.0
syn_00212,Proposed Method,2020-01-01T19:24:02.205059+00:00,2020-01-02T03:56:23.701698+00:00,12.02,8.54,1.931009,1.26,12.6,1,1,6.8871498198848
syn_00213,Dumb Charging,2020-04-27T00:12:29.580741+00:00,2020-04-27T09:09:22.793859+00:00,2.0,8.95,0.445359,0.36,3.6,1,1,0.0
syn_00213,Smart Price,2020-04-27T00:12:29.580741+00:00,2020-04-27T09:09:22.793859+00:00,2.0,8.95,0.445359,0.36,3.6,1,1,0.0
syn_00213,Proposed Method,2020-04-27T00:12:29.580741+00:00,2020-04-27T09:09:22.793859+00:00,2.0,8.95,0.445359,0.36,3.6,1,1,3.161850111777799
syn_00214,Dumb Charging,2020-05-15T10:25:57.316842+00:00,2020-05-15T14:33:52.874724+00:00,9.71,4.13,1.098938,2.376,10.8,1,1,0.0
syn_00214,Smart Price,2020-05-15T10:25:57.316842+00:00,2020-05-15T14:33:52.874724+00:00,9.71,4.13,1.098938,2.376,10.8,1,1,0.0
syn_00214,Proposed Method,2020-05-15T10:25:57.316842+00:00,2020-05-15T14:33:52.874724+00:00,9.71,4.13,1.098938,2.376,10.8,1,1,5.610745020619504
syn_00215,Dumb Charging,2020-06-20T07:32:52.474579+00:00,2020-06-21T03:32:52.474579+00:00,14.86,20.0,3.317354,3.132,16.2,1,1,0.0
syn_00215,Smart Price,2020-06-20T07:32:52.474579+00:00,2020-06-21T03:32:52.474579+00:00,14.86,20.0,3.159265,1.62,16.2,2,2,0.0
syn_00215,Proposed Method,2020-06-20T07:32:52.474579+00:00,2020-06-21T03:32:52.474579+00:00,14.86,20.0,2.272663,1.62,16.2,1,1,7.820369279626934
syn_00216,Dumb Charging,2020-08-20T09:23:35.092855+00:00,2020-08-20T13:52:10.275598+00:00,13.93,4.48,2.621472,3.168,14.4,1,1,0.0
syn_00216,Smart Price,2020-08-20T09:23:35.092855+00:00,2020-08-20T13:52:10.275598+00:00,13.93,4.48,2.621472,3.168,14.4,1,1,0.0
syn_00216,Proposed Method,2020-08-20T09:23:35.092855+00:00,2020-08-20T13:52:10.275598+00:00,13.93,4.48,1.977738,3.168,14.4,1,1,7.9441692385364915
syn_00217,Dumb Charging,2020-10-16T04:54:20.790156+00:00,2020-10-16T11:24:27.384911+00:00,9.53,6.5,1.866338,1.08,10.8,1,1,0.0
syn_00217,Smart Price,2020-10-16T04:54:20.790156+00:00,2020-10-16T11:24:27.384911+00:00,9.53,6.5,1.866338,1.08,10.8,1,1,0.0
syn_00217,Proposed Method,2020-10-16T04:54:20.790156+00:00,2020-10-16T11:24:27.384911+00:00,9.53,6.5,1.866338,1.08,10.8,1,1,6.6545741828681635
syn_00218,Dumb Charging,2020-05-25T08:09:05.805909+00:00,2020-05-25T15:09:30.990403+00:00,17.01,7.01,3.460392,3.96,18.0,1,1,0.0
syn_00218,Smart Price,2020-05-25T08:09:05.805909+00:00,2020-05-25T15:09:30.990403+00:00,17.01,7.01,3.460392,3.96,18.0,1,1,0.0
syn_00218,Proposed Method,2020-05-25T08:09:05.805909+00:00,2020-05-25T15:09:30.990403+00:00,17.01,7.01,1.91088,3.96,18.0,1,1,8.192773681209468
syn_00219,Dumb Charging,2020-06-16T15:00:02.071954+00:00,2020-06-16T19:23:24.127496+00:00,28.87,4.39,7.063374,10.476,30.6,1,1,0.0
syn_00219,Smart Price,2020-06-16T15:00:02.071954+00:00,2020-06-16T19:23:24.127496+00:00,28.87,4.39,7.063374,10.476,30.6,1,1,0.0
syn_00219,Proposed Method,2020-06-16T15:00:02.071954+00:00,2020-06-16T19:23:24.127496+00:00,28.87,4.39,7.063374,10.476,30.6,1,1,20.81008584814052
syn_00220,Dumb Charging,2020-04-20T10:19:53.177261+00:00,2020-04-20T19:38:49.152437+00:00,5.94,9.32,0.658466,1.584,7.2,1,1,0.0
syn_00220,Smart Price,2020-04-20T10:19:53.177261+00:00,2020-04-20T19:38:49.152437+00:00,5.94,9.32,0.658466,1.584,7.2,1,1,0.0
syn_00220,Proposed Method,2020-04-20T10:19:53.177261+00:00,2020-04-20T19:38:49.152437+00:00,5.94,9.32,0.658466,1.584,7.2,1,1,4.243669931991294
syn_00221,Dumb Charging,2020-08-28T11:12:24.297398+00:00,2020-08-28T20:07:00.906346+00:00,21.74,8.91,3.247121,5.148,23.4,1,1,0.0
syn_00221,Smart Price,2020-08-28T11:12:24.297398+00:00,2020-08-28T20:07:00.906346+00:00,21.74,8.91,3.247121,5.148,23.4,1,1,0.0
syn_00221,Proposed Method,2020-08-28T11:12:24.297398+00:00,2020-08-28T20:07:00.906346+00:00,21.74,8.91,3.247121,5.148,23.4,1,1,11.732682846405346
syn_00222,Dumb Charging,2020-12-26T16:23:41.137732+00:00,2020-12-26T22:11:56.740984+00:00,25.09,5.8,8.006765,9.576,25.2,1,1,0.0
syn_00222,Smart Price,2020-12-26T16:23:41.137732+00:00,2020-12-26T22:11:56.740984+00:00,25.09,5.8,8.101541,8.424,25.2,2,2,0.0
syn_00222,Proposed Method,2020-12-26T16:23:41.137732+00:00,2020-12-26T22:11:56.740984+00:00,25.09,5.8,8.006765,9.576,25.2,1,1,24.439909565813267
syn_00223,Dumb Charging,2020-06-13T20:35:19.464393+00:00,2020-06-14T10:50:52.667723+00:00,13.93,14.26,4.401523,3.744,14.4,1,1,0.0
syn_00223,Smart Price,2020-06-13T20:35:19.464393+00:00,2020-06-14T10:50:52.667723+00:00,13.93,14.26,2.720372,1.44,14.4,1,1,0.0
syn_00223,Proposed Method,2020-06-13T20:35:19.464393+00:00,2020-06-14T10:50:52.667723+00:00,13.93,14.26,1.835562,1.44,14.4,1,1,8.766723745572072
syn_00224,Dumb Charging,2020-11-22T17:14:32.481235+00:00,2020-11-23T01:07:50.402268+00:00,24.39,7.89,8.894838,9.576,25.2,1,1,0.0
syn_00224,Smart Price,2020-11-22T17:14:32.481235+00:00,2020-11-23T01:07:50.402268+00:00,24.39,7.89,7.662345,4.032,25.2,2,2,0.0
syn_00224,Proposed Method,2020-11-22T17:14:32.481235+00:00,2020-11-23T01:07:50.402268+00:00,24.39,7.89,7.538711,4.032,25.2,1,1,20.63602728136574
syn_00225,Dumb Charging,2020-07-24T15:32:29.134058+00:00,2020-07-24T21:32:50.831302+00:00,21.77,6.01,5.802341,8.316,23.4,1,1,0.0
syn_00225,Smart Price,2020-07-24T15:32:29.134058+00:00,2020-07-24T21:32:50.831302+00:00,21.77,6.01,6.093669,7.74,23.4,2,2,0.0
syn_00225,Proposed Method,2020-07-24T15:32:29.134058+00:00,2020-07-24T21:32:50.831302+00:00,21.77,6.01,5.802341,8.316,23.4,1,1,18.949983630377325
syn_00226,Dumb Charging,2020-04-04T11:00:36.855816+00:00,2020-04-04T17:08:11.277552+00:00,23.42,6.13,2.583425,5.544,25.2,1,1,0.0
syn_00226,Smart Price,2020-04-04T11:00:36.855816+00:00,2020-04-04T17:08:11.277552+00:00,23.42,6.13,2.583425,5.544,25.2,1,1,0.0
syn_00226,Proposed Method,2020-04-04T11:00:36.855816+00:00,2020-04-04T17:08:11.277552+00:00,23.42,6.13,2.583425,5.544,25.2,1,1,10.467482759448313
syn_00227,Dumb Charging,2020-02-15T05:17:44.018661+00:00,2020-02-15T20:29:36.192495+00:00,11.02,15.2,1.870954,1.26,12.6,1,1,0.0
syn_00227,Smart Price,2020-02-15T05:17:44.018661+00:00,2020-02-15T20:29:36.192495+00:00,11.02,15.2,1.870954,1.26,12.6,1,1,0.0
syn_00227,Proposed Method,2020-02-15T05:17:44.018661+00:00,2020-02-15T20:29:36.192495+00:00,11.02,15.2,1.870954,1.26,12.6,1,1,6.754751529713028
syn_00228,Dumb Charging,2020-12-09T05:56:12.712265+00:00,2020-12-09T13:31:16.365320+00:00,12.63,7.58,2.445491,1.44,14.4,1,1,0.0
syn_00228,Smart Price,2020-12-09T05:56:12.712265+00:00,2020-12-09T13:31:16.365320+00:00,12.63,7.58,2.445491,1.44,14.4,1,1,0.0
syn_00228,Proposed Method,2020-12-09T05:56:12.712265+00:00,2020-12-09T13:31:16.365320+00:00,12.63,7.58,2.046246,3.168,14.4,1,1,8.095204359381231
syn_00229,Dumb Charging,2020-11-10T10:51:32.781227+00:00,2020-11-10T19:37:00.638915+00:00,17.99,8.76,2.607601,3.96,18.0,1,1,0.0
syn_00229,Smart Price,2020-11-10T10:51:32.781227+00:00,2020-11-10T19:37:00.638915+00:00,17.99,8.76,2.607601,3.96,18.0,1,1,0.0
syn_00229,Proposed Method,2020-11-10T10:51:32.781227+00:00,2020-11-10T19:37:00.638915+00:00,17.99,8.76,2.607601,3.96,18.0,1,1,9.728780585637972
syn_00230,Dumb Charging,2020-09-27T02:40:34.103909+00:00,2020-09-27T08:50:03.542920+00:00,4.02,6.16,0.97178,0.54,5.4,1,1,0.0
syn_00230,Smart Price,2020-09-27T02:40:34.103909+00:00,2020-09-27T08:50:03.542920+00:00,4.02,6.16,0.97178,0.54,5.4,1,1,0.0
syn_00230,Proposed Method,2020-09-27T02:40:34.103909+00:00,2020-09-27T08:50:03.542920+00:00,4.02,6.16,0.97178,0.54,5.4,1,1,4.412410542759863
syn_00231,Dumb Charging,2020-03-14T08:59:09.963900+00:00,2020-03-14T21:26:56.848364+00:00,30.34,12.46,4.399695,6.732,30.6,1,1,0.0
syn_00231,Smart Price,2020-03-14T08:59:09.963900+00:00,2020-03-14T21:26:56.848364+00:00,30.34,12.46,4.399695,6.732,30.6,1,1,0.0
syn_00231,Proposed Method,2020-03-14T08:59:09.963900+00:00,2020-03-14T21:26:56.848364+00:00,30.34,12.46,3.208318,6.732,30.6,1,1,14.43913596075489
syn_00232,Dumb Charging,2020-07-08T17:58:13.160010+00:00,2020-07-08T23:38:42.559744+00:00,14.87,5.67,5.041407,6.156,16.2,1,1,0.0
syn_00232,Smart Price,2020-07-08T17:58:13.160010+00:00,2020-07-08T23:38:42.559744+00:00,14.87,5.67,5.091747,3.348,16.2,1,1,0.0
syn_00232,Proposed Method,2020-07-08T17:58:13.160010+00:00,2020-07-08T23:38:42.559744+00:00,14.87,5.67,5.091747,3.348,16.2,1,1,14.899388814061481
syn_00233,Dumb Charging,2020-05-25T15:53:04.046309+00:00,2020-05-26T02:56:20.315345+00:00,22.34,11.05,5.101626,8.604,23.4,1,1,0.0
syn_00233,Smart Price,2020-05-25T15:53:04.046309+00:00,2020-05-26T02:56:20.315345+00:00,22.34,11.05,3.583277,2.34,23.4,1,1,0.0
syn_00233,Proposed Method,2020-05-25T15:53:04.046309+00:00,2020-05-26T02:56:20.315345+00:00,22.34,11.05,3.202933,2.34,23.4,1,1,10.231263372213878
syn_00234,Dumb Charging,2020-04-29T11:05:44.516530+00:00,2020-04-29T18:52:15.901667+00:00,9.42,7.78,1.210391,2.376,10.8,1,1,0.0
syn_00234,Smart Price,2020-04-29T11:05:44.516530+00:00,2020-04-29T18:52:15.901667+00:00,9.42,7.78,1.210391,2.376,10.8,1,1,0.0
syn_00234,Proposed Method,2020-04-29T11:05:44.516530+00:00,2020-04-29T18:52:15.901667+00:00,9.42,7.78,1.210391,2.376,10.8,1,1,5.856458520364299
syn_00235,Dumb Charging,2020-04-27T07:23:13.244169+00:00,2020-04-27T17:04:44.319562+00:00,8.39,9.69,1.532256,1.332,9.0,1,1,0.0
syn_00235,Smart Price,2020-04-27T07:23:13.244169+00:00,2020-04-27T17:04:44.319562+00:00,8.39,9.69,1.532256,1.332,9.0,1,1,0.0
syn_00235,Proposed Method,2020-04-27T07:23:13.244169+00:00,2020-04-27T17:04:44.319562+00:00,8.39,9.69,1.532256,1.332,9.0,1,1,6.044049838472448
syn_00236,Dumb Charging,2020-12-07T16:35:30.706192+00:00,2020-12-08T00:23:50.373108+00:00,27.9,7.81,9.447963,10.944,28.8,1,1,0.0
syn_00236,Smart Price,2020-12-07T16:35:30.706192+00:00,2020-12-08T00:23:50.373108+00:00,27.9,7.81,8.682268,6.12,28.8,2,2,0.0
syn_00236,Proposed Method,2020-12-07T16:35:30.706192+00:00,2020-12-08T00:23:50.373108+00:00,27.9,7.81,9.491511,6.12,28.8,1,1,25.98521671670408
syn_00237,Dumb Charging,2020-12-23T13:24:57.757318+00:00,2020-12-23T21:22:47.865478+00:00,19.04,7.96,3.018245,4.356,19.8,1,1,0.0
syn_00237,Smart Price,2020-12-23T13:24:57.757318+00:00,2020-12-23T21:22:47.865478+00:00,19.04,7.96,3.018245,4.356,19.8,1,1,0.0
syn_00237,Proposed Method,2020-12-23T13:24:57.757318+00:00,2020-12-23T21:22:47.865478+00:00,19.04,7.96,3.018245,4.356,19.8,1,1,10.832096159446861
syn_00238,Dumb Charging,2020-04-21T08:32:20.200873+00:00,2020-04-21T23:49:34.627946+00:00,11.31,15.29,2.457206,2.772,12.6,1,1,0.0
syn_00238,Smart Price,2020-04-21T08:32:20.200873+00:00,2020-04-21T23:49:34.627946+00:00,11.31,15.29,2.864651,2.124,12.6,2,2,0.0
syn_00238,Proposed Method,2020-04-21T08:32:20.200873+00:00,2020-04-21T23:49:34.627946+00:00,11.31,15.29,1.212148,2.772,12.6,1,1,8.058331800589535
syn_00239,Dumb Charging,2020-04-04T15:42:40.556734+00:00,2020-04-04T22:52:51.741660+00:00,7.82,7.17,1.657773,2.844,9.0,1,1,0.0
syn_00239,Smart Price,2020-04-04T15:42:40.556734+00:00,2020-04-04T22:52:51.741660+00:00,7.82,7.17,2.241427,1.98,9.0,2,2,0.0
syn_00239,Proposed Method,2020-04-04T15:42:40.556734+00:00,2020-04-04T22:52:51.741660+00:00,7.82,7.17,1.657773,2.844,9.0,1,1,7.076766390490548
syn_00240,Dumb Charging,2020-06-14T16:50:43.035505+00:00,2020-06-14T23:32:29.764094+00:00,7.62,6.7,2.092067,3.42,9.0,1,1,0.0
syn_00240,Smart Price,2020-06-14T16:50:43.035505+00:00,2020-06-14T23:32:29.764094+00:00,7.62,6.7,2.562,1.764,9.0,2,2,0.0
syn_00240,Proposed Method,2020-06-14T16:50:43.035505+00:00,2020-06-14T23:32:29.764094+00:00,7.62,6.7,2.092067,3.42,9.0,1,1,8.322221094825721
syn_00241,Dumb Charging,2020-10-18T04:13:17.821995+00:00,2020-10-18T08:54:10.251861+00:00,17.05,4.68,3.259798,1.8,18.0,1,1,0.0
syn_00241,Smart Price,2020-10-18T04:13:17.821995+00:00,2020-10-18T08:54:10.251861+00:00,17.05,4.68,3.259798,1.8,18.0,1,1,0.0
syn_00241,Proposed Method,2020-10-18T04:13:17.821995+00:00,2020-10-18T08:54:10.251861+00:00,17.05,4.68,3.259798,1.8,18.0,1,1,10.086631277412996
syn_00242,Dumb Charging,2020-01-10T15:49:36.587387+00:00,2020-01-11T06:58:17.476995+00:00,17.22,15.14,4.34883,6.552,18.0,1,1,0.0
syn_00242,Smart Price,2020-01-10T15:49:36.587387+00:00,2020-01-11T06:58:17.476995+00:00,17.22,15.14,3.584111,1.8,18.0,1,1,0.0
syn_00242,Proposed Method,2020-01-10T15:49:36.587387+00:00,2020-01-11T06:58:17.476995+00:00,17.22,15.14,2.600933,1.8,18.0,1,1,8.634080921003218
syn_00243,Dumb Charging,2020-06-03T10:17:52.020079+00:00,2020-06-03T17:55:09.009649+00:00,15.9,7.62,1.883093,3.564,16.2,1,1,0.0
syn_00243,Smart Price,2020-06-03T10:17:52.020079+00:00,2020-06-03T17:55:09.009649+00:00,15.9,7.62,1.883093,3.564,16.2,1,1,0.0
syn_00243,Proposed Method,2020-06-03T10:17:52.020079+00:00,2020-06-03T17:55:09.009649+00:00,15.9,7.62,1.883093,3.564,16.2,1,1,7.933513501760937
syn_00244,Dumb Charging,2020-03-22T04:22:08.847813+00:00,2020-03-22T14:36:44.676494+00:00,12.6,10.24,1.693735,1.26,12.6,1,1,0.0
syn_00244,Smart Price,2020-03-22T04:22:08.847813+00:00,2020-03-22T14:36:44.676494+00:00,12.6,10.24,1.693735,1.26,12.6,1,1,0.0
syn_00244,Proposed Method,2020-03-22T04:22:08.847813+00:00,2020-03-22T14:36:44.676494+00:00,12.6,10.24,1.693735,1.26,12.6,1,1,6.364048560521624
syn_00245,Dumb Charging,2020-08-30T09:01:31.860769+00:00,2020-08-30T20:01:14.870220+00:00,16.58,11.0,3.399542,3.96,18.0,1,1,0.0
syn_00245,Smart Price,2020-08-30T09:01:31.860769+00:00,2020-08-30T20:01:14.870220+00:00,16.58,11.0,3.399542,3.96,18.0,1,1,0.0
syn_00245,Proposed Method,2020-08-30T09:01:31.860769+00:00,2020-08-30T20:01:14.870220+00:00,16.58,11.0,2.337869,3.96,18.0,1,1,11.134123870673168
syn_00246,Dumb Charging,2020-01-01T16:51:57.035307+00:00,2020-01-02T09:08:24.841937+00:00,20.02,16.27,6.421636,8.208,21.6,1,1,0.0
syn_00246,Smart Price,2020-01-01T16:51:57.035307+00:00,2020-01-02T09:08:24.841937+00:00,20.02,16.27,4.033852,2.16,21.6,1,1,0.0
syn_00246,Proposed Method,2020-01-01T16:51:57.035307+00:00,2020-01-02T09:08:24.841937+00:00,20.02,16.27,3.13285,2.16,21.6,1,1,11.986758451124903
syn_00247,Dumb Charging,2020-12-28T19:29:02.111977+00:00,2020-12-29T08:29:06.806287+00:00,21.51,13.0,7.673395,6.768,21.6,1,1,0.0
syn_00247,Smart Price,2020-12-28T19:29:02.111977+00:00,2020-12-29T08:29:06.806287+00:00,21.51,13.0,4.325794,2.16,21.6,1,1,0.0
syn_00247,Proposed Method,2020-12-28T19:29:02.111977+00:00,2020-12-29T08:29:06.806287+00:00,21.51,13.0,4.029102,2.376,21.6,1,1,12.07065710417878
syn_00248,Dumb Charging,2020-03-17T14:48:19.168743+00:00,2020-03-18T01:17:40.871101+00:00,6.6,10.49,1.016004,1.584,7.2,1,1,0.0
syn_00248,Smart Price,2020-03-17T14:48:19.168743+00:00,2020-03-18T01:17:40.871101+00:00,6.6,10.49,1.83979,0.72,7.2,1,1,0.0
syn_00248,Proposed Method,2020-03-17T14:48:19.168743+00:00,2020-03-18T01:17:40.871101+00:00,6.6,10.49,0.86762,0.72,7.2,1,1,4.272775417418973
syn_00249,Dumb Charging,2020-01-19T19:36:25.668488+00:00,2020-01-20T06:51:15.218921+00:00,36.32,11.25,11.228741,8.532,37.8,1,1,0.0
syn_00249,Smart Price,2020-01-19T19:36:25.668488+00:00,2020-01-20T06:51:15.218921+00:00,36.32,11.25,6.523716,3.78,37.8,1,1,0.0
syn_00249,Proposed Method,2020-01-19T19:36:25.668488+00:00,2020-01-20T06:51:15.218921+00:00,36.32,11.25,5.691765,3.78,37.8,1,1,16.43820490163908
syn_00250,Dumb Charging,2020-09-17T08:16:43.278272+00:00,2020-09-17T16:03:16.138732+00:00,15.6,7.78,4.144994,3.564,16.2,1,1,0.0
syn_00250,Smart Price,2020-09-17T08:16:43.278272+00:00,2020-09-17T16:03:16.138732+00:00,15.6,7.78,4.144994,3.564,16.2,1,1,0.0
syn_00250,Proposed Method,2020-09-17T08:16:43.278272+00:00,2020-09-17T16:03:16.138732+00:00,15.6,7.78,2.711774,3.564,16.2,1,1,9.760442246494204
syn_00251,Dumb Charging,2020-10-19T07:54:58.279410+00:00,2020-10-19T16:43:38.396286+00:00,8.22,8.81,2.23312,1.764,9.0,1,1,0.0
syn_00251,Smart Price,2020-10-19T07:54:58.279410+00:00,2020-10-19T16:43:38.396286+00:00,8.22,8.81,2.23312,1.764,9.0,1,1,0.0
syn_00251,Proposed Method,2020-10-19T07:54:58.279410+00:00,2020-10-19T16:43:38.396286+00:00,8.22,8.81,1.138146,1.98,9.0,1,1,7.499184242488425
syn_00252,Dumb Charging,2020-07-05T06:45:02.015947+00:00,2020-07-05T13:19:03.882915+00:00,13.32,6.57,2.739574,2.088,14.4,1,1,0.0
syn_00252,Smart Price,2020-07-05T06:45:02.015947+00:00,2020-07-05T13:19:03.882915+00:00,13.32,6.57,2.739574,2.088,14.4,1,1,0.0
syn_00252,Proposed Method,2020-07-05T06:45:02.015947+00:00,2020-07-05T13:19:03.882915+00:00,13.32,6.57,1.94931,3.168,14.4,1,1,7.881495833349373
syn_00253,Dumb Charging,2020-01-20T20:32:33.656944+00:00,2020-01-21T03:34:36.600490+00:00,12.85,7.03,4.963555,3.744,14.4,1,1,0.0
syn_00253,Smart Price,2020-01-20T20:32:33.656944+00:00,2020-01-21T03:34:36.600490+00:00,12.85,7.03,3.071196,1.44,14.4,1,1,0.0
syn_00253,Proposed Method,2020-01-20T20:32:33.656944+00:00,2020-01-21T03:34:36.600490+00:00,12.85,7.03,2.291325,1.44,14.4,1,1,7.7715119353318105
syn_00254,Dumb Charging,2020-01-24T16:28:25.871344+00:00,2020-01-24T21:43:04.065495+00:00,34.09,5.24,10.460595,12.996,34.2,1,1,0.0
syn_00254,Smart Price,2020-01-24T16:28:25.871344+00:00,2020-01-24T21:43:04.065495+00:00,34.09,5.24,10.523038,12.708,34.2,2,2,0.0
syn_00254,Proposed Method,2020-01-24T16:28:25.871344+00:00,2020-01-24T21:43:04.065495+00:00,34.09,5.24,10.460595,12.996,34.2,1,1,31.559682699843346
syn_00255,Dumb Charging,2020-11-10T12:51:55.197893+00:00,2020-11-10T20:29:09.281359+00:00,15.22,7.62,2.235263,3.564,16.2,1,1,0.0
syn_00255,Smart Price,2020-11-10T12:51:55.197893+00:00,2020-11-10T20:29:09.281359+00:00,15.22,7.62,2.235263,3.564,16.2,1,1,0.0
syn_00255,Proposed Method,2020-11-10T12:51:55.197893+00:00,2020-11-10T20:29:09.281359+00:00,15.22,7.62,2.235263,3.564,16.2,1,1,8.709915988200496
syn_00256,Dumb Charging,2020-03-14T20:26:15.324022+00:00,2020-03-14T22:45:15.868356+00:00,4.48,2.32,1.689813,2.052,5.4,1,1,0.0
syn_00256,Smart Price,2020-03-14T20:26:15.324022+00:00,2020-03-14T22:45:15.868356+00:00,4.48,2.32,1.380345,1.188,5.4,1,1,0.0
syn_00256,Proposed Method,2020-03-14T20:26:15.324022+00:00,2020-03-14T22:45:15.868356+00:00,4.48,2.32,1.389659,1.188,5.4,1,1,5.6576753449894985
syn_00257,Dumb Charging,2020-07-03T09:02:36.901125+00:00,2020-07-03T19:28:38.644081+00:00,19.76,10.43,3.050035,4.356,19.8,1,1,0.0
syn_00257,Smart Price,2020-07-03T09:02:36.901125+00:00,2020-07-03T19:28:38.644081+00:00,19.76,10.43,3.050035,4.356,19.8,1,1,0.0
syn_00257,Proposed Method,2020-07-03T09:02:36.901125+00:00,2020-07-03T19:28:38.644081+00:00,19.76,10.43,3.050035,4.356,19.8,1,1,10.902180843442085
syn_00258,Dumb Charging,2020-05-03T12:05:26.110354+00:00,2020-05-03T20:11:30.917892+00:00,26.51,8.1,3.326251,5.94,27.0,1,1,0.0
syn_00258,Smart Price,2020-05-03T12:05:26.110354+00:00,2020-05-03T20:11:30.917892+00:00,26.51,8.1,3.326251,5.94,27.0,1,1,0.0
syn_00258,Proposed Method,2020-05-03T12:05:26.110354+00:00,2020-05-03T20:11:30.917892+00:00,26.51,8.1,3.326251,5.94,27.0,1,1,12.303133910874157
syn_00259,Dumb Charging,2020-03-05T07:18:55.983311+00:00,2020-03-05T17:47:22.851765+00:00,15.9,10.47,2.935107,2.916,16.2,1,1,0.0
syn_00259,Smart Price,2020-03-05T07:18:55.983311+00:00,2020-03-05T17:47:22.851765+00:00,15.9,10.47,2.935107,2.916,16.2,1,1,0.0
syn_00259,Proposed Method,2020-03-05T07:18:55.983311+00:00,2020-03-05T17:47:22.851765+00:00,15.9,10.47,1.648155,3.564,16.2,1,1,9.415562262814285
syn_00260,Dumb Charging,2020-03-08T12:05:53.720675+00:00,2020-03-08T15:44:06.904294+00:00,7.3,3.64,1.050674,1.98,9.0,1,1,0.0
syn_00260,Smart Price,2020-03-08T12:05:53.720675+00:00,2020-03-08T15:44:06.904294+00:00,7.3,3.64,1.050674,1.98,9.0,1,1,0.0
syn_00260,Proposed Method,2020-03-08T12:05:53.720675+00:00,2020-03-08T15:44:06.904294+00:00,7.3,3.64,1.050674,1.98,9.0,1,1,5.306341865350344
syn_00261,Dumb Charging,2020-11-15T16:29:26.821178+00:00,2020-11-15T19:58:06.115770+00:00,8.24,3.48,2.642247,3.42,9.0,1,1,0.0
syn_00261,Smart Price,2020-11-15T16:29:26.821178+00:00,2020-11-15T19:58:06.115770+00:00,8.24,3.48,2.642247,3.42,9.0,1,1,0.0
syn_00261,Proposed Method,2020-11-15T16:29:26.821178+00:00,2020-11-15T19:58:06.115770+00:00,8.24,3.48,2.642247,3.42,9.0,1,1,9.535163323150071
syn_00262,Dumb Charging,2020-09-29T20:36:12.542024+00:00,2020-09-30T02:37:03.704274+00:00,11.96,6.01,4.656009,3.348,12.6,1,1,0.0
syn_00262,Smart Price,2020-09-29T20:36:12.542024+00:00,2020-09-30T02:37:03.704274+00:00,11.96,6.01,3.160178,1.26,12.6,1,1,0.0
syn_00262,Proposed Method,2020-09-29T20:36:12.542024+00:00,2020-09-30T02:37:03.704274+00:00,11.96,6.01,2.135251,1.26,12.6,1,1,7.3374265559935115
syn_00263,Dumb Charging,2020-07-20T13:11:01.461025+00:00,2020-07-20T20:09:12.073025+00:00,8.18,6.97,1.061565,1.98,9.0,1,1,0.0
syn_00263,Smart Price,2020-07-20T13:11:01.461025+00:00,2020-07-20T20:09:12.073025+00:00,8.18,6.97,1.061565,1.98,9.0,1,1,0.0
syn_00263,Proposed Method,2020-07-20T13:11:01.461025+00:00,2020-07-20T20:09:12.073025+00:00,8.18,6.97,1.061565,1.98,9.0,1,1,5.330352189797193
syn_00264,Dumb Charging,2020-04-04T15:28:33.783900+00:00,2020-04-04T23:26:06.475693+00:00,18.54,7.96,3.93616,6.66,19.8,1,1,0.0
syn_00264,Smart Price,2020-04-04T15:28:33.783900+00:00,2020-04-04T23:26:06.475693+00:00,18.54,7.96,4.821734,4.356,19.8,2,2,0.0
syn_00264,Proposed Method,2020-04-04T15:28:33.783900+00:00,2020-04-04T23:26:06.475693+00:00,18.54,7.96,3.93616,6.66,19.8,1,1,14.007754891436303
syn_00265,Dumb Charging,2020-10-03T05:02:18.718971+00:00,2020-10-03T16:22:02.183191+00:00,9.21,11.33,1.892018,1.08,10.8,1,1,0.0
syn_00265,Smart Price,2020-10-03T05:02:18.718971+00:00,2020-10-03T16:22:02.183191+00:00,9.21,11.33,1.892018,1.08,10.8,1,1,0.0
syn_00265,Proposed Method,2020-10-03T05:02:18.718971+00:00,2020-10-03T16:22:02.183191+00:00,9.21,11.33,1.892018,1.08,10.8,1,1,6.711189159108059
syn_00266,Dumb Charging,2020-11-04T04:52:15.015010+00:00,2020-11-04T11:10:45.688077+00:00,18.53,6.31,3.569281,1.98,19.8,1,1,0.0
syn_00266,Smart Price,2020-11-04T04:52:15.015010+00:00,2020-11-04T11:10:45.688077+00:00,18.53,6.31,3.569281,1.98,19.8,1,1,0.0
syn_00266,Proposed Method,2020-11-04T04:52:15.015010+00:00,2020-11-04T11:10:45.688077+00:00,18.53,6.31,3.569281,1.98,19.8,1,1,10.858924376637665
syn_00267,Dumb Charging,2020-01-25T08:34:37.330708+00:00,2020-01-26T00:28:12.742028+00:00,27.24,15.89,4.969179,6.336,28.8,1,1,0.0
syn_00267,Smart Price,2020-01-25T08:34:37.330708+00:00,2020-01-26T00:28:12.742028+00:00,27.24,15.89,6.029483,5.256,28.8,2,2,0.0
syn_00267,Proposed Method,2020-01-25T08:34:37.330708+00:00,2020-01-26T00:28:12.742028+00:00,27.24,15.89,3.583932,6.336,28.8,1,1,15.069223034635762
syn_00268,Dumb Charging,2020-11-02T14:48:04.969640+00:00,2020-11-03T10:29:38.284958+00:00,7.12,19.69,1.500015,1.584,7.2,1,1,0.0
syn_00268,Smart Price,2020-11-02T14:48:04.969640+00:00,2020-11-03T10:29:38.284958+00:00,7.12,19.69,2.460538,0.72,7.2,1,1,0.0
syn_00268,Proposed Method,2020-11-02T14:48:04.969640+00:00,2020-11-03T10:29:38.284958+00:00,7.12,19.69,1.500015,1.584,7.2,1,1,6.0989693645826515
syn_00269,Dumb Charging,2020-12-07T19:58:11.415264+00:00,2020-12-08T00:19:22.124562+00:00,6.73,4.35,2.991775,2.736,7.2,1,1,0.0
syn_00269,Smart Price,2020-12-07T19:58:11.415264+00:00,2020-12-08T00:19:22.124562+00:00,6.73,4.35,2.017156,0.72,7.2,1,1,0.0
syn_00269,Proposed Method,2020-12-07T19:58:11.415264+00:00,2020-12-08T00:19:22.124562+00:00,6.73,4.35,2.017156,0.72,7.2,1,1,6.807071057235536
syn_00270,Dumb Charging,2020-02-08T08:41:34.115569+00:00,2020-02-08T14:01:48.362572+00:00,9.93,5.34,2.455449,2.376,10.8,1,1,0.0
syn_00270,Smart Price,2020-02-08T08:41:34.115569+00:00,2020-02-08T14:01:48.362572+00:00,9.93,5.34,2.455449,2.376,10.8,1,1,0.0
syn_00270,Proposed Method,2020-02-08T08:41:34.115569+00:00,2020-02-08T14:01:48.362572+00:00,9.93,5.34,1.279055,2.376,10.8,1,1,6.007835191036644
syn_00271,Dumb Charging,2020-06-03T06:21:41.296010+00:00,2020-06-04T02:21:41.296010+00:00,17.79,20.0,2.940183,2.448,18.0,1,1,0.0
syn_00271,Smart Price,2020-06-03T06:21:41.296010+00:00,2020-06-04T02:21:41.296010+00:00,17.79,20.0,3.601506,1.8,18.0,2,2,0.0
syn_00271,Proposed Method,2020-06-03T06:21:41.296010+00:00,2020-06-04T02:21:41.296010+00:00,17.79,20.0,2.557661,1.8,18.0,1,1,8.538682620533086
syn_00272,Dumb Charging,2020-12-05T08:26:31.667886+00:00,2020-12-05T13:36:50.189199+00:00,3.03,5.17,0.957422,0.792,3.6,1,1,0.0
syn_00272,Smart Price,2020-12-05T08:26:31.667886+00:00,2020-12-05T13:36:50.189199+00:00,3.03,5.17,0.957422,0.792,3.6,1,1,0.0
syn_00272,Proposed Method,2020-12-05T08:26:31.667886+00:00,2020-12-05T13:36:50.189199+00:00,3.03,5.17,0.485174,0.792,3.6,1,1,3.4656269725709272
syn_00273,Dumb Charging,2020-08-10T03:34:05.318256+00:00,2020-08-10T05:58:02.203006+00:00,7.26,2.4,1.513738,0.9,9.0,1,1,0.0
syn_00273,Smart Price,2020-08-10T03:34:05.318256+00:00,2020-08-10T05:58:02.203006+00:00,7.26,2.4,1.513738,0.9,9.0,1,1,0.0
syn_00273,Proposed Method,2020-08-10T03:34:05.318256+00:00,2020-08-10T05:58:02.203006+00:00,7.26,2.4,1.439032,0.9,9.0,1,1,5.62252512608045
syn_00274,Dumb Charging,2020-03-13T19:34:52.059089+00:00,2020-03-14T04:39:21.010670+00:00,23.8,9.07,7.097976,7.272,25.2,1,1,0.0
syn_00274,Smart Price,2020-03-13T19:34:52.059089+00:00,2020-03-14T04:39:21.010670+00:00,23.8,9.07,4.010299,2.52,25.2,1,1,0.0
syn_00274,Proposed Method,2020-03-13T19:34:52.059089+00:00,2020-03-14T04:39:21.010670+00:00,23.8,9.07,3.123493,2.52,25.2,1,1,10.146128160148491
syn_00275,Dumb Charging,2020-11-07T10:34:18.670305+00:00,2020-11-07T21:12:32.583628+00:00,10.53,10.64,1.508085,2.376,10.8,1,1,0.0
syn_00275,Smart Price,2020-11-07T10:34:18.670305+00:00,2020-11-07T21:12:32.583628+00:00,10.53,10.64,1.508085,2.376,10.8,1,1,0.0
syn_00275,Proposed Method,2020-11-07T10:34:18.670305+00:00,2020-11-07T21:12:32.583628+00:00,10.53,10.64,1.508085,2.376,10.8,1,1,6.5127609400881585
syn_00276,Dumb Charging,2020-02-01T15:54:03.221128+00:00,2020-02-01T20:06:56.708140+00:00,7.31,4.21,1.949521,3.132,9.0,1,1,0.0
syn_00276,Smart Price,2020-02-01T15:54:03.221128+00:00,2020-02-01T20:06:56.708140+00:00,7.31,4.21,1.949521,3.132,9.0,1,1,0.0
syn_00276,Proposed Method,2020-02-01T15:54:03.221128+00:00,2020-02-01T20:06:56.708140+00:00,7.31,4.21,1.949521,3.132,9.0,1,1,7.863960860135187
syn_00277,Dumb Charging,2020-07-29T02:08:43.938217+00:00,2020-07-29T09:51:40.334804+00:00,18.11,7.72,2.940093,1.98,19.8,1,1,0.0
syn_00277,Smart Price,2020-07-29T02:08:43.938217+00:00,2020-07-29T09:51:40.334804+00:00,18.11,7.72,2.940093,1.98,19.8,1,1,0.0
syn_00277,Proposed Method,2020-07-29T02:08:43.938217+00:00,2020-07-29T09:51:40.334804+00:00,18.11,7.72,2.940093,1.98,19.8,1,1,9.471801619786229
syn_00278,Dumb Charging,2020-10-17T10:42:41.799990+00:00,2020-10-17T20:46:36.934068+00:00,37.76,10.07,5.658129,8.316,37.8,1,1,0.0
syn_00278,Smart Price,2020-10-17T10:42:41.799990+00:00,2020-10-17T20:46:36.934068+00:00,37.76,10.07,5.658129,8.316,37.8,1,1,0.0
syn_00278,Proposed Method,2020-10-17T10:42:41.799990+00:00,2020-10-17T20:46:36.934068+00:00,37.76,10.07,5.658129,8.316,37.8,1,1,18.63204901256881
syn_00279,Dumb Charging,2020-08-01T14:59:50.701684+00:00,2020-08-02T08:08:38.042032+00:00,10.82,17.15,2.501918,3.348,12.6,1,1,0.0
syn_00279,Smart Price,2020-08-01T14:59:50.701684+00:00,2020-08-02T08:08:38.042032+00:00,10.82,17.15,2.904859,1.26,12.6,1,1,0.0
syn_00279,Proposed Method,2020-08-01T14:59:50.701684+00:00,2020-08-02T08:08:38.042032+00:00,10.82,17.15,2.252411,1.26,12.6,1,1,7.595720058689647
syn_00280,Dumb Charging,2020-06-09T16:10:32.524475+00:00,2020-06-09T19:10:05.981386+00:00,13.42,2.99,3.380582,5.472,14.4,1,1,0.0
syn_00280,Smart Price,2020-06-09T16:10:32.524475+00:00,2020-06-09T19:10:05.981386+00:00,13.42,2.99,3.380582,5.472,14.4,1,1,0.0
syn_00280,Proposed Method,2020-06-09T16:10:32.524475+00:00,2020-06-09T19:10:05.981386+00:00,13.42,2.99,3.380582,5.472,14.4,1,1,12.188913540691681
syn_00281,Dumb Charging,2020-06-06T11:54:06.831747+00:00,2020-06-07T03:40:35.123538+00:00,9.22,15.77,1.294257,2.376,10.8,1,1,0.0
syn_00281,Smart Price,2020-06-06T11:54:06.831747+00:00,2020-06-07T03:40:35.123538+00:00,9.22,15.77,2.498733,1.08,10.8,1,1,0.0
syn_00281,Proposed Method,2020-06-06T11:54:06.831747+00:00,2020-06-07T03:40:35.123538+00:00,9.22,15.77,1.530242,1.08,10.8,1,1,5.913609905113925
syn_00282,Dumb Charging,2020-04-16T07:06:52.364915+00:00,2020-04-16T17:59:52.944191+00:00,14.54,10.88,2.889367,2.7,16.2,1,1,0.0
syn_00282,Smart Price,2020-04-16T07:06:52.364915+00:00,2020-04-16T17:59:52.944191+00:00,14.54,10.88,2.889367,2.7,16.2,1,1,0.0
syn_00282,Proposed Method,2020-04-16T07:06:52.364915+00:00,2020-04-16T17:59:52.944191+00:00,14.54,10.88,1.560152,3.564,16.2,1,1,9.221548463141232
syn_00283,Dumb Charging,2020-08-28T07:33:11.889230+00:00,2020-08-28T19:43:54.316677+00:00,15.78,12.18,3.798436,3.132,16.2,1,1,0.0
syn_00283,Smart Price,2020-08-28T07:33:11.889230+00:00,2020-08-28T19:43:54.316677+00:00,15.78,12.18,3.798436,3.132,16.2,1,1,0.0
syn_00283,Proposed Method,2020-08-28T07:33:11.889230+00:00,2020-08-28T19:43:54.316677+00:00,15.78,12.18,2.112918,3.564,16.2,1,1,10.44019118115049
syn_00284,Dumb Charging,2020-11-11T08:51:04.764554+00:00,2020-11-11T15:49:32.711460+00:00,9.01,6.97,2.637444,2.376,10.8,1,1,0.0
syn_00284,Smart Price,2020-11-11T08:51:04.764554+00:00,2020-11-11T15:49:32.711460+00:00,9.01,6.97,2.637444,2.376,10.8,1,1,0.0
syn_00284,Proposed Method,2020-11-11T08:51:04.764554+00:00,2020-11-11T15:49:32.711460+00:00,9.01,6.97,1.675266,2.376,10.8,1,1,6.881331741354092
syn_00285,Dumb Charging,2020-03-19T18:18:01.792840+00:00,2020-03-20T04:14:33.319965+00:00,37.42,9.94,10.326068,11.052,37.8,1,1,0.0
syn_00285,Smart Price,2020-03-19T18:18:01.792840+00:00,2020-03-20T04:14:33.319965+00:00,37.42,9.94,5.933893,3.996,37.8,2,2,0.0
syn_00285,Proposed Method,2020-03-19T18:18:01.792840+00:00,2020-03-20T04:14:33.319965+00:00,37.42,9.94,5.811694,3.996,37.8,1,1,16.810601962212395
syn_00286,Dumb Charging,2020-08-27T10:07:08.965039+00:00,2020-08-27T15:31:44.002218+00:00,15.09,5.41,1.999537,3.564,16.2,1,1,0.0
syn_00286,Smart Price,2020-08-27T10:07:08.965039+00:00,2020-08-27T15:31:44.002218+00:00,15.09,5.41,1.999537,3.564,16.2,1,1,0.0
syn_00286,Proposed Method,2020-08-27T10:07:08.965039+00:00,2020-08-27T15:31:44.002218+00:00,15.09,5.41,1.999537,3.564,16.2,1,1,8.190228826715547
syn_00287,Dumb Charging,2020-12-11T13:51:36.759339+00:00,2020-12-11T22:43:22.403294+00:00,13.06,8.86,2.235928,3.168,14.4,1,1,0.0
syn_00287,Smart Price,2020-12-11T13:51:36.759339+00:00,2020-12-11T22:43:22.403294+00:00,13.06,8.86,2.235928,3.168,14.4,1,1,0.0
syn_00287,Proposed Method,2020-12-11T13:51:36.759339+00:00,2020-12-11T22:43:22.403294+00:00,13.06,8.86,2.235928,3.168,14.4,1,1,8.513380596912638
syn_00288,Dumb Charging,2020-05-02T12:58:18.461317+00:00,2020-05-02T23:58:19.413899+00:00,15.43,11.0,1.752185,3.564,16.2,1,1,0.0
syn_00288,Smart Price,2020-05-02T12:58:18.461317+00:00,2020-05-02T23:58:19.413899+00:00,15.43,11.0,2.731375,2.916,16.2,2,2,0.0
syn_00288,Proposed Method,2020-05-02T12:58:18.461317+00:00,2020-05-02T23:58:19.413899+00:00,15.43,11.0,1.752185,3.564,16.2,1,1,7.64490896123326
syn_00289,Dumb Charging,2020-09-28T14:20:49.948056+00:00,2020-09-28T21:39:03.322628+00:00,49.51,7.3,15.454272,16.848,50.4,1,1,0.0
syn_00289,Smart Price,2020-09-28T14:20:49.948056+00:00,2020-09-28T21:39:03.322628+00:00,49.51,7.3,15.515613,16.56,50.4,2,2,0.0
syn_00289,Proposed Method,2020-09-28T14:20:49.948056+00:00,2020-09-28T21:39:03.322628+00:00,49.51,7.3,15.454272,16.848,50.4,1,1,44.49486644891217
syn_00290,Dumb Charging,2020-11-06T07:40:58.217771+00:00,2020-11-06T13:44:56.127098+00:00,4.15,6.07,1.274367,0.756,5.4,1,1,0.0
syn_00290,Smart Price,2020-11-06T07:40:58.217771+00:00,2020-11-06T13:44:56.127098+00:00,4.15,6.07,1.274367,0.756,5.4,1,1,0.0
syn_00290,Proposed Method,2020-11-06T07:40:58.217771+00:00,2020-11-06T13:44:56.127098+00:00,4.15,6.07,0.833835,1.188,5.4,1,1,4.432291992415646
syn_00291,Dumb Charging,2020-07-25T11:32:11.217572+00:00,2020-07-25T14:53:50.234236+00:00,10.01,3.36,1.384452,2.376,10.8,1,1,0.0
syn_00291,Smart Price,2020-07-25T11:32:11.217572+00:00,2020-07-25T14:53:50.234236+00:00,10.01,3.36,1.384452,2.376,10.8,1,1,0.0
syn_00291,Proposed Method,2020-07-25T11:32:11.217572+00:00,2020-07-25T14:53:50.234236+00:00,10.01,3.36,1.239824,2.376,10.8,1,1,5.92134570512215
syn_00292,Dumb Charging,2020-11-06T09:09:37.601570+00:00,2020-11-06T11:45:59.036866+00:00,9.0,2.61,2.287838,1.98,9.0,1,1,0.0
syn_00292,Smart Price,2020-11-06T09:09:37.601570+00:00,2020-11-06T11:45:59.036866+00:00,9.0,2.61,2.287838,1.98,9.0,1,1,0.0
syn_00292,Proposed Method,2020-11-06T09:09:37.601570+00:00,2020-11-06T11:45:59.036866+00:00,9.0,2.61,1.154983,1.98,9.0,1,1,5.536303753183726
syn_00293,Dumb Charging,2020-03-09T08:14:48.092049+00:00,2020-03-09T10:23:03.159944+00:00,8.18,2.14,1.758701,1.98,9.0,1,1,0.0
syn_00293,Smart Price,2020-03-09T08:14:48.092049+00:00,2020-03-09T10:23:03.159944+00:00,8.18,2.14,1.758701,1.98,9.0,1,1,0.0
syn_00293,Proposed Method,2020-03-09T08:14:48.092049+00:00,2020-03-09T10:23:03.159944+00:00,8.18,2.14,1.758701,1.98,9.0,1,1,6.867276149070767
syn_00294,Dumb Charging,2020-11-28T07:57:26.747148+00:00,2020-11-28T12:03:12.180863+00:00,24.11,4.1,5.525481,5.328,25.2,1,1,0.0
syn_00294,Smart Price,2020-11-28T07:57:26.747148+00:00,2020-11-28T12:03:12.180863+00:00,24.11,4.1,5.525481,5.328,25.2,1,1,0.0
syn_00294,Proposed Method,2020-11-28T07:57:26.747148+00:00,2020-11-28T12:03:12.180863+00:00,24.11,4.1,5.146082,5.544,25.2,1,1,16.117178548671195
syn_00295,Dumb Charging,2020-06-04T17:48:28.468949+00:00,2020-06-05T03:36:40.742311+00:00,44.78,9.8,13.325241,12.78,45.0,1,1,0.0
syn_00295,Smart Price,2020-06-04T17:48:28.468949+00:00,2020-06-05T03:36:40.742311+00:00,44.78,9.8,8.861874,6.012,45.0,2,2,0.0
syn_00295,Proposed Method,2020-06-04T17:48:28.468949+00:00,2020-06-05T03:36:40.742311+00:00,44.78,9.8,8.841004,6.012,45.0,1,1,24.497092924367646
syn_00296,Dumb Charging,2020-01-25T04:32:41.400825+00:00,2020-01-25T17:56:39.088963+00:00,9.43,13.4,1.634137,1.08,10.8,1,1,0.0
syn_00296,Smart Price,2020-01-25T04:32:41.400825+00:00,2020-01-25T17:56:39.088963+00:00,9.43,13.4,1.634137,1.08,10.8,1,1,0.0
syn_00296,Proposed Method,2020-01-25T04:32:41.400825+00:00,2020-01-25T17:56:39.088963+00:00,9.43,13.4,1.634137,1.08,10.8,1,1,6.142658247644167
syn_00297,Dumb Charging,2020-01-09T16:57:19.815877+00:00,2020-01-09T20:20:16.118718+00:00,17.07,3.38,5.280697,6.84,18.0,1,1,0.0
syn_00297,Smart Price,2020-01-09T16:57:19.815877+00:00,2020-01-09T20:20:16.118718+00:00,17.07,3.38,5.280697,6.84,18.0,1,1,0.0
syn_00297,Proposed Method,2020-01-09T16:57:19.815877+00:00,2020-01-09T20:20:16.118718+00:00,17.07,3.38,5.280697,6.84,18.0,1,1,17.061952679019562
syn_00298,Dumb Charging,2020-07-31T04:13:59.906307+00:00,2020-07-31T11:10:43.740937+00:00,23.22,6.95,3.660316,2.34,23.4,1,1,0.0
syn_00298,Smart Price,2020-07-31T04:13:59.906307+00:00,2020-07-31T11:10:43.740937+00:00,23.22,6.95,3.660316,2.34,23.4,1,1,0.0
syn_00298,Proposed Method,2020-07-31T04:13:59.906307+00:00,2020-07-31T11:10:43.740937+00:00,23.22,6.95,3.660316,2.34,23.4,1,1,11.239621248412293
syn_00299,Dumb Charging,2020-06-17T05:46:32.527051+00:00,2020-06-17T17:13:44.155700+00:00,17.5,11.45,2.763414,2.016,18.0,1,1,0.0
syn_00299,Smart Price,2020-06-17T05:46:32.527051+00:00,2020-06-17T17:13:44.155700+00:00,17.5,11.45,2.763414,2.016,18.0,1,1,0.0
syn_00299,Proposed Method,2020-06-17T05:46:32.527051+00:00,2020-06-17T17:13:44.155700+00:00,17.5,11.45,2.763414,2.016,18.0,1,1,9.10028996035106
syn_00300,Dumb Charging,2020-03-22T17:56:13.580005+00:00,2020-03-23T04:12:15.117717+00:00,60.0,10.27,14.356688,14.4,61.2,1,1,0.0
syn_00300,Smart Price,2020-03-22T17:56:13.580005+00:00,2020-03-23T04:12:15.117717+00:00,60.0,10.27,12.279215,10.872,61.2,2,2,0.0
syn_00300,Proposed Method,2020-03-22T17:56:13.580005+00:00,2020-03-23T04:12:15.117717+00:00,60.0,10.27,12.619439,10.872,61.2,1,1,35.25712389026711
syn_00301,Dumb Charging,2020-10-22T15:24:15.244102+00:00,2020-10-23T00:33:19.998340+00:00,19.36,9.15,5.260824,6.66,19.8,1,1,0.0
syn_00301,Smart Price,2020-10-22T15:24:15.244102+00:00,2020-10-23T00:33:19.998340+00:00,19.36,9.15,6.159561,3.276,19.8,3,3,0.0
syn_00301,Proposed Method,2020-10-22T15:24:15.244102+00:00,2020-10-23T00:33:19.998340+00:00,19.36,9.15,5.260824,6.66,19.8,1,1,16.928141480182816
syn_00302,Dumb Charging,2020-03-15T21:37:10.879839+00:00,2020-03-16T06:19:13.971574+00:00,9.59,8.7,2.914118,2.376,10.8,1,1,0.0
syn_00302,Smart Price,2020-03-15T21:37:10.879839+00:00,2020-03-16T06:19:13.971574+00:00,9.59,8.7,2.217065,1.08,10.8,1,1,0.0
syn_00302,Proposed Method,2020-03-15T21:37:10.879839+00:00,2020-03-16T06:19:13.971574+00:00,9.59,8.7,1.362559,1.08,10.8,1,1,5.543930264541528
syn_00303,Dumb Charging,2020-07-14T08:40:21.232363+00:00,2020-07-14T15:11:02.384645+00:00,20.85,6.51,3.997667,4.752,21.6,1,1,0.0
syn_00303,Smart Price,2020-07-14T08:40:21.232363+00:00,2020-07-14T15:11:02.384645+00:00,20.85,6.51,3.997667,4.752,21.6,1,1,0.0
syn_00303,Proposed Method,2020-07-14T08:40:21.232363+00:00,2020-07-14T15:11:02.384645+00:00,20.85,6.51,2.540485,4.752,21.6,1,1,9.976814555037091
syn_00304,Dumb Charging,2020-10-05T11:09:56.143596+00:00,2020-10-06T06:23:44.548184+00:00,19.68,19.23,2.931146,4.356,19.8,1,1,0.0
syn_00304,Smart Price,2020-10-05T11:09:56.143596+00:00,2020-10-06T06:23:44.548184+00:00,19.68,19.23,4.302263,1.98,19.8,1,1,0.0
syn_00304,Proposed Method,2020-10-05T11:09:56.143596+00:00,2020-10-06T06:23:44.548184+00:00,19.68,19.23,2.931146,4.356,19.8,1,1,10.640074999603966
syn_00305,Dumb Charging,2020-11-01T07:28:43.262971+00:00,2020-11-01T13:29:49.688653+00:00,12.78,6.02,3.623061,2.52,14.4,1,1,0.0
syn_00305,Smart Price,2020-11-01T07:28:43.262971+00:00,2020-11-01T13:29:49.688653+00:00,12.78,6.02,3.623061,2.52,14.4,1,1,0.0
syn_00305,Proposed Method,2020-11-01T07:28:43.262971+00:00,2020-11-01T13:29:49.688653+00:00,12.78,6.02,2.087541,3.168,14.4,1,1,8.186244560489994
syn_00306,Dumb Charging,2020-10-16T03:48:01.341685+00:00,2020-10-16T15:10:14.230633+00:00,11.85,11.37,2.223659,1.26,12.6,1,1,0.0
syn_00306,Smart Price,2020-10-16T03:48:01.341685+00:00,2020-10-16T15:10:14.230633+00:00,11.85,11.37,2.223659,1.26,12.6,1,1,0.0
syn_00306,Proposed Method,2020-10-16T03:48:01.341685+00:00,2020-10-16T15:10:14.230633+00:00,11.85,11.37,1.694667,2.772,12.6,1,1,7.122103215537776
syn_00307,Dumb Charging,2020-06-11T05:37:08.530570+00:00,2020-06-11T19:58:37.757277+00:00,31.42,14.36,5.789445,4.968,32.4,1,1,0.0
syn_00307,Smart Price,2020-06-11T05:37:08.530570+00:00,2020-06-11T19:58:37.757277+00:00,31.42,14.36,5.789445,4.968,32.4,1,1,0.0
syn_00307,Proposed Method,2020-06-11T05:37:08.530570+00:00,2020-06-11T19:58:37.757277+00:00,31.42,14.36,3.681839,7.128,32.4,1,1,15.68107210731403
syn_00308,Dumb Charging,2020-02-16T18:39:29.671712+00:00,2020-02-17T03:42:18.687136+00:00,5.68,9.05,2.131236,2.736,7.2,1,1,0.0
syn_00308,Smart Price,2020-02-16T18:39:29.671712+00:00,2020-02-17T03:42:18.687136+00:00,5.68,9.05,1.937843,0.72,7.2,1,1,0.0
syn_00308,Proposed Method,2020-02-16T18:39:29.671712+00:00,2020-02-17T03:42:18.687136+00:00,5.68,9.05,1.01212,0.72,7.2,1,1,4.591345077144311
syn_00309,Dumb Charging,2020-09-15T10:05:36.972482+00:00,2020-09-15T19:51:04.022251+00:00,16.55,9.76,2.385589,3.96,18.0,1,1,0.0
syn_00309,Smart Price,2020-09-15T10:05:36.972482+00:00,2020-09-15T19:51:04.022251+00:00,16.55,9.76,2.385589,3.96,18.0,1,1,0.0
syn_00309,Proposed Method,2020-09-15T10:05:36.972482+00:00,2020-09-15T19:51:04.022251+00:00,16.55,9.76,2.385589,3.96,18.0,1,1,9.239327567458352
syn_00310,Dumb Charging,2020-12-18T19:27:07.444151+00:00,2020-12-18T21:12:50.790018+00:00,12.3,1.76,4.624186,4.788,12.6,1,1,0.0
syn_00310,Smart Price,2020-12-18T19:27:07.444151+00:00,2020-12-18T21:12:50.790018+00:00,12.3,1.76,4.624186,4.788,12.6,1,1,0.0
syn_00310,Proposed Method,2020-12-18T19:27:07.444151+00:00,2020-12-18T21:12:50.790018+00:00,12.3,1.76,4.624186,4.788,12.6,1,1,12.588592810759376
syn_00311,Dumb Charging,2020-11-24T03:44:37.335415+00:00,2020-11-24T11:29:20.563790+00:00,31.48,7.75,5.768432,3.24,32.4,1,1,0.0
syn_00311,Smart Price,2020-11-24T03:44:37.335415+00:00,2020-11-24T11:29:20.563790+00:00,31.48,7.75,5.768432,3.24,32.4,1,1,0.0
syn_00311,Proposed Method,2020-11-24T03:44:37.335415+00:00,2020-11-24T11:29:20.563790+00:00,31.48,7.75,5.768432,3.24,32.4,1,1,16.337225242186598
syn_00312,Dumb Charging,2020-09-21T15:10:06.070963+00:00,2020-09-21T20:26:56.311957+00:00,36.11,5.28,11.903994,13.212,37.8,1,1,0.0
syn_00312,Smart Price,2020-09-21T15:10:06.070963+00:00,2020-09-21T20:26:56.311957+00:00,36.11,5.28,11.903994,13.212,37.8,1,1,0.0
syn_00312,Proposed Method,2020-09-21T15:10:06.070963+00:00,2020-09-21T20:26:56.311957+00:00,36.11,5.28,11.903994,13.212,37.8,1,1,32.84983671777824
syn_00313,Dumb Charging,2020-01-29T10:23:11.894881+00:00,2020-01-29T13:17:08.556755+00:00,9.9,2.9,1.218206,2.376,10.8,1,1,0.0
syn_00313,Smart Price,2020-01-29T10:23:11.894881+00:00,2020-01-29T13:17:08.556755+00:00,9.9,2.9,1.218206,2.376,10.8,1,1,0.0
syn_00313,Proposed Method,2020-01-29T10:23:11.894881+00:00,2020-01-29T13:17:08.556755+00:00,9.9,2.9,1.218206,2.376,10.8,1,1,5.873686618631555
syn_00314,Dumb Charging,2020-10-25T10:43:35.902308+00:00,2020-10-25T14:22:40.674544+00:00,12.6,3.65,1.690443,2.772,12.6,1,1,0.0
syn_00314,Smart Price,2020-10-25T10:43:35.902308+00:00,2020-10-25T14:22:40.674544+00:00,12.6,3.65,1.690443,2.772,12.6,1,1,0.0
syn_00314,Proposed Method,2020-10-25T10:43:35.902308+00:00,2020-10-25T14:22:40.674544+00:00,12.6,3.65,1.690443,2.772,12.6,1,1,7.112792594436405
syn_00315,Dumb Charging,2020-03-20T08:23:16.049237+00:00,2020-03-20T14:09:59.232947+00:00,10.5,5.78,2.327653,2.376,10.8,1,1,0.0
syn_00315,Smart Price,2020-03-20T08:23:16.049237+00:00,2020-03-20T14:09:59.232947+00:00,10.5,5.78,2.327653,2.376,10.8,1,1,0.0
syn_00315,Proposed Method,2020-03-20T08:23:16.049237+00:00,2020-03-20T14:09:59.232947+00:00,10.5,5.78,1.184678,2.376,10.8,1,1,5.799769321303528
syn_00316,Dumb Charging,2020-02-24T18:18:12.586618+00:00,2020-02-25T01:39:36.473364+00:00,20.25,7.36,6.939171,7.92,21.6,1,1,0.0
syn_00316,Smart Price,2020-02-24T18:18:12.586618+00:00,2020-02-25T01:39:36.473364+00:00,20.25,7.36,4.459718,2.592,21.6,2,2,0.0
syn_00316,Proposed Method,2020-02-24T18:18:12.586618+00:00,2020-02-25T01:39:36.473364+00:00,20.25,7.36,4.398547,2.592,21.6,1,1,12.993145039521629
syn_00317,Dumb Charging,2020-07-26T21:27:34.069258+00:00,2020-07-27T00:49:59.689577+00:00,11.7,3.37,3.899966,2.772,12.6,1,1,0.0
syn_00317,Smart Price,2020-07-26T21:27:34.069258+00:00,2020-07-27T00:49:59.689577+00:00,11.7,3.37,3.308777,1.476,12.6,2,2,0.0
syn_00317,Proposed Method,2020-07-26T21:27:34.069258+00:00,2020-07-27T00:49:59.689577+00:00,11.7,3.37,3.228089,1.476,12.6,1,1,9.854723591002845
syn_00318,Dumb Charging,2020-02-16T15:41:16.154994+00:00,2020-02-17T03:50:34.353380+00:00,26.65,12.16,6.721553,9.684,27.0,1,1,0.0
syn_00318,Smart Price,2020-02-16T15:41:16.154994+00:00,2020-02-17T03:50:34.353380+00:00,26.65,12.16,4.568321,2.7,27.0,1,1,0.0
syn_00318,Proposed Method,2020-02-16T15:41:16.154994+00:00,2020-02-17T03:50:34.353380+00:00,26.65,12.16,3.837974,2.7,27.0,1,1,11.81129069923413
syn_00319,Dumb Charging,2020-05-06T08:20:53.957491+00:00,2020-05-06T15:00:10.211846+00:00,18.81,6.65,3.179531,4.356,19.8,1,1,0.0
syn_00319,Smart Price,2020-05-06T08:20:53.957491+00:00,2020-05-06T15:00:10.211846+00:00,18.81,6.65,3.179531,4.356,19.8,1,1,0.0
syn_00319,Proposed Method,2020-05-06T08:20:53.957491+00:00,2020-05-06T15:00:10.211846+00:00,18.81,6.65,2.084273,4.356,19.8,1,1,8.773038484222822
syn_00320,Dumb Charging,2020-08-13T15:10:37.605913+00:00,2020-08-14T02:20:08.687637+00:00,25.86,11.16,7.30763,9.108,27.0,1,1,0.0
syn_00320,Smart Price,2020-08-13T15:10:37.605913+00:00,2020-08-14T02:20:08.687637+00:00,25.86,11.16,5.742713,3.348,27.0,2,2,0.0
syn_00320,Proposed Method,2020-08-13T15:10:37.605913+00:00,2020-08-14T02:20:08.687637+00:00,25.86,11.16,6.245013,3.348,27.0,1,1,17.441909221831107
syn_00321,Dumb Charging,2020-04-27T18:29:27.592127+00:00,2020-04-28T00:56:38.178311+00:00,8.52,6.45,2.441525,3.42,9.0,1,1,0.0
syn_00321,Smart Price,2020-04-27T18:29:27.592127+00:00,2020-04-28T00:56:38.178311+00:00,8.52,6.45,1.877866,0.9,9.0,1,1,0.0
syn_00321,Proposed Method,2020-04-27T18:29:27.592127+00:00,2020-04-28T00:56:38.178311+00:00,8.52,6.45,1.766692,0.9,9.0,1,1,6.344893238442859
syn_00322,Dumb Charging,2020-10-27T09:42:39.045005+00:00,2020-10-27T16:47:52.589144+00:00,11.43,7.09,2.272576,2.772,12.6,1,1,0.0
syn_00322,Smart Price,2020-10-27T09:42:39.045005+00:00,2020-10-27T16:47:52.589144+00:00,11.43,7.09,2.272576,2.772,12.6,1,1,0.0
syn_00322,Proposed Method,2020-10-27T09:42:39.045005+00:00,2020-10-27T16:47:52.589144+00:00,11.43,7.09,2.272576,2.772,12.6,1,1,8.396177583446113
syn_00323,Dumb Charging,2020-02-09T14:30:19.314218+00:00,2020-02-10T03:26:47.834792+00:00,9.99,12.94,1.554164,2.376,10.8,1,1,0.0
syn_00323,Smart Price,2020-02-09T14:30:19.314218+00:00,2020-02-10T03:26:47.834792+00:00,9.99,12.94,2.478363,1.08,10.8,1,1,0.0
syn_00323,Proposed Method,2020-02-09T14:30:19.314218+00:00,2020-02-10T03:26:47.834792+00:00,9.99,12.94,1.502969,1.08,10.8,1,1,5.853481064795626
syn_00324,Dumb Charging,2020-12-21T13:18:58.019209+00:00,2020-12-21T20:11:30.358848+00:00,17.71,6.88,2.79775,3.96,18.0,1,1,0.0
syn_00324,Smart Price,2020-12-21T13:18:58.019209+00:00,2020-12-21T20:11:30.358848+00:00,17.71,6.88,2.79775,3.96,18.0,1,1,0.0
syn_00324,Proposed Method,2020-12-21T13:18:58.019209+00:00,2020-12-21T20:11:30.358848+00:00,17.71,6.88,2.79775,3.96,18.0,1,1,10.14798883778144
syn_00325,Dumb Charging,2020-01-25T20:01:58.368724+00:00,2020-01-26T02:22:18.681141+00:00,10.42,6.34,3.774221,3.528,10.8,1,1,0.0
syn_00325,Smart Price,2020-01-25T20:01:58.368724+00:00,2020-01-26T02:22:18.681141+00:00,10.42,6.34,2.582896,1.08,10.8,1,1,0.0
syn_00325,Proposed Method,2020-01-25T20:01:58.368724+00:00,2020-01-26T02:22:18.681141+00:00,10.42,6.34,1.564567,1.08,10.8,1,1,5.989283704831983
syn_00326,Dumb Charging,2020-09-18T16:47:22.386233+00:00,2020-09-18T22:51:12.966971+00:00,35.88,6.06,13.103733,12.816,36.0,1,1,0.0
syn_00326,Smart Price,2020-09-18T16:47:22.386233+00:00,2020-09-18T22:51:12.966971+00:00,35.88,6.06,12.71437,11.664,36.0,2,2,0.0
syn_00326,Proposed Method,2020-09-18T16:47:22.386233+00:00,2020-09-18T22:51:12.966971+00:00,35.88,6.06,13.103733,12.816,36.0,1,1,37.296810580914915
syn_00327,Dumb Charging,2020-01-23T21:35:57.041470+00:00,2020-01-24T05:19:52.345032+00:00,43.43,7.73,9.204241,5.796,45.0,1,1,0.0
syn_00327,Smart Price,2020-01-23T21:35:57.041470+00:00,2020-01-24T05:19:52.345032+00:00,43.43,7.73,7.7732,4.716,45.0,2,2,0.0
syn_00327,Proposed Method,2020-01-23T21:35:57.041470+00:00,2020-01-24T05:19:52.345032+00:00,43.43,7.73,7.816978,4.716,45.0,1,1,21.591501678240032
syn_00328,Dumb Charging,2020-06-07T15:33:02.800429+00:00,2020-06-07T20:22:20.813256+00:00,19.61,4.82,4.653735,6.948,19.8,1,1,0.0
syn_00328,Smart Price,2020-06-07T15:33:02.800429+00:00,2020-06-07T20:22:20.813256+00:00,19.61,4.82,4.653735,6.948,19.8,1,1,0.0
syn_00328,Proposed Method,2020-06-07T15:33:02.800429+00:00,2020-06-07T20:22:20.813256+00:00,19.61,4.82,4.653735,6.948,19.8,1,1,15.733737681018546
syn_00329,Dumb Charging,2020-08-29T17:04:49.846814+00:00,2020-08-29T20:57:51.376885+00:00,6.58,3.88,2.037491,2.736,7.2,1,1,0.0
syn_00329,Smart Price,2020-08-29T17:04:49.846814+00:00,2020-08-29T20:57:51.376885+00:00,6.58,3.88,2.037491,2.736,7.2,1,1,0.0
syn_00329,Proposed Method,2020-08-29T17:04:49.846814+00:00,2020-08-29T20:57:51.376885+00:00,6.58,3.88,2.037491,2.736,7.2,1,1,7.85990205875898
syn_00330,Dumb Charging,2020-07-13T17:13:08.294588+00:00,2020-07-14T06:11:14.830194+00:00,14.76,12.97,4.808159,6.156,16.2,1,1,0.0
syn_00330,Smart Price,2020-07-13T17:13:08.294588+00:00,2020-07-14T06:11:14.830194+00:00,14.76,12.97,3.331484,1.62,16.2,1,1,0.0
syn_00330,Proposed Method,2020-07-13T17:13:08.294588+00:00,2020-07-14T06:11:14.830194+00:00,14.76,12.97,2.527906,1.62,16.2,1,1,8.383083201440892
syn_00331,Dumb Charging,2020-03-19T16:37:06.524686+00:00,2020-03-19T23:25:47.633900+00:00,24.3,6.81,6.672434,9.576,25.2,1,1,0.0
syn_00331,Smart Price,2020-03-19T16:37:06.524686+00:00,2020-03-19T23:25:47.633900+00:00,24.3,6.81,6.573584,6.768,25.2,2,2,0.0
syn_00331,Proposed Method,2020-03-19T16:37:06.524686+00:00,2020-03-19T23:25:47.633900+00:00,24.3,6.81,6.672434,9.576,25.2,1,1,21.498211475596403
syn_00332,Dumb Charging,2020-02-06T14:07:03.208950+00:00,2020-02-06T23:22:15.386294+00:00,20.86,9.25,3.585433,5.904,21.6,1,1,0.0
syn_00332,Smart Price,2020-02-06T14:07:03.208950+00:00,2020-02-06T23:22:15.386294+00:00,20.86,9.25,3.880526,4.536,21.6,3,3,0.0
syn_00332,Proposed Method,2020-02-06T14:07:03.208950+00:00,2020-02-06T23:22:15.386294+00:00,20.86,9.25,3.585433,5.904,21.6,1,1,12.856533130878628
syn_00333,Dumb Charging,2020-12-14T17:39:35.593478+00:00,2020-12-15T04:33:37.240647+00:00,9.16,10.9,3.536455,4.104,10.8,1,1,0.0
syn_00333,Smart Price,2020-12-14T17:39:35.593478+00:00,2020-12-15T04:33:37.240647+00:00,9.16,10.9,2.826501,1.08,10.8,1,1,0.0
syn_00333,Proposed Method,2020-12-14T17:39:35.593478+00:00,2020-12-15T04:33:37.240647+00:00,9.16,10.9,1.732231,1.08,10.8,1,1,6.358919732143528
syn_00334,Dumb Charging,2020-10-01T09:59:06.374107+00:00,2020-10-01T18:03:53.751895+00:00,10.28,8.08,1.762533,2.376,10.8,1,1,0.0
syn_00334,Smart Price,2020-10-01T09:59:06.374107+00:00,2020-10-01T18:03:53.751895+00:00,10.28,8.08,1.762533,2.376,10.8,1,1,0.0
syn_00334,Proposed Method,2020-10-01T09:59:06.374107+00:00,2020-10-01T18:03:53.751895+00:00,10.28,8.08,1.762533,2.376,10.8,1,1,7.07372407030202
syn_00335,Dumb Charging,2020-05-10T07:07:56.566351+00:00,2020-05-10T11:27:22.475033+00:00,12.04,4.32,2.228775,1.908,12.6,1,1,0.0
syn_00335,Smart Price,2020-05-10T07:07:56.566351+00:00,2020-05-10T11:27:22.475033+00:00,12.04,4.32,2.228775,1.908,12.6,1,1,0.0
syn_00335,Proposed Method,2020-05-10T07:07:56.566351+00:00,2020-05-10T11:27:22.475033+00:00,12.04,4.32,1.789459,2.772,12.6,1,1,7.331085029302276
syn_00336,Dumb Charging,2020-06-03T14:41:59.384442+00:00,2020-06-04T01:14:54.168307+00:00,7.32,10.55,1.361381,1.98,9.0,1,1,0.0
syn_00336,Smart Price,2020-06-03T14:41:59.384442+00:00,2020-06-04T01:14:54.168307+00:00,7.32,10.55,2.197631,0.9,9.0,1,1,0.0
syn_00336,Proposed Method,2020-06-03T14:41:59.384442+00:00,2020-06-04T01:14:54.168307+00:00,7.32,10.55,1.531394,0.9,9.0,1,1,5.826147592533787
syn_00337,Dumb Charging,2020-06-24T15:45:02.855461+00:00,2020-06-25T06:05:02.109197+00:00,18.14,14.33,4.795605,7.236,19.8,1,1,0.0
syn_00337,Smart Price,2020-06-24T15:45:02.855461+00:00,2020-06-25T06:05:02.109197+00:00,18.14,14.33,3.416769,1.98,19.8,1,1,0.0
syn_00337,Proposed Method,2020-06-24T15:45:02.855461+00:00,2020-06-25T06:05:02.109197+00:00,18.14,14.33,2.798518,1.98,19.8,1,1,9.159681163912396
syn_00338,Dumb Charging,2020-03-25T02:40:42.322649+00:00,2020-03-25T09:54:35.376971+00:00,49.33,7.23,7.771454,6.336,50.4,1,1,0.0
syn_00338,Smart Price,2020-03-25T02:40:42.322649+00:00,2020-03-25T09:54:35.376971+00:00,49.33,7.23,7.771454,6.336,50.4,1,1,0.0
syn_00338,Proposed Method,2020-03-25T02:40:42.322649+00:00,2020-03-25T09:54:35.376971+00:00,49.33,7.23,7.771454,6.336,50.4,1,1,20.301136384290675
syn_00339,Dumb Charging,2020-06-19T09:12:13.462227+00:00,2020-06-19T18:55:21.213454+00:00,25.47,9.72,3.715794,5.94,27.0,1,1,0.0
syn_00339,Smart Price,2020-06-19T09:12:13.462227+00:00,2020-06-19T18:55:21.213454+00:00,25.47,9.72,3.715794,5.94,27.0,1,1,0.0
syn_00339,Proposed Method,2020-06-19T09:12:13.462227+00:00,2020-06-19T18:55:21.213454+00:00,25.47,9.72,3.715794,5.94,27.0,1,1,13.161929357746407
syn_00340,Dumb Charging,2020-11-10T09:37:51.145944+00:00,2020-11-10T14:47:57.359080+00:00,32.69,5.17,5.093873,7.524,34.2,1,1,0.0
syn_00340,Smart Price,2020-11-10T09:37:51.145944+00:00,2020-11-10T14:47:57.359080+00:00,32.69,5.17,5.093873,7.524,34.2,1,1,0.0
syn_00340,Proposed Method,2020-11-10T09:37:51.145944+00:00,2020-11-10T14:47:57.359080+00:00,32.69,5.17,4.760518,7.524,34.2,1,1,16.257153601278763
syn_00341,Dumb Charging,2020-05-14T13:07:51.378703+00:00,2020-05-14T17:03:01.987156+00:00,2.86,3.92,0.379719,0.792,3.6,1,1,0.0
syn_00341,Smart Price,2020-05-14T13:07:51.378703+00:00,2020-05-14T17:03:01.987156+00:00,2.86,3.92,0.379719,0.792,3.6,1,1,0.0
syn_00341,Proposed Method,2020-05-14T13:07:51.378703+00:00,2020-05-14T17:03:01.987156+00:00,2.86,3.92,0.379719,0.792,3.6,1,1,3.2331368202854414
syn_00342,Dumb Charging,2020-06-09T16:09:03.868490+00:00,2020-06-10T04:49:25.107004+00:00,30.54,12.67,8.40252,11.628,30.6,1,1,0.0
syn_00342,Smart Price,2020-06-09T16:09:03.868490+00:00,2020-06-10T04:49:25.107004+00:00,30.54,12.67,4.966376,3.06,30.6,1,1,0.0
syn_00342,Proposed Method,2020-06-09T16:09:03.868490+00:00,2020-06-10T04:49:25.107004+00:00,30.54,12.67,4.149783,3.06,30.6,1,1,12.678713673991322
syn_00343,Dumb Charging,2020-11-20T02:35:45.308391+00:00,2020-11-20T12:39:23.974913+00:00,20.76,10.06,3.592243,2.16,21.6,1,1,0.0
syn_00343,Smart Price,2020-11-20T02:35:45.308391+00:00,2020-11-20T12:39:23.974913+00:00,20.76,10.06,3.592243,2.16,21.6,1,1,0.0
syn_00343,Proposed Method,2020-11-20T02:35:45.308391+00:00,2020-11-20T12:39:23.974913+00:00,20.76,10.06,3.592243,2.16,21.6,1,1,10.999546751311689
syn_00344,Dumb Charging,2020-06-13T05:30:19.856558+00:00,2020-06-14T01:30:19.856558+00:00,8.37,20.0,1.268192,0.9,9.0,1,1,0.0
syn_00344,Smart Price,2020-06-13T05:30:19.856558+00:00,2020-06-14T01:30:19.856558+00:00,8.37,20.0,1.268192,0.9,9.0,1,1,0.0
syn_00344,Proposed Method,2020-06-13T05:30:19.856558+00:00,2020-06-14T01:30:19.856558+00:00,8.37,20.0,1.181065,0.9,9.0,1,1,5.053804400088632
syn_00345,Dumb Charging,2020-07-26T13:37:31.096600+00:00,2020-07-26T18:15:57.657355+00:00,16.2,4.64,2.289544,3.564,16.2,1,1,0.0
syn_00345,Smart Price,2020-07-26T13:37:31.096600+00:00,2020-07-26T18:15:57.657355+00:00,16.2,4.64,2.289544,3.564,16.2,1,1,0.0
syn_00345,Proposed Method,2020-07-26T13:37:31.096600+00:00,2020-07-26T18:15:57.657355+00:00,16.2,4.64,2.289544,3.564,16.2,1,1,8.829583607335406
syn_00346,Dumb Charging,2020-02-13T09:42:39.118198+00:00,2020-02-13T16:43:19.742386+00:00,33.73,7.01,4.158711,7.524,34.2,1,1,0.0
syn_00346,Smart Price,2020-02-13T09:42:39.118198+00:00,2020-02-13T16:43:19.742386+00:00,33.73,7.01,4.158711,7.524,34.2,1,1,0.0
syn_00346,Proposed Method,2020-02-13T09:42:39.118198+00:00,2020-02-13T16:43:19.742386+00:00,33.73,7.01,4.158711,7.524,34.2,1,1,14.930395246479273
syn_00347,Dumb Charging,2020-11-20T13:26:18.685626+00:00,2020-11-20T18:23:00.738835+00:00,20.71,4.95,3.676313,5.04,21.6,1,1,0.0
syn_00347,Smart Price,2020-11-20T13:26:18.685626+00:00,2020-11-20T18:23:00.738835+00:00,20.71,4.95,3.676313,5.04,21.6,1,1,0.0
syn_00347,Proposed Method,2020-11-20T13:26:18.685626+00:00,2020-11-20T18:23:00.738835+00:00,20.71,4.95,3.676313,5.04,21.6,1,1,12.624889268232115
syn_00348,Dumb Charging,2020-03-19T06:49:37.100790+00:00,2020-03-19T12:21:04.238387+00:00,11.95,5.52,2.162751,1.692,12.6,1,1,0.0
syn_00348,Smart Price,2020-03-19T06:49:37.100790+00:00,2020-03-19T12:21:04.238387+00:00,11.95,5.52,2.162751,1.692,12.6,1,1,0.0
syn_00348,Proposed Method,2020-03-19T06:49:37.100790+00:00,2020-03-19T12:21:04.238387+00:00,11.95,5.52,1.345597,2.772,12.6,1,1,6.352536904325034
syn_00349,Dumb Charging,2020-03-02T15:44:35.728022+00:00,2020-03-02T20:52:34.610692+00:00,23.64,5.13,6.085498,9.0,25.2,1,1,0.0
syn_00349,Smart Price,2020-03-02T15:44:35.728022+00:00,2020-03-02T20:52:34.610692+00:00,23.64,5.13,6.085498,9.0,25.2,1,1,0.0
syn_00349,Proposed Method,2020-03-02T15:44:35.728022+00:00,2020-03-02T20:52:34.610692+00:00,23.64,5.13,6.085498,9.0,25.2,1,1,19.916238558643133
syn_00350,Dumb Charging,2020-03-23T07:49:25.970205+00:00,2020-03-23T15:44:54.253785+00:00,9.12,7.92,2.198799,2.16,10.8,1,1,0.0
syn_00350,Smart Price,2020-03-23T07:49:25.970205+00:00,2020-03-23T15:44:54.253785+00:00,9.12,7.92,2.198799,2.16,10.8,1,1,0.0
syn_00350,Proposed Method,2020-03-23T07:49:25.970205+00:00,2020-03-23T15:44:54.253785+00:00,9.12,7.92,1.241669,2.376,10.8,1,1,5.925413940490202
syn_00351,Dumb Charging,2020-10-23T15:07:10.407296+00:00,2020-10-23T20:29:56.568272+00:00,7.4,5.38,2.12092,2.268,9.0,1,1,0.0
syn_00351,Smart Price,2020-10-23T15:07:10.407296+00:00,2020-10-23T20:29:56.568272+00:00,7.4,5.38,2.12092,2.268,9.0,1,1,0.0
syn_00351,Proposed Method,2020-10-23T15:07:10.407296+00:00,2020-10-23T20:29:56.568272+00:00,7.4,5.38,2.12092,2.268,9.0,1,1,7.809832676032727
syn_00352,Dumb Charging,2020-07-24T04:14:19.338351+00:00,2020-07-24T11:43:16.268177+00:00,13.04,7.48,2.40682,1.44,14.4,1,1,0.0
syn_00352,Smart Price,2020-07-24T04:14:19.338351+00:00,2020-07-24T11:43:16.268177+00:00,13.04,7.48,2.40682,1.44,14.4,1,1,0.0
syn_00352,Proposed Method,2020-07-24T04:14:19.338351+00:00,2020-07-24T11:43:16.268177+00:00,13.04,7.48,2.40682,1.44,14.4,1,1,8.026134985630085
syn_00353,Dumb Charging,2020-04-06T16:58:26.840870+00:00,2020-04-06T20:32:47.001450+00:00,6.98,3.57,1.615865,2.736,7.2,1,1,0.0
syn_00353,Smart Price,2020-04-06T16:58:26.840870+00:00,2020-04-06T20:32:47.001450+00:00,6.98,3.57,1.615865,2.736,7.2,1,1,0.0
syn_00353,Proposed Method,2020-04-06T16:58:26.840870+00:00,2020-04-06T20:32:47.001450+00:00,6.98,3.57,1.615865,2.736,7.2,1,1,6.93037574894527
syn_00354,Dumb Charging,2020-09-03T02:21:26.776393+00:00,2020-09-03T11:08:27.007333+00:00,30.38,8.78,5.171092,3.06,30.6,1,1,0.0
syn_00354,Smart Price,2020-09-03T02:21:26.776393+00:00,2020-09-03T11:08:27.007333+00:00,30.38,8.78,5.171092,3.06,30.6,1,1,0.0
syn_00354,Proposed Method,2020-09-03T02:21:26.776393+00:00,2020-09-03T11:08:27.007333+00:00,30.38,8.78,5.171092,3.06,30.6,1,1,14.930315367320995
syn_00355,Dumb Charging,2020-01-02T10:39:02.186957+00:00,2020-01-02T15:50:58.571238+00:00,13.85,5.2,1.904262,3.168,14.4,1,1,0.0
syn_00355,Smart Price,2020-01-02T10:39:02.186957+00:00,2020-01-02T15:50:58.571238+00:00,13.85,5.2,1.904262,3.168,14.4,1,1,0.0
syn_00355,Proposed Method,2020-01-02T10:39:02.186957+00:00,2020-01-02T15:50:58.571238+00:00,13.85,5.2,1.806496,3.168,14.4,1,1,7.56664590929669
syn_00356,Dumb Charging,2020-05-03T11:49:41.870653+00:00,2020-05-03T16:20:37.453045+00:00,11.32,4.52,1.630784,2.772,12.6,1,1,0.0
syn_00356,Smart Price,2020-05-03T11:49:41.870653+00:00,2020-05-03T16:20:37.453045+00:00,11.32,4.52,1.630784,2.772,12.6,1,1,0.0
syn_00356,Proposed Method,2020-05-03T11:49:41.870653+00:00,2020-05-03T16:20:37.453045+00:00,11.32,4.52,1.630784,2.772,12.6,1,1,6.981266885787511
syn_00357,Dumb Charging,2020-09-29T04:46:12.327207+00:00,2020-09-29T11:32:38.468604+00:00,9.6,6.77,1.792464,1.08,10.8,1,1,0.0
syn_00357,Smart Price,2020-09-29T04:46:12.327207+00:00,2020-09-29T11:32:38.468604+00:00,9.6,6.77,1.792464,1.08,10.8,1,1,0.0
syn_00357,Proposed Method,2020-09-29T04:46:12.327207+00:00,2020-09-29T11:32:38.468604+00:00,9.6,6.77,1.293932,2.376,10.8,1,1,6.040633810743591
syn_00358,Dumb Charging,2020-02-19T09:57:45.176180+00:00,2020-02-19T18:17:16.295868+00:00,38.35,8.33,4.787442,8.712,39.6,1,1,0.0
syn_00358,Smart Price,2020-02-19T09:57:45.176180+00:00,2020-02-19T18:17:16.295868+00:00,38.35,8.33,4.787442,8.712,39.6,1,1,0.0
syn_00358,Proposed Method,2020-02-19T09:57:45.176180+00:00,2020-02-19T18:17:16.295868+00:00,38.35,8.33,4.787442,8.712,39.6,1,1,16.9105109948989
syn_00359,Dumb Charging,2020-12-24T16:53:24.468963+00:00,2020-12-25T05:54:29.826428+00:00,31.78,13.02,10.92324,12.024,32.4,1,1,0.0
syn_00359,Smart Price,2020-12-24T16:53:24.468963+00:00,2020-12-25T05:54:29.826428+00:00,31.78,13.02,5.905609,3.24,32.4,1,1,0.0
syn_00359,Proposed Method,2020-12-24T16:53:24.468963+00:00,2020-12-25T05:54:29.826428+00:00,31.78,13.02,5.408847,3.24,32.4,1,1,15.544475961741188
syn_00360,Dumb Charging,2020-02-17T13:04:27.707835+00:00,2020-02-17T22:36:01.810247+00:00,16.73,9.53,2.184986,3.96,18.0,1,1,0.0
syn_00360,Smart Price,2020-02-17T13:04:27.707835+00:00,2020-02-17T22:36:01.810247+00:00,16.73,9.53,2.184986,3.96,18.0,1,1,0.0
syn_00360,Proposed Method,2020-02-17T13:04:27.707835+00:00,2020-02-17T22:36:01.810247+00:00,16.73,9.53,2.184986,3.96,18.0,1,1,8.797072427152305
syn_00361,Dumb Charging,2020-03-14T16:13:56.633335+00:00,2020-03-15T00:46:00.610872+00:00,12.79,8.53,3.231081,5.472,14.4,1,1,0.0
syn_00361,Smart Price,2020-03-14T16:13:56.633335+00:00,2020-03-15T00:46:00.610872+00:00,12.79,8.53,3.43369,1.872,14.4,2,2,0.0
syn_00361,Proposed Method,2020-03-14T16:13:56.633335+00:00,2020-03-15T00:46:00.610872+00:00,12.79,8.53,3.301486,1.872,14.4,1,1,10.21453593342351
syn_00362,Dumb Charging,2020-02-13T06:57:56.827492+00:00,2020-02-13T16:36:25.810592+00:00,60.0,9.64,9.046441,12.384,61.2,1,1,0.0
syn_00362,Smart Price,2020-02-13T06:57:56.827492+00:00,2020-02-13T16:36:25.810592+00:00,60.0,9.64,9.046441,12.384,61.2,1,1,0.0
syn_00362,Proposed Method,2020-02-13T06:57:56.827492+00:00,2020-02-13T16:36:25.810592+00:00,60.0,9.64,9.046441,12.384,61.2,1,1,28.13600536853773
syn_00363,Dumb Charging,2020-04-02T17:38:52.890174+00:00,2020-04-02T22:42:02.286433+00:00,21.04,5.05,5.713013,8.208,21.6,1,1,0.0
syn_00363,Smart Price,2020-04-02T17:38:52.890174+00:00,2020-04-02T22:42:02.286433+00:00,21.04,5.05,5.806106,6.48,21.6,2,2,0.0
syn_00363,Proposed Method,2020-04-02T17:38:52.890174+00:00,2020-04-02T22:42:02.286433+00:00,21.04,5.05,5.713013,8.208,21.6,1,1,18.699046953464542
syn_00364,Dumb Charging,2020-10-14T19:21:03.647351+00:00,2020-10-15T03:29:10.667055+00:00,29.35,8.14,11.5872,8.316,30.6,1,1,0.0
syn_00364,Smart Price,2020-10-14T19:21:03.647351+00:00,2020-10-15T03:29:10.667055+00:00,29.35,8.14,6.329966,3.06,30.6,1,1,0.0
syn_00364,Proposed Method,2020-10-14T19:21:03.647351+00:00,2020-10-15T03:29:10.667055+00:00,29.35,8.14,6.329966,3.06,30.6,1,1,17.48519657201326
syn_00365,Dumb Charging,2020-08-21T20:10:51.256545+00:00,2020-08-22T05:05:38.704410+00:00,28.41,8.91,9.506802,6.624,28.8,1,1,0.0
syn_00365,Smart Price,2020-08-21T20:10:51.256545+00:00,2020-08-22T05:05:38.704410+00:00,28.41,8.91,5.304483,2.88,28.8,1,1,0.0
syn_00365,Proposed Method,2020-08-21T20:10:51.256545+00:00,2020-08-22T05:05:38.704410+00:00,28.41,8.91,4.421536,2.88,28.8,1,1,13.18782601198637
syn_00366,Dumb Charging,2020-07-16T17:17:30.755718+00:00,2020-07-17T00:37:05.711118+00:00,17.63,7.33,5.414838,6.84,18.0,1,1,0.0
syn_00366,Smart Price,2020-07-16T17:17:30.755718+00:00,2020-07-17T00:37:05.711118+00:00,17.63,7.33,4.993993,2.664,18.0,2,2,0.0
syn_00366,Proposed Method,2020-07-16T17:17:30.755718+00:00,2020-07-17T00:37:05.711118+00:00,17.63,7.33,4.734257,2.664,18.0,1,1,13.76925909848628
syn_00367,Dumb Charging,2020-04-21T13:28:10.413730+00:00,2020-04-22T01:29:37.025116+00:00,14.95,12.02,1.757536,3.564,16.2,1,1,0.0
syn_00367,Smart Price,2020-04-21T13:28:10.413730+00:00,2020-04-22T01:29:37.025116+00:00,14.95,12.02,2.642676,1.62,16.2,1,1,0.0
syn_00367,Proposed Method,2020-04-21T13:28:10.413730+00:00,2020-04-22T01:29:37.025116+00:00,14.95,12.02,1.757536,3.564,16.2,1,1,7.656706905322353
syn_00368,Dumb Charging,2020-03-09T18:00:21.950412+00:00,2020-03-09T20:12:57.580936+00:00,7.2,2.21,1.877931,2.736,7.2,1,1,0.0
syn_00368,Smart Price,2020-03-09T18:00:21.950412+00:00,2020-03-09T20:12:57.580936+00:00,7.2,2.21,1.877931,2.736,7.2,1,1,0.0
syn_00368,Proposed Method,2020-03-09T18:00:21.950412+00:00,2020-03-09T20:12:57.580936+00:00,7.2,2.21,1.877931,2.736,7.2,1,1,7.508132436028097
syn_00369,Dumb Charging,2020-07-11T09:09:37.345456+00:00,2020-07-11T16:07:19.262051+00:00,30.02,6.96,4.689274,6.732,30.6,1,1,0.0
syn_00369,Smart Price,2020-07-11T09:09:37.345456+00:00,2020-07-11T16:07:19.262051+00:00,30.02,6.96,4.689274,6.732,30.6,1,1,0.0
syn_00369,Proposed Method,2020-07-11T09:09:37.345456+00:00,2020-07-11T16:07:19.262051+00:00,30.02,6.96,4.205567,6.732,30.6,1,1,14.637694913724303
syn_00370,Dumb Charging,2020-11-09T15:59:12.460589+00:00,2020-11-10T05:57:00.789247+00:00,20.53,13.96,6.543396,7.92,21.6,1,1,0.0
syn_00370,Smart Price,2020-11-09T15:59:12.460589+00:00,2020-11-10T05:57:00.789247+00:00,20.53,13.96,4.467537,2.16,21.6,1,1,0.0
syn_00370,Proposed Method,2020-11-09T15:59:12.460589+00:00,2020-11-10T05:57:00.789247+00:00,20.53,13.96,3.666993,2.16,21.6,1,1,11.164341990397022
syn_00371,Dumb Charging,2020-05-24T16:31:37.585776+00:00,2020-05-24T19:54:07.781762+00:00,18.79,3.38,4.915191,7.524,19.8,1,1,0.0
syn_00371,Smart Price,2020-05-24T16:31:37.585776+00:00,2020-05-24T19:54:07.781762+00:00,18.79,3.38,4.915191,7.524,19.8,1,1,0.0
syn_00371,Proposed Method,2020-05-24T16:31:37.585776+00:00,2020-05-24T19:54:07.781762+00:00,18.79,3.38,4.915191,7.524,19.8,1,1,16.598151102985305
syn_00372,Dumb Charging,2020-06-14T17:15:26.075466+00:00,2020-06-15T13:15:26.075466+00:00,7.69,20.0,2.438695,3.42,9.0,1,1,0.0
syn_00372,Smart Price,2020-06-14T17:15:26.075466+00:00,2020-06-15T13:15:26.075466+00:00,7.69,20.0,2.083751,0.9,9.0,1,1,0.0
syn_00372,Proposed Method,2020-06-14T17:15:26.075466+00:00,2020-06-15T13:15:26.075466+00:00,7.69,20.0,1.137954,1.98,9.0,1,1,5.49876019702762
syn_00373,Dumb Charging,2020-12-16T20:35:47.671447+00:00,2020-12-17T10:00:08.907180+00:00,9.8,13.41,3.949949,2.952,10.8,1,1,0.0
syn_00373,Smart Price,2020-12-16T20:35:47.671447+00:00,2020-12-17T10:00:08.907180+00:00,9.8,13.41,2.508573,1.08,10.8,1,1,0.0
syn_00373,Proposed Method,2020-12-16T20:35:47.671447+00:00,2020-12-17T10:00:08.907180+00:00,9.8,13.41,1.65252,1.08,10.8,1,1,8.183185291895892
syn_00374,Dumb Charging,2020-08-06T17:33:50.082245+00:00,2020-08-06T22:46:27.581402+00:00,14.1,5.21,5.054494,5.472,14.4,1,1,0.0
syn_00374,Smart Price,2020-08-06T17:33:50.082245+00:00,2020-08-06T22:46:27.581402+00:00,14.1,5.21,4.780497,3.744,14.4,2,2,0.0
syn_00374,Proposed Method,2020-08-06T17:33:50.082245+00:00,2020-08-06T22:46:27.581402+00:00,14.1,5.21,4.970714,3.744,14.4,1,1,14.830557132933828
syn_00375,Dumb Charging,2020-05-30T17:16:12.888853+00:00,2020-05-31T02:31:25.771291+00:00,12.98,9.25,3.504392,5.472,14.4,1,1,0.0
syn_00375,Smart Price,2020-05-30T17:16:12.888853+00:00,2020-05-31T02:31:25.771291+00:00,12.98,9.25,2.584232,1.44,14.4,1,1,0.0
syn_00375,Proposed Method,2020-05-30T17:16:12.888853+00:00,2020-05-31T02:31:25.771291+00:00,12.98,9.25,1.827414,1.44,14.4,1,1,6.748760892101853
syn_00376,Dumb Charging,2020-03-16T17:43:44.580274+00:00,2020-03-16T22:52:07.458442+00:00,12.57,5.14,3.407569,4.788,12.6,1,1,0.0
syn_00376,Smart Price,2020-03-16T17:43:44.580274+00:00,2020-03-16T22:52:07.458442+00:00,12.57,5.14,3.467376,3.06,12.6,2,2,0.0
syn_00376,Proposed Method,2020-03-16T17:43:44.580274+00:00,2020-03-16T22:52:07.458442+00:00,12.57,5.14,3.558608,3.06,12.6,1,1,11.37539309106229
syn_00377,Dumb Charging,2020-05-02T05:55:25.570620+00:00,2020-05-02T11:34:14.158642+00:00,31.1,5.65,5.374246,5.184,32.4,1,1,0.0
syn_00377,Smart Price,2020-05-02T05:55:25.570620+00:00,2020-05-02T11:34:14.158642+00:00,31.1,5.65,5.374246,5.184,32.4,1,1,0.0
syn_00377,Proposed Method,2020-05-02T05:55:25.570620+00:00,2020-05-02T11:34:14.158642+00:00,31.1,5.65,5.112932,6.048,32.4,1,1,16.29609443429855
syn_00378,Dumb Charging,2020-06-22T07:23:06.185009+00:00,2020-06-22T15:44:57.699080+00:00,13.67,8.36,2.791879,2.52,14.4,1,1,0.0
syn_00378,Smart Price,2020-06-22T07:23:06.185009+00:00,2020-06-22T15:44:57.699080+00:00,13.67,8.36,2.791879,2.52,14.4,1,1,0.0
syn_00378,Proposed Method,2020-06-22T07:23:06.185009+00:00,2020-06-22T15:44:57.699080+00:00,13.67,8.36,1.72269,3.168,14.4,1,1,7.381885234998952
syn_00379,Dumb Charging,2020-01-21T15:55:49.358365+00:00,2020-01-21T19:17:47.088984+00:00,6.49,3.37,1.57428,2.448,7.2,1,1,0.0
syn_00379,Smart Price,2020-01-21T15:55:49.358365+00:00,2020-01-21T19:17:47.088984+00:00,6.49,3.37,1.57428,2.448,7.2,1,1,0.0
syn_00379,Proposed Method,2020-01-21T15:55:49.358365+00:00,2020-01-21T19:17:47.088984+00:00,6.49,3.37,1.57428,2.448,7.2,1,1,6.69469526144208
syn_00380,Dumb Charging,2020-03-22T14:30:06.768211+00:00,2020-03-22T23:34:23.135503+00:00,11.25,9.07,1.889572,3.06,12.6,1,1,0.0
syn_00380,Smart Price,2020-03-22T14:30:06.768211+00:00,2020-03-22T23:34:23.135503+00:00,11.25,9.07,2.023429,2.34,12.6,2,2,0.0
syn_00380,Proposed Method,2020-03-22T14:30:06.768211+00:00,2020-03-22T23:34:23.135503+00:00,11.25,9.07,1.889572,3.06,12.6,1,1,7.695796146438291
syn_00381,Dumb Charging,2020-09-29T03:47:12.682373+00:00,2020-09-29T11:58:04.347073+00:00,7.56,8.18,1.630597,0.9,9.0,1,1,0.0
syn_00381,Smart Price,2020-09-29T03:47:12.682373+00:00,2020-09-29T11:58:04.347073+00:00,7.56,8.18,1.630597,0.9,9.0,1,1,0.0
syn_00381,Proposed Method,2020-09-29T03:47:12.682373+00:00,2020-09-29T11:58:04.347073+00:00,7.56,8.18,1.207408,1.98,9.0,1,1,5.65188223427703
syn_00382,Dumb Charging,2020-06-10T12:20:57.326101+00:00,2020-06-10T20:40:01.863099+00:00,46.61,8.32,8.464449,13.464,46.8,1,1,0.0
syn_00382,Smart Price,2020-06-10T12:20:57.326101+00:00,2020-06-10T20:40:01.863099+00:00,46.61,8.32,8.464449,13.464,46.8,1,1,0.0
syn_00382,Proposed Method,2020-06-10T12:20:57.326101+00:00,2020-06-10T20:40:01.863099+00:00,46.61,8.32,8.464449,13.464,46.8,1,1,27.39293134758412
syn_00383,Dumb Charging,2020-09-16T09:46:45.924853+00:00,2020-09-16T22:06:52.817271+00:00,13.49,12.34,2.11014,3.168,14.4,1,1,0.0
syn_00383,Smart Price,2020-09-16T09:46:45.924853+00:00,2020-09-16T22:06:52.817271+00:00,13.49,12.34,2.11014,3.168,14.4,1,1,0.0
syn_00383,Proposed Method,2020-09-16T09:46:45.924853+00:00,2020-09-16T22:06:52.817271+00:00,13.49,12.34,2.11014,3.168,14.4,1,1,8.23606531415695
syn_00384,Dumb Charging,2020-11-01T10:55:22.699769+00:00,2020-11-01T17:54:19.920380+00:00,8.1,6.98,1.337111,1.98,9.0,1,1,0.0
syn_00384,Smart Price,2020-11-01T10:55:22.699769+00:00,2020-11-01T17:54:19.920380+00:00,8.1,6.98,1.337111,1.98,9.0,1,1,0.0
syn_00384,Proposed Method,2020-11-01T10:55:22.699769+00:00,2020-11-01T17:54:19.920380+00:00,8.1,6.98,1.337111,1.98,9.0,1,1,5.9378268349189645
syn_00385,Dumb Charging,2020-10-23T15:49:57.501431+00:00,2020-10-23T21:30:21.707714+00:00,21.41,5.67,6.468787,7.92,21.6,1,1,0.0
syn_00385,Smart Price,2020-10-23T15:49:57.501431+00:00,2020-10-23T21:30:21.707714+00:00,21.41,5.67,6.373382,7.632,21.6,2,2,0.0
syn_00385,Proposed Method,2020-10-23T15:49:57.501431+00:00,2020-10-23T21:30:21.707714+00:00,21.41,5.67,6.468787,7.92,21.6,1,1,20.22124546783069
syn_00386,Dumb Charging,2020-04-16T04:48:24.989438+00:00,2020-04-16T10:06:42.980343+00:00,18.9,5.3,2.703376,1.98,19.8,1,1,0.0
syn_00386,Smart Price,2020-04-16T04:48:24.989438+00:00,2020-04-16T10:06:42.980343+00:00,18.9,5.3,2.703376,1.98,19.8,1,1,0.0
syn_00386,Proposed Method,2020-04-16T04:48:24.989438+00:00,2020-04-16T10:06:42.980343+00:00,18.9,5.3,2.703376,1.98,19.8,1,1,8.949929638411504
syn_00387,Dumb Charging,2020-03-18T09:17:34.123119+00:00,2020-03-18T13:54:35.152731+00:00,10.83,4.62,1.680669,2.772,12.6,1,1,0.0
syn_00387,Smart Price,2020-03-18T09:17:34.123119+00:00,2020-03-18T13:54:35.152731+00:00,10.83,4.62,1.680669,2.772,12.6,1,1,0.0
syn_00387,Proposed Method,2020-03-18T09:17:34.123119+00:00,2020-03-18T13:54:35.152731+00:00,10.83,4.62,1.56912,2.772,12.6,1,1,6.845320112831944
syn_00388,Dumb Charging,2020-02-01T16:49:05.729307+00:00,2020-02-02T00:05:39.394328+00:00,13.08,7.28,3.690606,5.472,14.4,1,1,0.0
syn_00388,Smart Price,2020-02-01T16:49:05.729307+00:00,2020-02-02T00:05:39.394328+00:00,13.08,7.28,4.108674,2.304,14.4,2,2,0.0
syn_00388,Proposed Method,2020-02-01T16:49:05.729307+00:00,2020-02-02T00:05:39.394328+00:00,13.08,7.28,3.81898,2.304,14.4,1,1,11.571417528081769
syn_00389,Dumb Charging,2020-10-09T15:58:01.122656+00:00,2020-10-10T03:38:25.332306+00:00,6.55,11.67,1.949002,2.448,7.2,1,1,0.0
syn_00389,Smart Price,2020-10-09T15:58:01.122656+00:00,2020-10-10T03:38:25.332306+00:00,6.55,11.67,2.289854,0.72,7.2,1,1,0.0
syn_00389,Proposed Method,2020-10-09T15:58:01.122656+00:00,2020-10-10T03:38:25.332306+00:00,6.55,11.67,1.271055,0.72,7.2,1,1,5.162199034841577
syn_00390,Dumb Charging,2020-01-25T17:13:21.723092+00:00,2020-01-25T23:18:24.583815+00:00,36.11,6.08,12.127258,12.924,37.8,1,1,0.0
syn_00390,Smart Price,2020-01-25T17:13:21.723092+00:00,2020-01-25T23:18:24.583815+00:00,36.11,6.08,11.784906,12.06,37.8,2,2,0.0
syn_00390,Proposed Method,2020-01-25T17:13:21.723092+00:00,2020-01-25T23:18:24.583815+00:00,36.11,6.08,12.127258,12.924,37.8,1,1,35.198049162865345
syn_00391,Dumb Charging,2020-03-02T14:22:35.017206+00:00,2020-03-03T00:42:43.912417+00:00,9.35,10.34,1.379942,2.376,10.8,1,1,0.0
syn_00391,Smart Price,2020-03-02T14:22:35.017206+00:00,2020-03-03T00:42:43.912417+00:00,9.35,10.34,2.317778,1.08,10.8,1,1,0.0
syn_00391,Proposed Method,2020-03-02T14:22:35.017206+00:00,2020-03-03T00:42:43.912417+00:00,9.35,10.34,1.379942,2.376,10.8,1,1,6.230254017075515
syn_00392,Dumb Charging,2020-11-17T16:00:59.418578+00:00,2020-11-18T03:33:48.711909+00:00,9.35,11.55,3.086789,4.104,10.8,1,1,0.0
syn_00392,Smart Price,2020-11-17T16:00:59.418578+00:00,2020-11-18T03:33:48.711909+00:00,9.35,11.55,3.039683,1.08,10.8,1,1,0.0
syn_00392,Proposed Method,2020-11-17T16:00:59.418578+00:00,2020-11-18T03:33:48.711909+00:00,9.35,11.55,1.792083,1.08,10.8,1,1,6.490870976810536
syn_00393,Dumb Charging,2020-01-29T15:41:14.129566+00:00,2020-01-29T21:15:21.830314+00:00,28.78,5.57,7.78707,10.368,28.8,1,1,0.0
syn_00393,Smart Price,2020-01-29T15:41:14.129566+00:00,2020-01-29T21:15:21.830314+00:00,28.78,5.57,7.78707,10.368,28.8,1,1,0.0
syn_00393,Proposed Method,2020-01-29T15:41:14.129566+00:00,2020-01-29T21:15:21.830314+00:00,28.78,5.57,7.78707,10.368,28.8,1,1,24.351564496081583
syn_00394,Dumb Charging,2020-05-03T21:32:07.038268+00:00,2020-05-04T01:56:55.216567+00:00,15.52,4.41,3.924435,2.916,16.2,1,1,0.0
syn_00394,Smart Price,2020-05-03T21:32:07.038268+00:00,2020-05-04T01:56:55.216567+00:00,15.52,4.41,2.653289,1.62,16.2,1,1,0.0
syn_00394,Proposed Method,2020-05-03T21:32:07.038268+00:00,2020-05-04T01:56:55.216567+00:00,15.52,4.41,2.168274,1.62,16.2,1,1,7.590229468725334
syn_00395,Dumb Charging,2020-07-21T15:26:41.237320+00:00,2020-07-21T20:50:13.259814+00:00,7.89,5.39,1.946356,2.556,9.0,1,1,0.0
syn_00395,Smart Price,2020-07-21T15:26:41.237320+00:00,2020-07-21T20:50:13.259814+00:00,7.89,5.39,1.946356,2.556,9.0,1,1,0.0
syn_00395,Proposed Method,2020-07-21T15:26:41.237320+00:00,2020-07-21T20:50:13.259814+00:00,7.89,5.39,1.946356,2.556,9.0,1,1,7.568983545490115
syn_00396,Dumb Charging,2020-10-01T05:20:59.441081+00:00,2020-10-01T16:36:27.612587+00:00,8.58,11.26,1.60348,0.9,9.0,1,1,0.0
syn_00396,Smart Price,2020-10-01T05:20:59.441081+00:00,2020-10-01T16:36:27.612587+00:00,8.58,11.26,1.60348,0.9,9.0,1,1,0.0
syn_00396,Proposed Method,2020-10-01T05:20:59.441081+00:00,2020-10-01T16:36:27.612587+00:00,8.58,11.26,1.60348,0.9,9.0,1,1,5.985071492663833
syn_00397,Dumb Charging,2020-06-12T16:05:50.031953+00:00,2020-06-12T23:45:25.944736+00:00,6.84,7.66,1.613101,2.736,7.2,1,1,0.0
syn_00397,Smart Price,2020-06-12T16:05:50.031953+00:00,2020-06-12T23:45:25.944736+00:00,6.84,7.66,2.047165,1.152,7.2,2,2,0.0
syn_00397,Proposed Method,2020-06-12T16:05:50.031953+00:00,2020-06-12T23:45:25.944736+00:00,6.84,7.66,1.613101,2.736,7.2,1,1,6.924280797681606
syn_00398,Dumb Charging,2020-07-16T17:35:37.794269+00:00,2020-07-16T21:21:43.331792+00:00,16.88,3.77,5.99293,6.84,18.0,1,1,0.0
syn_00398,Smart Price,2020-07-16T17:35:37.794269+00:00,2020-07-16T21:21:43.331792+00:00,16.88,3.77,5.796401,6.552,18.0,2,2,0.0
syn_00398,Proposed Method,2020-07-16T17:35:37.794269+00:00,2020-07-16T21:21:43.331792+00:00,16.88,3.77,5.99293,6.84,18.0,1,1,18.63215901760796
syn_00399,Dumb Charging,2020-07-01T19:55:28.957897+00:00,2020-07-02T06:59:55.252153+00:00,15.76,11.07,5.439739,5.004,16.2,1,1,0.0
syn_00399,Smart Price,2020-07-01T19:55:28.957897+00:00,2020-07-02T06:59:55.252153+00:00,15.76,11.07,3.301466,1.62,16.2,1,1,0.0
syn_00399,Proposed Method,2020-07-01T19:55:28.957897+00:00,2020-07-02T06:59:55.252153+00:00,15.76,11.07,2.455754,1.62,16.2,1,1,8.224014452316844
syn_00400,Dumb Charging,2020-09-01T18:22:31.880148+00:00,2020-09-02T07:55:34.577685+00:00,28.95,13.55,11.746027,9.9,30.6,1,1,0.0
syn_00400,Smart Price,2020-09-01T18:22:31.880148+00:00,2020-09-02T07:55:34.577685+00:00,28.95,13.55,6.143773,3.06,30.6,1,1,0.0
syn_00400,Proposed Method,2020-09-01T18:22:31.880148+00:00,2020-09-02T07:55:34.577685+00:00,28.95,13.55,5.600278,3.06,30.6,1,1,15.87651021255067
syn_00401,Dumb Charging,2020-06-24T09:54:16.764914+00:00,2020-06-24T22:10:55.291515+00:00,5.5,12.28,0.953901,1.584,7.2,1,1,0.0
syn_00401,Smart Price,2020-06-24T09:54:16.764914+00:00,2020-06-24T22:10:55.291515+00:00,5.5,12.28,0.953901,1.584,7.2,1,1,0.0
syn_00401,Proposed Method,2020-06-24T09:54:16.764914+00:00,2020-06-24T22:10:55.291515+00:00,5.5,12.28,0.953901,1.584,7.2,1,1,4.894992640355935
syn_00402,Dumb Charging,2020-08-02T08:05:51.742484+00:00,2020-08-02T11:01:28.321488+00:00,12.24,2.93,2.934571,2.772,12.6,1,1,0.0
syn_00402,Smart Price,2020-08-02T08:05:51.742484+00:00,2020-08-02T11:01:28.321488+00:00,12.24,2.93,2.934571,2.772,12.6,1,1,0.0
syn_00402,Proposed Method,2020-08-02T08:05:51.742484+00:00,2020-08-02T11:01:28.321488+00:00,12.24,2.93,2.378757,2.772,12.6,1,1,8.630266007445565
syn_00403,Dumb Charging,2020-01-01T08:33:20.818031+00:00,2020-01-01T14:07:50.255476+00:00,11.41,5.57,2.879009,2.772,12.6,1,1,0.0
syn_00403,Smart Price,2020-01-01T08:33:20.818031+00:00,2020-01-01T14:07:50.255476+00:00,11.41,5.57,2.879009,2.772,12.6,1,1,0.0
syn_00403,Proposed Method,2020-01-01T08:33:20.818031+00:00,2020-01-01T14:07:50.255476+00:00,11.41,5.57,1.671831,2.772,12.6,1,1,7.07175898083123
syn_00404,Dumb Charging,2020-05-26T08:05:12.190961+00:00,2020-05-26T14:06:26.104174+00:00,15.73,6.02,3.123553,3.564,16.2,1,1,0.0
syn_00404,Smart Price,2020-05-26T08:05:12.190961+00:00,2020-05-26T14:06:26.104174+00:00,15.73,6.02,3.123553,3.564,16.2,1,1,0.0
syn_00404,Proposed Method,2020-05-26T08:05:12.190961+00:00,2020-05-26T14:06:26.104174+00:00,15.73,6.02,1.840259,3.564,16.2,1,1,7.839080510692913
syn_00405,Dumb Charging,2020-08-16T10:25:51.979374+00:00,2020-08-16T17:49:05.093023+00:00,15.24,7.39,2.146866,3.564,16.2,1,1,0.0
syn_00405,Smart Price,2020-08-16T10:25:51.979374+00:00,2020-08-16T17:49:05.093023+00:00,15.24,7.39,2.146866,3.564,16.2,1,1,0.0
syn_00405,Proposed Method,2020-08-16T10:25:51.979374+00:00,2020-08-16T17:49:05.093023+00:00,15.24,7.39,2.146866,3.564,16.2,1,1,8.51503227571743
syn_00406,Dumb Charging,2020-06-28T13:03:08.396137+00:00,2020-06-28T21:31:31.723396+00:00,14.82,8.47,1.869054,3.564,16.2,1,1,0.0
syn_00406,Smart Price,2020-06-28T13:03:08.396137+00:00,2020-06-28T21:31:31.723396+00:00,14.82,8.47,1.869054,3.564,16.2,1,1,0.0
syn_00406,Proposed Method,2020-06-28T13:03:08.396137+00:00,2020-06-28T21:31:31.723396+00:00,14.82,8.47,1.869054,3.564,16.2,1,1,7.902562442036297
syn_00407,Dumb Charging,2020-11-06T07:36:49.027588+00:00,2020-11-06T17:54:50.249093+00:00,26.04,10.3,5.624283,5.508,27.0,1,1,0.0
syn_00407,Smart Price,2020-11-06T07:36:49.027588+00:00,2020-11-06T17:54:50.249093+00:00,26.04,10.3,5.624283,5.508,27.0,1,1,0.0
syn_00407,Proposed Method,2020-11-06T07:36:49.027588+00:00,2020-11-06T17:54:50.249093+00:00,26.04,10.3,3.727461,5.94,27.0,1,1,15.18765232127939
syn_00408,Dumb Charging,2020-02-09T12:47:04.636409+00:00,2020-02-09T23:38:22.335536+00:00,30.97,10.85,4.90229,8.568,32.4,1,1,0.0
syn_00408,Smart Price,2020-02-09T12:47:04.636409+00:00,2020-02-09T23:38:22.335536+00:00,30.97,10.85,5.65595,6.696,32.4,3,3,0.0
syn_00408,Proposed Method,2020-02-09T12:47:04.636409+00:00,2020-02-09T23:38:22.335536+00:00,30.97,10.85,4.90229,8.568,32.4,1,1,17.09170755134599
syn_00409,Dumb Charging,2020-07-11T06:21:39.861784+00:00,2020-07-11T16:42:36.533762+00:00,24.94,10.35,4.833454,4.032,25.2,1,1,0.0
syn_00409,Smart Price,2020-07-11T06:21:39.861784+00:00,2020-07-11T16:42:36.533762+00:00,24.94,10.35,4.833454,4.032,25.2,1,1,0.0
syn_00409,Proposed Method,2020-07-11T06:21:39.861784+00:00,2020-07-11T16:42:36.533762+00:00,24.94,10.35,3.096165,5.544,25.2,1,1,13.59787992992723
syn_00410,Dumb Charging,2020-03-29T16:32:49.526991+00:00,2020-03-30T03:17:00.419662+00:00,15.4,10.74,4.18109,6.156,16.2,1,1,0.0
syn_00410,Smart Price,2020-03-29T16:32:49.526991+00:00,2020-03-30T03:17:00.419662+00:00,15.4,10.74,2.854764,1.62,16.2,1,1,0.0
syn_00410,Proposed Method,2020-03-29T16:32:49.526991+00:00,2020-03-30T03:17:00.419662+00:00,15.4,10.74,2.019784,1.62,16.2,1,1,7.262864096728039
syn_00411,Dumb Charging,2020-12-25T10:14:37.855878+00:00,2020-12-25T20:06:43.850179+00:00,15.69,9.87,2.132326,3.564,16.2,1,1,0.0
syn_00411,Smart Price,2020-12-25T10:14:37.855878+00:00,2020-12-25T20:06:43.850179+00:00,15.69,9.87,2.132326,3.564,16.2,1,1,0.0
syn_00411,Proposed Method,2020-12-25T10:14:37.855878+00:00,2020-12-25T20:06:43.850179+00:00,15.69,9.87,2.132326,3.564,16.2,1,1,8.482978353177078
syn_00412,Dumb Charging,2020-07-29T13:26:05.412506+00:00,2020-07-29T18:08:40.836014+00:00,10.46,4.71,1.348973,2.376,10.8,1,1,0.0
syn_00412,Smart Price,2020-07-29T13:26:05.412506+00:00,2020-07-29T18:08:40.836014+00:00,10.46,4.71,1.348973,2.376,10.8,1,1,0.0
syn_00412,Proposed Method,2020-07-29T13:26:05.412506+00:00,2020-07-29T18:08:40.836014+00:00,10.46,4.71,1.348973,2.376,10.8,1,1,6.161978970626044
syn_00413,Dumb Charging,2020-08-20T11:38:12.703499+00:00,2020-08-20T15:07:54.452356+00:00,6.78,3.49,1.048314,1.584,7.2,1,1,0.0
syn_00413,Smart Price,2020-08-20T11:38:12.703499+00:00,2020-08-20T15:07:54.452356+00:00,6.78,3.49,1.048314,1.584,7.2,1,1,0.0
syn_00413,Proposed Method,2020-08-20T11:38:12.703499+00:00,2020-08-20T15:07:54.452356+00:00,6.78,3.49,0.84386,1.584,7.2,1,1,4.652394270108459
syn_00414,Dumb Charging,2020-01-21T14:45:48.198116+00:00,2020-01-21T20:51:35.819983+00:00,22.13,6.1,5.208523,7.452,23.4,1,1,0.0
syn_00414,Smart Price,2020-01-21T14:45:48.198116+00:00,2020-01-21T20:51:35.819983+00:00,22.13,6.1,5.208523,7.452,23.4,1,1,0.0
syn_00414,Proposed Method,2020-01-21T14:45:48.198116+00:00,2020-01-21T20:51:35.819983+00:00,22.13,6.1,5.208523,7.452,23.4,1,1,17.208836949791568
syn_00415,Dumb Charging,2020-03-24T09:41:37.845846+00:00,2020-03-24T16:03:20.776799+00:00,22.27,6.36,2.773984,5.148,23.4,1,1,0.0
syn_00415,Smart Price,2020-03-24T09:41:37.845846+00:00,2020-03-24T16:03:20.776799+00:00,22.27,6.36,2.773984,5.148,23.4,1,1,0.0
syn_00415,Proposed Method,2020-03-24T09:41:37.845846+00:00,2020-03-24T16:03:20.776799+00:00,22.27,6.36,2.751713,5.148,23.4,1,1,10.640493548245475
syn_00416,Dumb Charging,2020-01-04T08:29:38.561063+00:00,2020-01-04T20:56:45.332799+00:00,18.84,12.45,4.140589,4.356,19.8,1,1,0.0
syn_00416,Smart Price,2020-01-04T08:29:38.561063+00:00,2020-01-04T20:56:45.332799+00:00,18.84,12.45,4.140589,4.356,19.8,1,1,0.0
syn_00416,Proposed Method,2020-01-04T08:29:38.561063+00:00,2020-01-04T20:56:45.332799+00:00,18.84,12.45,2.356964,4.356,19.8,1,1,11.374221356897229
syn_00417,Dumb Charging,2020-01-21T18:18:40.450040+00:00,2020-01-21T22:36:26.209825+00:00,15.3,4.3,5.456751,6.156,16.2,1,1,0.0
syn_00417,Smart Price,2020-01-21T18:18:40.450040+00:00,2020-01-21T22:36:26.209825+00:00,15.3,4.3,5.269596,4.428,16.2,2,2,0.0
syn_00417,Proposed Method,2020-01-21T18:18:40.450040+00:00,2020-01-21T22:36:26.209825+00:00,15.3,4.3,5.307523,4.428,16.2,1,1,15.915093865019557
syn_00418,Dumb Charging,2020-06-13T17:18:52.076473+00:00,2020-06-13T23:58:12.841868+00:00,22.36,6.66,7.110778,8.892,23.4,1,1,0.0
syn_00418,Smart Price,2020-06-13T17:18:52.076473+00:00,2020-06-13T23:58:12.841868+00:00,22.36,6.66,6.757352,5.076,23.4,2,2,0.0
syn_00418,Proposed Method,2020-06-13T17:18:52.076473+00:00,2020-06-13T23:58:12.841868+00:00,22.36,6.66,6.91859,5.076,23.4,1,1,19.790893014279543
syn_00419,Dumb Charging,2020-10-20T09:42:24.154603+00:00,2020-10-20T21:08:00.869479+00:00,10.62,11.43,1.920582,2.376,10.8,1,1,0.0
syn_00419,Smart Price,2020-10-20T09:42:24.154603+00:00,2020-10-20T21:08:00.869479+00:00,10.62,11.43,1.920582,2.376,10.8,1,1,0.0
syn_00419,Proposed Method,2020-10-20T09:42:24.154603+00:00,2020-10-20T21:08:00.869479+00:00,10.62,11.43,1.920582,2.376,10.8,1,1,7.422162412024564
syn_00420,Dumb Charging,2020-02-21T05:48:23.694342+00:00,2020-02-21T08:46:06.229282+00:00,9.9,2.96,1.564616,1.08,10.8,1,1,0.0
syn_00420,Smart Price,2020-02-21T05:48:23.694342+00:00,2020-02-21T08:46:06.229282+00:00,9.9,2.96,1.564616,1.08,10.8,1,1,0.0
syn_00420,Proposed Method,2020-02-21T05:48:23.694342+00:00,2020-02-21T08:46:06.229282+00:00,9.9,2.96,1.564616,1.08,10.8,1,1,5.989391651070892
syn_00421,Dumb Charging,2020-09-21T13:16:33.552589+00:00,2020-09-21T16:33:11.099266+00:00,22.99,3.28,4.213785,5.724,23.4,1,1,0.0
syn_00421,Smart Price,2020-09-21T13:16:33.552589+00:00,2020-09-21T16:33:11.099266+00:00,22.99,3.28,4.213785,5.724,23.4,1,1,0.0
syn_00421,Proposed Method,2020-09-21T13:16:33.552589+00:00,2020-09-21T16:33:11.099266+00:00,22.99,3.28,4.213785,5.724,23.4,1,1,12.151812296755669
syn_00422,Dumb Charging,2020-02-08T17:12:10.421501+00:00,2020-02-08T19:54:37.692225+00:00,17.46,2.71,5.378621,6.84,18.0,1,1,0.0
syn_00422,Smart Price,2020-02-08T17:12:10.421501+00:00,2020-02-08T19:54:37.692225+00:00,17.46,2.71,5.378621,6.84,18.0,1,1,0.0
syn_00422,Proposed Method,2020-02-08T17:12:10.421501+00:00,2020-02-08T19:54:37.692225+00:00,17.46,2.71,5.378621,6.84,18.0,1,1,15.277838600878725
syn_00423,Dumb Charging,2020-05-08T17:23:57.372129+00:00,2020-05-08T20:47:03.916033+00:00,20.61,3.39,6.241396,8.208,21.6,1,1,0.0
syn_00423,Smart Price,2020-05-08T17:23:57.372129+00:00,2020-05-08T20:47:03.916033+00:00,20.61,3.39,6.241396,8.208,21.6,1,1,0.0
syn_00423,Proposed Method,2020-05-08T17:23:57.372129+00:00,2020-05-08T20:47:03.916033+00:00,20.61,3.39,6.241396,8.208,21.6,1,1,19.863934847525076
syn_00424,Dumb Charging,2020-01-17T05:35:21.236121+00:00,2020-01-17T08:06:12.662210+00:00,12.68,2.51,2.223308,1.44,14.4,1,1,0.0
syn_00424,Smart Price,2020-01-17T05:35:21.236121+00:00,2020-01-17T08:06:12.662210+00:00,12.68,2.51,2.223308,1.44,14.4,1,1,0.0
syn_00424,Proposed Method,2020-01-17T05:35:21.236121+00:00,2020-01-17T08:06:12.662210+00:00,12.68,2.51,2.223308,1.44,14.4,1,1,7.621558683646108
syn_00425,Dumb Charging,2020-02-07T04:20:48.990347+00:00,2020-02-07T13:36:51.847624+00:00,11.36,9.27,2.10843,1.26,12.6,1,1,0.0
syn_00425,Smart Price,2020-02-07T04:20:48.990347+00:00,2020-02-07T13:36:51.847624+00:00,11.36,9.27,2.10843,1.26,12.6,1,1,0.0
syn_00425,Proposed Method,2020-02-07T04:20:48.990347+00:00,2020-02-07T13:36:51.847624+00:00,11.36,9.27,1.531102,2.772,12.6,1,1,6.7615047896023714
syn_00426,Dumb Charging,2020-02-20T19:08:33.392680+00:00,2020-02-21T05:07:53.216755+00:00,13.76,9.99,4.865734,5.472,14.4,1,1,0.0
syn_00426,Smart Price,2020-02-20T19:08:33.392680+00:00,2020-02-21T05:07:53.216755+00:00,13.76,9.99,2.867417,1.44,14.4,1,1,0.0
syn_00426,Proposed Method,2020-02-20T19:08:33.392680+00:00,2020-02-21T05:07:53.216755+00:00,13.76,9.99,2.055242,1.44,14.4,1,1,7.251037420412965
syn_00427,Dumb Charging,2020-10-27T14:40:41.433914+00:00,2020-10-27T22:11:16.070917+00:00,16.25,7.51,4.061727,5.112,18.0,1,1,0.0
syn_00427,Smart Price,2020-10-27T14:40:41.433914+00:00,2020-10-27T22:11:16.070917+00:00,16.25,7.51,4.748303,3.96,18.0,2,2,0.0
syn_00427,Proposed Method,2020-10-27T14:40:41.433914+00:00,2020-10-27T22:11:16.070917+00:00,16.25,7.51,4.061727,5.112,18.0,1,1,13.510581623158883
syn_00428,Dumb Charging,2020-09-18T15:26:20.879127+00:00,2020-09-19T00:58:24.857894+00:00,20.72,9.53,6.102589,7.344,21.6,1,1,0.0
syn_00428,Smart Price,2020-09-18T15:26:20.879127+00:00,2020-09-19T00:58:24.857894+00:00,20.72,9.53,6.027314,3.24,21.6,3,3,0.0
syn_00428,Proposed Method,2020-09-18T15:26:20.879127+00:00,2020-09-19T00:58:24.857894+00:00,20.72,9.53,6.387033,3.24,21.6,1,1,17.701010008195237
syn_00429,Dumb Charging,2020-12-20T19:22:50.201065+00:00,2020-12-20T20:59:25.908597+00:00,10.28,1.61,4.40708,4.104,10.8,1,1,0.0
syn_00429,Smart Price,2020-12-20T19:22:50.201065+00:00,2020-12-20T20:59:25.908597+00:00,10.28,1.61,4.40708,4.104,10.8,1,1,0.0
syn_00429,Proposed Method,2020-12-20T19:22:50.201065+00:00,2020-12-20T20:59:25.908597+00:00,10.28,1.61,4.40708,4.104,10.8,1,1,11.767955343725838
syn_00430,Dumb Charging,2020-08-20T04:36:05.191389+00:00,2020-08-20T08:52:40.538292+00:00,27.55,4.28,5.179577,3.312,28.8,1,1,0.0
syn_00430,Smart Price,2020-08-20T04:36:05.191389+00:00,2020-08-20T08:52:40.538292+00:00,27.55,4.28,5.179577,3.312,28.8,1,1,0.0
syn_00430,Proposed Method,2020-08-20T04:36:05.191389+00:00,2020-08-20T08:52:40.538292+00:00,27.55,4.28,5.179577,3.312,28.8,1,1,15.075022361751094
syn_00431,Dumb Charging,2020-07-27T19:15:28.735927+00:00,2020-07-28T02:26:46.467031+00:00,7.28,7.19,3.391978,3.42,9.0,1,1,0.0
syn_00431,Smart Price,2020-07-27T19:15:28.735927+00:00,2020-07-28T02:26:46.467031+00:00,7.28,7.19,2.301303,0.9,9.0,1,1,0.0
syn_00431,Proposed Method,2020-07-27T19:15:28.735927+00:00,2020-07-28T02:26:46.467031+00:00,7.28,7.19,1.294754,0.9,9.0,1,1,5.304446142287781
syn_00432,Dumb Charging,2020-12-04T18:43:56.821446+00:00,2020-12-05T05:23:21.904495+00:00,5.3,10.66,1.73083,2.052,5.4,1,1,0.0
syn_00432,Smart Price,2020-12-04T18:43:56.821446+00:00,2020-12-05T05:23:21.904495+00:00,5.3,10.66,1.66948,0.54,5.4,1,1,0.0
syn_00432,Proposed Method,2020-12-04T18:43:56.821446+00:00,2020-12-05T05:23:21.904495+00:00,5.3,10.66,0.978146,0.54,5.4,1,1,4.426445307291247
syn_00433,Dumb Charging,2020-12-19T06:24:37.594847+00:00,2020-12-19T20:31:07.053676+00:00,6.62,14.11,1.224366,0.72,7.2,1,1,0.0
syn_00433,Smart Price,2020-12-19T06:24:37.594847+00:00,2020-12-19T20:31:07.053676+00:00,6.62,14.11,1.224366,0.72,7.2,1,1,0.0
syn_00433,Proposed Method,2020-12-19T06:24:37.594847+00:00,2020-12-19T20:31:07.053676+00:00,6.62,14.11,1.224366,0.72,7.2,1,1,5.059268211904005
syn_00434,Dumb Charging,2020-12-11T05:30:51.108411+00:00,2020-12-11T10:46:50.449688+00:00,9.2,5.27,1.884459,1.08,10.8,1,1,0.0
syn_00434,Smart Price,2020-12-11T05:30:51.108411+00:00,2020-12-11T10:46:50.449688+00:00,9.2,5.27,1.884459,1.08,10.8,1,1,0.0
syn_00434,Proposed Method,2020-12-11T05:30:51.108411+00:00,2020-12-11T10:46:50.449688+00:00,9.2,5.27,1.884459,1.08,10.8,1,1,6.694524427526977
syn_00435,Dumb Charging,2020-11-09T17:11:22.753390+00:00,2020-11-09T21:11:19.123083+00:00,4.02,4.0,1.724221,2.052,5.4,1,1,0.0
syn_00435,Smart Price,2020-11-09T17:11:22.753390+00:00,2020-11-09T21:11:19.123083+00:00,4.02,4.0,1.724221,2.052,5.4,1,1,0.0
syn_00435,Proposed Method,2020-11-09T17:11:22.753390+00:00,2020-11-09T21:11:19.123083+00:00,4.02,4.0,1.724221,2.052,5.4,1,1,6.827260744945049
syn_00436,Dumb Charging,2020-07-16T06:44:36.662625+00:00,2020-07-16T11:26:00.932319+00:00,8.82,4.69,1.624139,0.9,9.0,1,1,0.0
syn_00436,Smart Price,2020-07-16T06:44:36.662625+00:00,2020-07-16T11:26:00.932319+00:00,8.82,4.69,1.624139,0.9,9.0,1,1,0.0
syn_00436,Proposed Method,2020-07-16T06:44:36.662625+00:00,2020-07-16T11:26:00.932319+00:00,8.82,4.69,1.262062,1.98,9.0,1,1,5.772373745763684
syn_00437,Dumb Charging,2020-02-24T09:10:09.244925+00:00,2020-02-24T17:31:21.992034+00:00,5.13,8.35,1.283071,1.188,5.4,1,1,0.0
syn_00437,Smart Price,2020-02-24T09:10:09.244925+00:00,2020-02-24T17:31:21.992034+00:00,5.13,8.35,1.283071,1.188,5.4,1,1,0.0
syn_00437,Proposed Method,2020-02-24T09:10:09.244925+00:00,2020-02-24T17:31:21.992034+00:00,5.13,8.35,1.283071,1.188,5.4,1,1,5.422689444234905
syn_00438,Dumb Charging,2020-01-10T05:55:35.087741+00:00,2020-01-10T17:33:41.658442+00:00,7.23,11.64,1.352214,0.9,9.0,1,1,0.0
syn_00438,Smart Price,2020-01-10T05:55:35.087741+00:00,2020-01-10T17:33:41.658442+00:00,7.23,11.64,1.352214,0.9,9.0,1,1,0.0
syn_00438,Proposed Method,2020-01-10T05:55:35.087741+00:00,2020-01-10T17:33:41.658442+00:00,7.23,11.64,1.352214,0.9,9.0,1,1,5.431124785727944
syn_00439,Dumb Charging,2020-11-04T15:49:40.428192+00:00,2020-11-04T23:50:58.835825+00:00,10.13,8.02,2.849098,3.816,10.8,1,1,0.0
syn_00439,Smart Price,2020-11-04T15:49:40.428192+00:00,2020-11-04T23:50:58.835825+00:00,10.13,8.02,3.421678,1.728,10.8,3,3,0.0
syn_00439,Proposed Method,2020-11-04T15:49:40.428192+00:00,2020-11-04T23:50:58.835825+00:00,10.13,8.02,2.849098,3.816,10.8,1,1,10.189190792246652
syn_00440,Dumb Charging,2020-04-13T06:47:48.612220+00:00,2020-04-13T16:12:50.841738+00:00,17.17,9.42,3.121727,2.88,18.0,1,1,0.0
syn_00440,Smart Price,2020-04-13T06:47:48.612220+00:00,2020-04-13T16:12:50.841738+00:00,17.17,9.42,3.121727,2.88,18.0,1,1,0.0
syn_00440,Proposed Method,2020-04-13T06:47:48.612220+00:00,2020-04-13T16:12:50.841738+00:00,17.17,9.42,2.236256,3.96,18.0,1,1,8.910105426314422
syn_00441,Dumb Charging,2020-02-21T07:42:31.049999+00:00,2020-02-21T18:42:45.971811+00:00,12.92,11.0,2.963204,2.736,14.4,1,1,0.0
syn_00441,Smart Price,2020-02-21T07:42:31.049999+00:00,2020-02-21T18:42:45.971811+00:00,12.92,11.0,2.963204,2.736,14.4,1,1,0.0
syn_00441,Proposed Method,2020-02-21T07:42:31.049999+00:00,2020-02-21T18:42:45.971811+00:00,12.92,11.0,1.499254,3.168,14.4,1,1,8.889291767750851
syn_00442,Dumb Charging,2020-04-08T14:05:23.136176+00:00,2020-04-08T17:52:12.468279+00:00,23.62,3.78,4.170731,7.272,25.2,1,1,0.0
syn_00442,Smart Price,2020-04-08T14:05:23.136176+00:00,2020-04-08T17:52:12.468279+00:00,23.62,3.78,4.170731,7.272,25.2,1,1,0.0
syn_00442,Proposed Method,2020-04-08T14:05:23.136176+00:00,2020-04-08T17:52:12.468279+00:00,23.62,3.78,4.170731,7.272,25.2,1,1,14.83089561985054
syn_00443,Dumb Charging,2020-04-12T09:39:06.550109+00:00,2020-04-13T01:53:34.296548+00:00,19.95,16.24,2.647643,4.752,21.6,1,1,0.0
syn_00443,Smart Price,2020-04-12T09:39:06.550109+00:00,2020-04-13T01:53:34.296548+00:00,19.95,16.24,3.845581,2.592,21.6,2,2,0.0
syn_00443,Proposed Method,2020-04-12T09:39:06.550109+00:00,2020-04-13T01:53:34.296548+00:00,19.95,16.24,2.647643,4.752,21.6,1,1,10.213057327337937
syn_00444,Dumb Charging,2020-04-28T17:03:43.539844+00:00,2020-04-28T23:34:34.288916+00:00,9.29,6.51,2.733731,4.104,10.8,1,1,0.0
syn_00444,Smart Price,2020-04-28T17:03:43.539844+00:00,2020-04-28T23:34:34.288916+00:00,9.29,6.51,2.763015,1.944,10.8,2,2,0.0
syn_00444,Proposed Method,2020-04-28T17:03:43.539844+00:00,2020-04-28T23:34:34.288916+00:00,9.29,6.51,2.828982,1.944,10.8,1,1,9.208843501388388
syn_00445,Dumb Charging,2020-05-23T09:35:42.516535+00:00,2020-05-23T14:37:48.116672+00:00,9.17,5.03,1.49812,2.376,10.8,1,1,0.0
syn_00445,Smart Price,2020-05-23T09:35:42.516535+00:00,2020-05-23T14:37:48.116672+00:00,9.17,5.03,1.49812,2.376,10.8,1,1,0.0
syn_00445,Proposed Method,2020-05-23T09:35:42.516535+00:00,2020-05-23T14:37:48.116672+00:00,9.17,5.03,1.159721,2.376,10.8,1,1,5.744748591631098
syn_00446,Dumb Charging,2020-09-26T18:05:26.327486+00:00,2020-09-27T02:23:13.622442+00:00,26.55,8.3,10.141715,9.396,27.0,1,1,0.0
syn_00446,Smart Price,2020-09-26T18:05:26.327486+00:00,2020-09-27T02:23:13.622442+00:00,26.55,8.3,6.489134,3.132,27.0,2,2,0.0
syn_00446,Proposed Method,2020-09-26T18:05:26.327486+00:00,2020-09-27T02:23:13.622442+00:00,26.55,8.3,6.337718,3.132,27.0,1,1,17.538288480286568
syn_00447,Dumb Charging,2020-02-06T17:47:02.478749+00:00,2020-02-07T02:23:07.324664+00:00,14.08,8.6,4.293762,5.472,14.4,1,1,0.0
syn_00447,Smart Price,2020-02-06T17:47:02.478749+00:00,2020-02-07T02:23:07.324664+00:00,14.08,8.6,2.732654,1.44,14.4,1,1,0.0
syn_00447,Proposed Method,2020-02-06T17:47:02.478749+00:00,2020-02-07T02:23:07.324664+00:00,14.08,8.6,1.912704,1.44,14.4,1,1,6.936793108283087
syn_00448,Dumb Charging,2020-04-08T16:05:45.952945+00:00,2020-04-08T21:23:33.637421+00:00,19.31,5.3,4.864313,7.524,19.8,1,1,0.0
syn_00448,Smart Price,2020-04-08T16:05:45.952945+00:00,2020-04-08T21:23:33.637421+00:00,19.31,5.3,4.783472,7.236,19.8,2,2,0.0
syn_00448,Proposed Method,2020-04-08T16:05:45.952945+00:00,2020-04-08T21:23:33.637421+00:00,19.31,5.3,4.864313,7.524,19.8,1,1,16.485983080096865
syn_00449,Dumb Charging,2020-12-05T04:47:08.251286+00:00,2020-12-05T17:44:19.597137+00:00,14.06,12.95,2.435095,1.44,14.4,1,1,0.0
syn_00449,Smart Price,2020-12-05T04:47:08.251286+00:00,2020-12-05T17:44:19.597137+00:00,14.06,12.95,2.435095,1.44,14.4,1,1,0.0
syn_00449,Proposed Method,2020-12-05T04:47:08.251286+00:00,2020-12-05T17:44:19.597137+00:00,14.06,12.95,2.435095,1.44,14.4,1,1,8.088469321128146
syn_00450,Dumb Charging,2020-01-29T18:15:04.864115+00:00,2020-01-29T22:10:39.989328+00:00,13.5,3.93,4.802683,5.472,14.4,1,1,0.0
syn_00450,Smart Price,2020-01-29T18:15:04.864115+00:00,2020-01-29T22:10:39.989328+00:00,13.5,3.93,4.684618,4.32,14.4,2,2,0.0
syn_00450,Proposed Method,2020-01-29T18:15:04.864115+00:00,2020-01-29T22:10:39.989328+00:00,13.5,3.93,4.802683,5.472,14.4,1,1,15.324111968636055
syn_00451,Dumb Charging,2020-06-14T08:58:09.881951+00:00,2020-06-15T01:20:01.790238+00:00,16.37,16.36,2.967637,3.96,18.0,1,1,0.0
syn_00451,Smart Price,2020-06-14T08:58:09.881951+00:00,2020-06-15T01:20:01.790238+00:00,16.37,16.36,3.666809,2.232,18.0,2,2,0.0
syn_00451,Proposed Method,2020-06-14T08:58:09.881951+00:00,2020-06-15T01:20:01.790238+00:00,16.37,16.36,1.965271,3.96,18.0,1,1,10.312683852907966
syn_00452,Dumb Charging,2020-10-14T10:44:43.984745+00:00,2020-10-14T20:07:22.589115+00:00,15.01,9.38,2.335152,3.564,16.2,1,1,0.0
syn_00452,Smart Price,2020-10-14T10:44:43.984745+00:00,2020-10-14T20:07:22.589115+00:00,15.01,9.38,2.335152,3.564,16.2,1,1,0.0
syn_00452,Proposed Method,2020-10-14T10:44:43.984745+00:00,2020-10-14T20:07:22.589115+00:00,15.01,9.38,2.335152,3.564,16.2,1,1,8.930133790844883
syn_00453,Dumb Charging,2020-07-02T17:15:35.494950+00:00,2020-07-03T00:23:43.764567+00:00,6.69,7.14,1.975717,2.736,7.2,1,1,0.0
syn_00453,Smart Price,2020-07-02T17:15:35.494950+00:00,2020-07-03T00:23:43.764567+00:00,6.69,7.14,2.117777,0.72,7.2,1,1,0.0
syn_00453,Proposed Method,2020-07-02T17:15:35.494950+00:00,2020-07-03T00:23:43.764567+00:00,6.69,7.14,1.821455,0.72,7.2,1,1,6.3756232358917995
syn_00454,Dumb Charging,2020-02-29T01:11:39.606197+00:00,2020-02-29T09:22:57.455462+00:00,11.17,8.19,1.791582,1.26,12.6,1,1,0.0
syn_00454,Smart Price,2020-02-29T01:11:39.606197+00:00,2020-02-29T09:22:57.455462+00:00,11.17,8.19,1.791582,1.26,12.6,1,1,0.0
syn_00454,Proposed Method,2020-02-29T01:11:39.606197+00:00,2020-02-29T09:22:57.455462+00:00,11.17,8.19,1.791582,1.26,12.6,1,1,6.579766190767584
syn_00455,Dumb Charging,2020-06-12T16:00:47.028894+00:00,2020-06-13T02:17:18.077455+00:00,11.73,10.28,2.899224,4.788,12.6,1,1,0.0
syn_00455,Smart Price,2020-06-12T16:00:47.028894+00:00,2020-06-13T02:17:18.077455+00:00,11.73,10.28,2.567262,1.26,12.6,1,1,0.0
syn_00455,Proposed Method,2020-06-12T16:00:47.028894+00:00,2020-06-13T02:17:18.077455+00:00,11.73,10.28,1.630086,1.26,12.6,1,1,6.223728140251209
syn_00456,Dumb Charging,2020-05-27T07:36:44.398264+00:00,2020-05-27T19:46:25.895374+00:00,8.2,12.16,1.715757,1.548,9.0,1,1,0.0
syn_00456,Smart Price,2020-05-27T07:36:44.398264+00:00,2020-05-27T19:46:25.895374+00:00,8.2,12.16,1.715757,1.548,9.0,1,1,0.0
syn_00456,Proposed Method,2020-05-27T07:36:44.398264+00:00,2020-05-27T19:46:25.895374+00:00,8.2,12.16,1.715757,1.548,9.0,1,1,6.556599107478174
syn_00457,Dumb Charging,2020-05-23T11:46:04.509006+00:00,2020-05-23T22:02:45.792141+00:00,46.99,10.28,7.757557,13.572,48.6,1,1,0.0
syn_00457,Smart Price,2020-05-23T11:46:04.509006+00:00,2020-05-23T22:02:45.792141+00:00,46.99,10.28,8.024576,12.42,48.6,2,2,0.0
syn_00457,Proposed Method,2020-05-23T11:46:04.509006+00:00,2020-05-23T22:02:45.792141+00:00,46.99,10.28,7.757557,13.572,48.6,1,1,25.88850020988305
syn_00458,Dumb Charging,2020-06-16T06:01:01.180828+00:00,2020-06-16T16:17:49.958865+00:00,20.06,10.28,3.721669,3.024,21.6,1,1,0.0
syn_00458,Smart Price,2020-06-16T06:01:01.180828+00:00,2020-06-16T16:17:49.958865+00:00,20.06,10.28,3.721669,3.024,21.6,1,1,0.0
syn_00458,Proposed Method,2020-06-16T06:01:01.180828+00:00,2020-06-16T16:17:49.958865+00:00,20.06,10.28,2.800156,5.04,21.6,1,1,10.693292445269053
syn_00459,Dumb Charging,2020-06-19T14:45:14.709246+00:00,2020-06-20T01:35:46.149906+00:00,7.14,10.84,1.015578,1.584,7.2,1,1,0.0
syn_00459,Smart Price,2020-06-19T14:45:14.709246+00:00,2020-06-20T01:35:46.149906+00:00,7.14,10.84,1.829427,0.72,7.2,1,1,0.0
syn_00459,Proposed Method,2020-06-19T14:45:14.709246+00:00,2020-06-20T01:35:46.149906+00:00,7.14,10.84,0.945554,0.72,7.2,1,1,4.444590668918721
syn_00460,Dumb Charging,2020-07-21T10:05:57.672383+00:00,2020-07-21T19:59:22.737749+00:00,11.07,9.89,1.489888,2.772,12.6,1,1,0.0
syn_00460,Smart Price,2020-07-21T10:05:57.672383+00:00,2020-07-21T19:59:22.737749+00:00,11.07,9.89,1.489888,2.772,12.6,1,1,0.0
syn_00460,Proposed Method,2020-07-21T10:05:57.672383+00:00,2020-07-21T19:59:22.737749+00:00,11.07,9.89,1.489888,2.772,12.6,1,1,6.670643137192169
syn_00461,Dumb Charging,2020-02-15T15:47:40.420586+00:00,2020-02-15T20:04:22.248913+00:00,6.25,4.28,1.407611,2.448,7.2,1,1,0.0
syn_00461,Smart Price,2020-02-15T15:47:40.420586+00:00,2020-02-15T20:04:22.248913+00:00,6.25,4.28,1.407611,2.448,7.2,1,1,0.0
syn_00461,Proposed Method,2020-02-15T15:47:40.420586+00:00,2020-02-15T20:04:22.248913+00:00,6.25,4.28,1.407611,2.448,7.2,1,1,6.3272543397796674
syn_00462,Dumb Charging,2020-06-27T10:08:20.625871+00:00,2020-06-27T16:28:12.923666+00:00,13.41,6.33,1.540289,3.168,14.4,1,1,0.0
syn_00462,Smart Price,2020-06-27T10:08:20.625871+00:00,2020-06-27T16:28:12.923666+00:00,13.41,6.33,1.540289,3.168,14.4,1,1,0.0
syn_00462,Proposed Method,2020-06-27T10:08:20.625871+00:00,2020-06-27T16:28:12.923666+00:00,13.41,6.33,1.540289,3.168,14.4,1,1,6.9797594081402785
syn_00463,Dumb Charging,2020-05-04T16:56:07.172745+00:00,2020-05-05T02:34:11.253523+00:00,13.23,9.63,3.655445,5.472,14.4,1,1,0.0
syn_00463,Smart Price,2020-05-04T16:56:07.172745+00:00,2020-05-05T02:34:11.253523+00:00,13.23,9.63,2.530587,1.44,14.4,1,1,0.0
syn_00463,Proposed Method,2020-05-04T16:56:07.172745+00:00,2020-05-05T02:34:11.253523+00:00,13.23,9.63,1.882768,1.44,14.4,1,1,6.870796053060511
syn_00464,Dumb Charging,2020-04-04T03:04:00.310126+00:00,2020-04-04T09:32:59.942946+00:00,15.39,6.48,2.111289,1.62,16.2,1,1,0.0
syn_00464,Smart Price,2020-04-04T03:04:00.310126+00:00,2020-04-04T09:32:59.942946+00:00,15.39,6.48,2.111289,1.62,16.2,1,1,0.0
syn_00464,Proposed Method,2020-04-04T03:04:00.310126+00:00,2020-04-04T09:32:59.942946+00:00,15.39,6.48,2.111289,1.62,16.2,1,1,7.464598278601314
syn_00465,Dumb Charging,2020-01-15T08:53:47.671458+00:00,2020-01-15T16:29:12.892597+00:00,4.08,7.59,1.434281,1.188,5.4,1,1,0.0
syn_00465,Smart Price,2020-01-15T08:53:47.671458+00:00,2020-01-15T16:29:12.892597+00:00,4.08,7.59,1.434281,1.188,5.4,1,1,0.0
syn_00465,Proposed Method,2020-01-15T08:53:47.671458+00:00,2020-01-15T16:29:12.892597+00:00,4.08,7.59,1.159659,1.476,5.4,1,1,5.294612124466878
syn_00466,Dumb Charging,2020-05-04T10:09:40.234277+00:00,2020-05-04T14:18:41.044160+00:00,16.36,4.15,1.882739,3.96,18.0,1,1,0.0
syn_00466,Smart Price,2020-05-04T10:09:40.234277+00:00,2020-05-04T14:18:41.044160+00:00,16.36,4.15,1.882739,3.96,18.0,1,1,0.0
syn_00466,Proposed Method,2020-05-04T10:09:40.234277+00:00,2020-05-04T14:18:41.044160+00:00,16.36,4.15,1.882739,3.96,18.0,1,1,8.130731330272427
syn_00467,Dumb Charging,2020-04-29T18:33:14.925305+00:00,2020-04-30T01:35:57.913457+00:00,11.24,7.05,3.585448,4.788,12.6,1,1,0.0
syn_00467,Smart Price,2020-04-29T18:33:14.925305+00:00,2020-04-30T01:35:57.913457+00:00,11.24,7.05,2.384468,1.26,12.6,1,1,0.0
syn_00467,Proposed Method,2020-04-29T18:33:14.925305+00:00,2020-04-30T01:35:57.913457+00:00,11.24,7.05,1.730879,1.26,12.6,1,1,6.445937477811201
syn_00468,Dumb Charging,2020-12-06T17:23:24.748607+00:00,2020-12-07T03:30:43.610827+00:00,16.1,10.12,5.118803,6.156,16.2,1,1,0.0
syn_00468,Smart Price,2020-12-06T17:23:24.748607+00:00,2020-12-07T03:30:43.610827+00:00,16.1,10.12,3.560952,1.62,16.2,1,1,0.0
syn_00468,Proposed Method,2020-12-06T17:23:24.748607+00:00,2020-12-07T03:30:43.610827+00:00,16.1,10.12,2.687654,1.62,16.2,1,1,8.735267272661362
syn_00469,Dumb Charging,2020-04-24T09:17:01.599356+00:00,2020-04-24T20:13:22.392096+00:00,25.09,10.94,3.203361,5.544,25.2,1,1,0.0
syn_00469,Smart Price,2020-04-24T09:17:01.599356+00:00,2020-04-24T20:13:22.392096+00:00,25.09,10.94,3.203361,5.544,25.2,1,1,0.0
syn_00469,Proposed Method,2020-04-24T09:17:01.599356+00:00,2020-04-24T20:13:22.392096+00:00,25.09,10.94,3.203361,5.544,25.2,1,1,11.834207093171107
syn_00470,Dumb Charging,2020-01-25T13:37:49.722845+00:00,2020-01-25T22:01:52.676213+00:00,5.32,8.4,0.608216,1.188,5.4,1,1,0.0
syn_00470,Smart Price,2020-01-25T13:37:49.722845+00:00,2020-01-25T22:01:52.676213+00:00,5.32,8.4,0.608216,1.188,5.4,1,1,0.0
syn_00470,Proposed Method,2020-01-25T13:37:49.722845+00:00,2020-01-25T22:01:52.676213+00:00,5.32,8.4,0.608216,1.188,5.4,1,1,3.9348883245393655
syn_00471,Dumb Charging,2020-12-05T18:32:37.494905+00:00,2020-12-06T00:58:06.684297+00:00,10.94,6.42,4.799677,4.788,12.6,1,1,0.0
syn_00471,Smart Price,2020-12-05T18:32:37.494905+00:00,2020-12-06T00:58:06.684297+00:00,10.94,6.42,2.868623,1.26,12.6,1,1,0.0
syn_00471,Proposed Method,2020-12-05T18:32:37.494905+00:00,2020-12-06T00:58:06.684297+00:00,10.94,6.42,2.868623,1.26,12.6,1,1,8.95423650148786
syn_00472,Dumb Charging,2020-10-20T15:24:13.295824+00:00,2020-10-20T23:36:59.355858+00:00,18.81,8.21,5.456519,6.66,19.8,1,1,0.0
syn_00472,Smart Price,2020-10-20T15:24:13.295824+00:00,2020-10-20T23:36:59.355858+00:00,18.81,8.21,6.616124,4.14,19.8,3,3,0.0
syn_00472,Proposed Method,2020-10-20T15:24:13.295824+00:00,2020-10-20T23:36:59.355858+00:00,18.81,8.21,5.456519,6.66,19.8,1,1,17.359575904398284
syn_00473,Dumb Charging,2020-08-07T11:44:01.370881+00:00,2020-08-07T19:53:38.696984+00:00,19.96,8.16,3.066982,4.752,21.6,1,1,0.0
syn_00473,Smart Price,2020-08-07T11:44:01.370881+00:00,2020-08-07T19:53:38.696984+00:00,19.96,8.16,3.066982,4.752,21.6,1,1,0.0
syn_00473,Proposed Method,2020-08-07T11:44:01.370881+00:00,2020-08-07T19:53:38.696984+00:00,19.96,8.16,3.066982,4.752,21.6,1,1,11.1375426776205
syn_00474,Dumb Charging,2020-11-06T17:12:54.246096+00:00,2020-11-07T01:26:35.226668+00:00,23.65,8.23,9.098189,9.576,25.2,1,1,0.0
syn_00474,Smart Price,2020-11-06T17:12:54.246096+00:00,2020-11-07T01:26:35.226668+00:00,23.65,8.23,7.417797,3.816,25.2,2,2,0.0
syn_00474,Proposed Method,2020-11-06T17:12:54.246096+00:00,2020-11-07T01:26:35.226668+00:00,23.65,8.23,7.431816,3.816,25.2,1,1,20.29236348306175
syn_00475,Dumb Charging,2020-06-04T09:07:57.543631+00:00,2020-06-04T14:03:47.283366+00:00,15.5,4.93,2.374118,3.564,16.2,1,1,0.0
syn_00475,Smart Price,2020-06-04T09:07:57.543631+00:00,2020-06-04T14:03:47.283366+00:00,15.5,4.93,2.374118,3.564,16.2,1,1,0.0
syn_00475,Proposed Method,2020-06-04T09:07:57.543631+00:00,2020-06-04T14:03:47.283366+00:00,15.5,4.93,2.042962,3.564,16.2,1,1,8.285964559436488
syn_00476,Dumb Charging,2020-05-16T15:37:10.473317+00:00,2020-05-16T21:18:22.255442+00:00,19.17,5.69,4.243653,6.948,19.8,1,1,0.0
syn_00476,Smart Price,2020-05-16T15:37:10.473317+00:00,2020-05-16T21:18:22.255442+00:00,19.17,5.69,4.243653,6.948,19.8,1,1,0.0
syn_00476,Proposed Method,2020-05-16T15:37:10.473317+00:00,2020-05-16T21:18:22.255442+00:00,19.17,5.69,4.243653,6.948,19.8,1,1,14.829661611328792
syn_00477,Dumb Charging,2020-07-02T17:11:45.613782+00:00,2020-07-03T13:11:45.613782+00:00,11.86,20.0,3.831765,4.788,12.6,1,1,0.0
syn_00477,Smart Price,2020-07-02T17:11:45.613782+00:00,2020-07-03T13:11:45.613782+00:00,11.86,20.0,2.767688,1.26,12.6,1,1,0.0
syn_00477,Proposed Method,2020-07-02T17:11:45.613782+00:00,2020-07-03T13:11:45.613782+00:00,11.86,20.0,1.612799,2.772,12.6,1,1,6.941615398070242
syn_00478,Dumb Charging,2020-06-30T16:17:49.021907+00:00,2020-07-01T00:39:55.389880+00:00,24.72,8.37,6.591486,9.576,25.2,1,1,0.0
syn_00478,Smart Price,2020-06-30T16:17:49.021907+00:00,2020-07-01T00:39:55.389880+00:00,24.72,8.37,6.439948,4.248,25.2,1,1,0.0
syn_00478,Proposed Method,2020-06-30T16:17:49.021907+00:00,2020-07-01T00:39:55.389880+00:00,24.72,8.37,6.439948,4.248,25.2,1,1,18.321666030897585
syn_00479,Dumb Charging,2020-12-19T19:31:05.626915+00:00,2020-12-20T02:33:52.679512+00:00,12.19,7.05,4.872056,4.5,12.6,1,1,0.0
syn_00479,Smart Price,2020-12-19T19:31:05.626915+00:00,2020-12-20T02:33:52.679512+00:00,12.19,7.05,3.111091,1.26,12.6,1,1,0.0
syn_00479,Proposed Method,2020-12-19T19:31:05.626915+00:00,2020-12-20T02:33:52.679512+00:00,12.19,7.05,1.97814,1.26,12.6,1,1,6.991055246506474
syn_00480,Dumb Charging,2020-12-09T06:50:29.599303+00:00,2020-12-09T12:03:48.567108+00:00,8.45,5.22,1.698574,0.9,9.0,1,1,0.0
syn_00480,Smart Price,2020-12-09T06:50:29.599303+00:00,2020-12-09T12:03:48.567108+00:00,8.45,5.22,1.698574,0.9,9.0,1,1,0.0
syn_00480,Proposed Method,2020-12-09T06:50:29.599303+00:00,2020-12-09T12:03:48.567108+00:00,8.45,5.22,1.125476,1.98,9.0,1,1,5.471252801449633
syn_00481,Dumb Charging,2020-02-12T16:16:16.483491+00:00,2020-02-13T00:08:46.144799+00:00,14.32,7.87,3.525809,5.472,14.4,1,1,0.0
syn_00481,Smart Price,2020-02-12T16:16:16.483491+00:00,2020-02-13T00:08:46.144799+00:00,14.32,7.87,4.256794,2.304,14.4,2,2,0.0
syn_00481,Proposed Method,2020-02-12T16:16:16.483491+00:00,2020-02-13T00:08:46.144799+00:00,14.32,7.87,4.105013,2.304,14.4,1,1,12.202011737155967
syn_00482,Dumb Charging,2020-01-26T05:46:23.819310+00:00,2020-01-26T14:02:21.357935+00:00,21.34,8.27,3.779964,2.808,21.6,1,1,0.0
syn_00482,Smart Price,2020-01-26T05:46:23.819310+00:00,2020-01-26T14:02:21.357935+00:00,21.34,8.27,3.779964,2.808,21.6,1,1,0.0
syn_00482,Proposed Method,2020-01-26T05:46:23.819310+00:00,2020-01-26T14:02:21.357935+00:00,21.34,8.27,2.767462,4.752,21.6,1,1,10.477214334104296
syn_00483,Dumb Charging,2020-08-29T06:34:17.899726+00:00,2020-08-29T16:56:23.382083+00:00,9.52,10.37,2.115472,1.08,10.8,1,1,0.0
syn_00483,Smart Price,2020-08-29T06:34:17.899726+00:00,2020-08-29T16:56:23.382083+00:00,9.52,10.37,2.115472,1.08,10.8,1,1,0.0
syn_00483,Proposed Method,2020-08-29T06:34:17.899726+00:00,2020-08-29T16:56:23.382083+00:00,9.52,10.37,2.115472,1.08,10.8,1,1,7.203820641178986
syn_00484,Dumb Charging,2020-06-20T12:54:12.510165+00:00,2020-06-20T23:02:44.643153+00:00,21.39,10.14,2.807483,4.752,21.6,1,1,0.0
syn_00484,Smart Price,2020-06-20T12:54:12.510165+00:00,2020-06-20T23:02:44.643153+00:00,21.39,10.14,2.807483,4.752,21.6,1,1,0.0
syn_00484,Proposed Method,2020-06-20T12:54:12.510165+00:00,2020-06-20T23:02:44.643153+00:00,21.39,10.14,2.807483,4.752,21.6,1,1,10.56544656904454
syn_00485,Dumb Charging,2020-02-27T17:26:16.611881+00:00,2020-02-27T20:34:53.779074+00:00,9.55,3.14,2.775198,4.104,10.8,1,1,0.0
syn_00485,Smart Price,2020-02-27T17:26:16.611881+00:00,2020-02-27T20:34:53.779074+00:00,9.55,3.14,2.775198,4.104,10.8,1,1,0.0
syn_00485,Proposed Method,2020-02-27T17:26:16.611881+00:00,2020-02-27T20:34:53.779074+00:00,9.55,3.14,2.775198,4.104,10.8,1,1,10.170269271155773
syn_00486,Dumb Charging,2020-05-05T05:46:02.100926+00:00,2020-05-05T12:07:41.423162+00:00,7.17,6.36,0.919527,0.72,7.2,1,1,0.0
syn_00486,Smart Price,2020-05-05T05:46:02.100926+00:00,2020-05-05T12:07:41.423162+00:00,7.17,6.36,0.919527,0.72,7.2,1,1,0.0
syn_00486,Proposed Method,2020-05-05T05:46:02.100926+00:00,2020-05-05T12:07:41.423162+00:00,7.17,6.36,0.919527,0.72,7.2,1,1,4.387212191230682
syn_00487,Dumb Charging,2020-04-24T17:06:12.227914+00:00,2020-04-25T02:30:05.617682+00:00,20.18,9.4,5.670731,8.208,21.6,1,1,0.0
syn_00487,Smart Price,2020-04-24T17:06:12.227914+00:00,2020-04-25T02:30:05.617682+00:00,20.18,9.4,3.501814,2.16,21.6,1,1,0.0
syn_00487,Proposed Method,2020-04-24T17:06:12.227914+00:00,2020-04-25T02:30:05.617682+00:00,20.18,9.4,3.282572,2.16,21.6,1,1,10.316839114870485
syn_00488,Dumb Charging,2020-08-03T21:14:32.232499+00:00,2020-08-04T05:33:00.932371+00:00,4.87,8.31,2.037844,1.188,5.4,1,1,0.0
syn_00488,Smart Price,2020-08-03T21:14:32.232499+00:00,2020-08-04T05:33:00.932371+00:00,4.87,8.31,1.559625,0.54,5.4,1,1,0.0
syn_00488,Proposed Method,2020-08-03T21:14:32.232499+00:00,2020-08-04T05:33:00.932371+00:00,4.87,8.31,0.91852,0.54,5.4,1,1,4.294991302801734
syn_00489,Dumb Charging,2020-01-15T13:31:08.378479+00:00,2020-01-15T20:58:20.538263+00:00,13.83,7.45,1.826826,3.168,14.4,1,1,0.0
syn_00489,Smart Price,2020-01-15T13:31:08.378479+00:00,2020-01-15T20:58:20.538263+00:00,13.83,7.45,1.826826,3.168,14.4,1,1,0.0
syn_00489,Proposed Method,2020-01-15T13:31:08.378479+00:00,2020-01-15T20:58:20.538263+00:00,13.83,7.45,1.826826,3.168,14.4,1,1,7.611466188120846
syn_00490,Dumb Charging,2020-11-06T10:38:49.015040+00:00,2020-11-06T21:16:12.875104+00:00,8.51,10.62,1.170784,1.98,9.0,1,1,0.0
syn_00490,Smart Price,2020-11-06T10:38:49.015040+00:00,2020-11-06T21:16:12.875104+00:00,8.51,10.62,1.170784,1.98,9.0,1,1,0.0
syn_00490,Proposed Method,2020-11-06T10:38:49.015040+00:00,2020-11-06T21:16:12.875104+00:00,8.51,10.62,1.170784,1.98,9.0,1,1,5.5711399322134545
syn_00491,Dumb Charging,2020-04-26T09:06:37.499390+00:00,2020-04-26T17:10:01.605654+00:00,4.89,8.06,1.163687,1.188,5.4,1,1,0.0
syn_00491,Smart Price,2020-04-26T09:06:37.499390+00:00,2020-04-26T17:10:01.605654+00:00,4.89,8.06,1.163687,1.188,5.4,1,1,0.0
syn_00491,Proposed Method,2020-04-26T09:06:37.499390+00:00,2020-04-26T17:10:01.605654+00:00,4.89,8.06,1.163687,1.188,5.4,1,1,5.159493263835113
syn_00492,Dumb Charging,2020-09-11T16:34:10.926006+00:00,2020-09-11T21:29:22.859822+00:00,10.76,4.92,3.052921,4.104,10.8,1,1,0.0
syn_00492,Smart Price,2020-09-11T16:34:10.926006+00:00,2020-09-11T21:29:22.859822+00:00,10.76,4.92,3.154974,3.816,10.8,2,2,0.0
syn_00492,Proposed Method,2020-09-11T16:34:10.926006+00:00,2020-09-11T21:29:22.859822+00:00,10.76,4.92,3.052921,4.104,10.8,1,1,10.7825440717962
syn_00493,Dumb Charging,2020-04-05T17:10:53.760170+00:00,2020-04-06T03:10:46.945953+00:00,28.46,10.0,8.101191,10.944,28.8,1,1,0.0
syn_00493,Smart Price,2020-04-05T17:10:53.760170+00:00,2020-04-06T03:10:46.945953+00:00,28.46,10.0,4.796741,3.096,28.8,2,2,0.0
syn_00493,Proposed Method,2020-04-05T17:10:53.760170+00:00,2020-04-06T03:10:46.945953+00:00,28.46,10.0,4.557097,3.096,28.8,1,1,13.5946864314615
syn_00494,Dumb Charging,2020-04-19T17:52:31.120849+00:00,2020-04-20T03:54:13.411045+00:00,11.47,10.03,3.130762,4.788,12.6,1,1,0.0
syn_00494,Smart Price,2020-04-19T17:52:31.120849+00:00,2020-04-20T03:54:13.411045+00:00,11.47,10.03,2.261852,1.26,12.6,1,1,0.0
syn_00494,Proposed Method,2020-04-19T17:52:31.120849+00:00,2020-04-20T03:54:13.411045+00:00,11.47,10.03,1.57176,1.26,12.6,1,1,6.095139470573974
syn_00495,Dumb Charging,2020-07-09T18:57:33.014456+00:00,2020-07-10T09:03:16.187029+00:00,43.25,14.1,13.544597,10.764,45.0,1,1,0.0
syn_00495,Smart Price,2020-07-09T18:57:33.014456+00:00,2020-07-10T09:03:16.187029+00:00,43.25,14.1,7.431384,4.5,45.0,1,1,0.0
syn_00495,Proposed Method,2020-07-09T18:57:33.014456+00:00,2020-07-10T09:03:16.187029+00:00,43.25,14.1,7.343143,5.148,45.0,1,1,20.762873120120002
syn_00496,Dumb Charging,2020-06-10T09:02:01.799123+00:00,2020-06-10T16:04:09.458668+00:00,10.08,7.04,2.036551,2.376,10.8,1,1,0.0
syn_00496,Smart Price,2020-06-10T09:02:01.799123+00:00,2020-06-10T16:04:09.458668+00:00,10.08,7.04,2.036551,2.376,10.8,1,1,0.0
syn_00496,Proposed Method,2020-06-10T09:02:01.799123+00:00,2020-06-10T16:04:09.458668+00:00,10.08,7.04,1.703873,2.376,10.8,1,1,6.9443991416986295
syn_00497,Dumb Charging,2020-07-24T17:11:07.292011+00:00,2020-07-24T22:13:02.576262+00:00,15.67,5.03,4.639022,6.156,16.2,1,1,0.0
syn_00497,Smart Price,2020-07-24T17:11:07.292011+00:00,2020-07-24T22:13:02.576262+00:00,15.67,5.03,4.727499,5.004,16.2,2,2,0.0
syn_00497,Proposed Method,2020-07-24T17:11:07.292011+00:00,2020-07-24T22:13:02.576262+00:00,15.67,5.03,4.639022,6.156,16.2,1,1,15.305301216407196
syn_00498,Dumb Charging,2020-08-03T17:28:06.948195+00:00,2020-08-04T01:26:12.529669+00:00,21.06,7.97,7.402532,8.208,21.6,1,1,0.0
syn_00498,Smart Price,2020-08-03T17:28:06.948195+00:00,2020-08-04T01:26:12.529669+00:00,21.06,7.97,5.74486,3.024,21.6,2,2,0.0
syn_00498,Proposed Method,2020-08-03T17:28:06.948195+00:00,2020-08-04T01:26:12.529669+00:00,21.06,7.97,5.496155,3.024,21.6,1,1,15.628956692644664
syn_00499,Dumb Charging,2020-11-03T17:33:16.484625+00:00,2020-11-04T02:58:18.509011+00:00,7.79,9.42,2.902119,3.42,9.0,1,1,0.0
syn_00499,Smart Price,2020-11-03T17:33:16.484625+00:00,2020-11-04T02:58:18.509011+00:00,7.79,9.42,2.875652,0.9,9.0,1,1,0.0
syn_00499,Proposed Method,2020-11-03T17:33:16.484625+00:00,2020-11-04T02:58:18.509011+00:00,7.79,9.42,1.610552,0.9,9.0,1,1,6.000663206610035
syn_00500,Dumb Charging,2020-11-23T15:09:10.945584+00:00,2020-11-23T19:32:14.393801+00:00,14.53,4.38,3.983603,5.004,16.2,1,1,0.0
syn_00500,Smart Price,2020-11-23T15:09:10.945584+00:00,2020-11-23T19:32:14.393801+00:00,14.53,4.38,3.983603,5.004,16.2,1,1,0.0
syn_00500,Proposed Method,2020-11-23T15:09:10.945584+00:00,2020-11-23T19:32:14.393801+00:00,14.53,4.38,3.983603,5.004,16.2,1,1,13.2843481658283
syn_00501,Dumb Charging,2020-05-03T15:11:41.953154+00:00,2020-05-03T21:32:20.442368+00:00,31.11,6.34,7.251516,11.16,32.4,1,1,0.0
syn_00501,Smart Price,2020-05-03T15:11:41.953154+00:00,2020-05-03T21:32:20.442368+00:00,31.11,6.34,7.375965,10.872,32.4,2,2,0.0
syn_00501,Proposed Method,2020-05-03T15:11:41.953154+00:00,2020-05-03T21:32:20.442368+00:00,31.11,6.34,7.251516,11.16,32.4,1,1,23.56686941728598
syn_00502,Dumb Charging,2020-03-01T18:53:06.674070+00:00,2020-03-02T04:20:11.223340+00:00,10.25,9.45,3.238734,4.104,10.8,1,1,0.0
syn_00502,Smart Price,2020-03-01T18:53:06.674070+00:00,2020-03-02T04:20:11.223340+00:00,10.25,9.45,2.385478,1.08,10.8,1,1,0.0
syn_00502,Proposed Method,2020-03-01T18:53:06.674070+00:00,2020-03-02T04:20:11.223340+00:00,10.25,9.45,1.368319,1.08,10.8,1,1,5.5566286636728055
syn_00503,Dumb Charging,2020-09-15T15:30:38.711834+00:00,2020-09-15T22:42:01.588748+00:00,29.95,7.19,9.460654,11.052,30.6,1,1,0.0
syn_00503,Smart Price,2020-09-15T15:30:38.711834+00:00,2020-09-15T22:42:01.588748+00:00,29.95,7.19,9.484204,9.324,30.6,2,2,0.0
syn_00503,Proposed Method,2020-09-15T15:30:38.711834+00:00,2020-09-15T22:42:01.588748+00:00,29.95,7.19,9.460654,11.052,30.6,1,1,28.38318824812531
syn_00504,Dumb Charging,2020-12-26T18:21:01.041551+00:00,2020-12-26T20:35:48.383972+00:00,7.2,2.25,2.444034,2.736,7.2,1,1,0.0
syn_00504,Smart Price,2020-12-26T18:21:01.041551+00:00,2020-12-26T20:35:48.383972+00:00,7.2,2.25,2.444034,2.736,7.2,1,1,0.0
syn_00504,Proposed Method,2020-12-26T18:21:01.041551+00:00,2020-12-26T20:35:48.383972+00:00,7.2,2.25,2.444034,2.736,7.2,1,1,8.75617663358327
syn_00505,Dumb Charging,2020-12-12T09:59:45.551329+00:00,2020-12-12T18:21:18.034748+00:00,28.52,8.36,4.153541,6.336,28.8,1,1,0.0
syn_00505,Smart Price,2020-12-12T09:59:45.551329+00:00,2020-12-12T18:21:18.034748+00:00,28.52,8.36,4.153541,6.336,28.8,1,1,0.0
syn_00505,Proposed Method,2020-12-12T09:59:45.551329+00:00,2020-12-12T18:21:18.034748+00:00,28.52,8.36,4.153541,6.336,28.8,1,1,14.3249986373622
syn_00506,Dumb Charging,2020-08-19T15:25:49.589420+00:00,2020-08-19T23:20:53.360871+00:00,13.24,7.92,3.447924,4.608,14.4,1,1,0.0
syn_00506,Smart Price,2020-08-19T15:25:49.589420+00:00,2020-08-19T23:20:53.360871+00:00,13.24,7.92,4.254422,3.168,14.4,2,2,0.0
syn_00506,Proposed Method,2020-08-19T15:25:49.589420+00:00,2020-08-19T23:20:53.360871+00:00,13.24,7.92,3.447924,4.608,14.4,1,1,11.905377253781133
syn_00507,Dumb Charging,2020-11-23T11:22:05.158801+00:00,2020-11-23T21:23:04.275194+00:00,13.08,10.02,2.137468,3.168,14.4,1,1,0.0
syn_00507,Smart Price,2020-11-23T11:22:05.158801+00:00,2020-11-23T21:23:04.275194+00:00,13.08,10.02,2.137468,3.168,14.4,1,1,0.0
syn_00507,Proposed Method,2020-11-23T11:22:05.158801+00:00,2020-11-23T21:23:04.275194+00:00,13.08,10.02,2.137468,3.168,14.4,1,1,8.296313312742246
syn_00508,Dumb Charging,2020-10-27T17:49:57.850667+00:00,2020-10-27T22:06:58.542286+00:00,21.73,4.28,8.958534,8.892,23.4,1,1,0.0
syn_00508,Smart Price,2020-10-27T17:49:57.850667+00:00,2020-10-27T22:06:58.542286+00:00,21.73,4.28,8.992128,7.74,23.4,2,2,0.0
syn_00508,Proposed Method,2020-10-27T17:49:57.850667+00:00,2020-10-27T22:06:58.542286+00:00,21.73,4.28,9.190271,7.74,23.4,1,1,26.131096637460043
syn_00509,Dumb Charging,2020-06-30T09:22:50.163344+00:00,2020-06-30T10:58:39.266745+00:00,6.91,1.6,1.447662,1.584,7.2,1,1,0.0
syn_00509,Smart Price,2020-06-30T09:22:50.163344+00:00,2020-06-30T10:58:39.266745+00:00,6.91,1.6,1.447662,1.584,7.2,1,1,0.0
syn_00509,Proposed Method,2020-06-30T09:22:50.163344+00:00,2020-06-30T10:58:39.266745+00:00,6.91,1.6,0.940459,1.584,7.2,1,1,4.865358136621422
syn_00510,Dumb Charging,2020-02-14T03:02:51.253190+00:00,2020-02-14T16:45:02.492591+00:00,15.0,13.7,2.258302,1.62,16.2,1,1,0.0
syn_00510,Smart Price,2020-02-14T03:02:51.253190+00:00,2020-02-14T16:45:02.492591+00:00,15.0,13.7,2.258302,1.62,16.2,1,1,0.0
syn_00510,Proposed Method,2020-02-14T03:02:51.253190+00:00,2020-02-14T16:45:02.492591+00:00,15.0,13.7,2.258302,1.62,16.2,1,1,7.7887076798539185
syn_00511,Dumb Charging,2020-03-13T17:33:14.102462+00:00,2020-03-14T02:50:49.509322+00:00,18.5,9.29,5.593808,7.524,19.8,1,1,0.0
syn_00511,Smart Price,2020-03-13T17:33:14.102462+00:00,2020-03-14T02:50:49.509322+00:00,18.5,9.29,3.282215,1.98,19.8,1,1,0.0
syn_00511,Proposed Method,2020-03-13T17:33:14.102462+00:00,2020-03-14T02:50:49.509322+00:00,18.5,9.29,2.489392,1.98,19.8,1,1,8.478175273126924
syn_00512,Dumb Charging,2020-03-17T11:54:46.868428+00:00,2020-03-17T15:15:57.365136+00:00,19.45,3.35,2.154906,4.356,19.8,1,1,0.0
syn_00512,Smart Price,2020-03-17T11:54:46.868428+00:00,2020-03-17T15:15:57.365136+00:00,19.45,3.35,2.154906,4.356,19.8,1,1,0.0
syn_00512,Proposed Method,2020-03-17T11:54:46.868428+00:00,2020-03-17T15:15:57.365136+00:00,19.45,3.35,2.0399,4.356,19.8,1,1,8.675214071909835
syn_00513,Dumb Charging,2020-11-12T12:36:29.168711+00:00,2020-11-12T18:34:40.106626+00:00,29.93,5.97,5.357186,7.596,30.6,1,1,0.0
syn_00513,Smart Price,2020-11-12T12:36:29.168711+00:00,2020-11-12T18:34:40.106626+00:00,29.93,5.97,5.357186,7.596,30.6,1,1,0.0
syn_00513,Proposed Method,2020-11-12T12:36:29.168711+00:00,2020-11-12T18:34:40.106626+00:00,29.93,5.97,5.357186,7.596,30.6,1,1,17.608583190153375
syn_00514,Dumb Charging,2020-01-01T15:29:59.987499+00:00,2020-01-01T21:14:00.041507+00:00,12.38,5.73,2.751741,3.924,12.6,1,1,0.0
syn_00514,Smart Price,2020-01-01T15:29:59.987499+00:00,2020-01-01T21:14:00.041507+00:00,12.38,5.73,2.751741,3.924,12.6,1,1,0.0
syn_00514,Proposed Method,2020-01-01T15:29:59.987499+00:00,2020-01-01T21:14:00.041507+00:00,12.38,5.73,2.751741,3.924,12.6,1,1,10.028554624497204
syn_00515,Dumb Charging,2020-01-25T06:19:47.775903+00:00,2020-01-25T08:11:10.970409+00:00,11.46,1.86,2.241574,1.26,12.6,1,1,0.0
syn_00515,Smart Price,2020-01-25T06:19:47.775903+00:00,2020-01-25T08:11:10.970409+00:00,11.46,1.86,2.241574,1.26,12.6,1,1,0.0
syn_00515,Proposed Method,2020-01-25T06:19:47.775903+00:00,2020-01-25T08:11:10.970409+00:00,11.46,1.86,2.241574,1.26,12.6,1,1,5.5718284952761055
syn_00516,Dumb Charging,2020-10-07T20:52:14.744521+00:00,2020-10-08T04:18:33.845038+00:00,32.29,7.44,9.455955,5.472,32.4,1,1,0.0
syn_00516,Smart Price,2020-10-07T20:52:14.744521+00:00,2020-10-08T04:18:33.845038+00:00,32.29,7.44,6.725076,3.24,32.4,1,1,0.0
syn_00516,Proposed Method,2020-10-07T20:52:14.744521+00:00,2020-10-08T04:18:33.845038+00:00,32.29,7.44,6.211097,3.24,32.4,1,1,17.313135085735833
syn_00517,Dumb Charging,2020-06-04T11:28:45.198947+00:00,2020-06-04T19:58:31.573154+00:00,33.83,8.5,4.424421,7.524,34.2,1,1,0.0
syn_00517,Smart Price,2020-06-04T11:28:45.198947+00:00,2020-06-04T19:58:31.573154+00:00,33.83,8.5,4.424421,7.524,34.2,1,1,0.0
syn_00517,Proposed Method,2020-06-04T11:28:45.198947+00:00,2020-06-04T19:58:31.573154+00:00,33.83,8.5,4.424421,7.524,34.2,1,1,15.516186668771512
syn_00518,Dumb Charging,2020-02-05T17:43:57.597122+00:00,2020-02-06T00:07:47.445184+00:00,18.97,6.4,6.077709,7.524,19.8,1,1,0.0
syn_00518,Smart Price,2020-02-05T17:43:57.597122+00:00,2020-02-06T00:07:47.445184+00:00,18.97,6.4,5.706935,3.708,19.8,1,1,0.0
syn_00518,Proposed Method,2020-02-05T17:43:57.597122+00:00,2020-02-06T00:07:47.445184+00:00,18.97,6.4,5.706935,3.708,19.8,1,1,16.435647264010413
syn_00519,Dumb Charging,2020-11-19T08:11:19.713025+00:00,2020-11-19T17:18:07.513021+00:00,31.65,9.11,6.559326,7.128,32.4,1,1,0.0
syn_00519,Smart Price,2020-11-19T08:11:19.713025+00:00,2020-11-19T17:18:07.513021+00:00,31.65,9.11,6.559326,7.128,32.4,1,1,0.0
syn_00519,Proposed Method,2020-11-19T08:11:19.713025+00:00,2020-11-19T17:18:07.513021+00:00,31.65,9.11,4.453368,7.128,32.4,1,1,17.382004828454466
syn_00520,Dumb Charging,2020-09-11T01:50:59.402008+00:00,2020-09-11T11:25:01.694935+00:00,3.93,9.57,0.862924,0.54,5.4,1,1,0.0
syn_00520,Smart Price,2020-09-11T01:50:59.402008+00:00,2020-09-11T11:25:01.694935+00:00,3.93,9.57,0.862924,0.54,5.4,1,1,0.0
syn_00520,Proposed Method,2020-09-11T01:50:59.402008+00:00,2020-09-11T11:25:01.694935+00:00,3.93,9.57,0.69777,1.188,5.4,1,1,4.132320749041156
syn_00521,Dumb Charging,2020-04-21T17:20:20.211873+00:00,2020-04-22T05:31:10.042462+00:00,8.66,12.18,2.157227,3.42,9.0,1,1,0.0
syn_00521,Smart Price,2020-04-21T17:20:20.211873+00:00,2020-04-22T05:31:10.042462+00:00,8.66,12.18,1.987046,0.9,9.0,1,1,0.0
syn_00521,Proposed Method,2020-04-21T17:20:20.211873+00:00,2020-04-22T05:31:10.042462+00:00,8.66,12.18,1.157199,0.9,9.0,1,1,5.001188519751203
syn_00522,Dumb Charging,2020-02-05T08:53:57.082848+00:00,2020-02-05T14:40:41.460579+00:00,15.66,5.78,2.848399,3.564,16.2,1,1,0.0
syn_00522,Smart Price,2020-02-05T08:53:57.082848+00:00,2020-02-05T14:40:41.460579+00:00,15.66,5.78,2.848399,3.564,16.2,1,1,0.0
syn_00522,Proposed Method,2020-02-05T08:53:57.082848+00:00,2020-02-05T14:40:41.460579+00:00,15.66,5.78,1.920715,3.564,16.2,1,1,8.016455237729392
syn_00523,Dumb Charging,2020-03-27T18:40:08.583941+00:00,2020-03-28T07:09:24.535152+00:00,24.69,12.49,7.378866,8.424,25.2,1,1,0.0
syn_00523,Smart Price,2020-03-27T18:40:08.583941+00:00,2020-03-28T07:09:24.535152+00:00,24.69,12.49,4.072195,2.52,25.2,1,1,0.0
syn_00523,Proposed Method,2020-03-27T18:40:08.583941+00:00,2020-03-28T07:09:24.535152+00:00,24.69,12.49,3.581783,2.52,25.2,1,1,11.156485605687331
syn_00524,Dumb Charging,2020-11-06T12:53:25.718585+00:00,2020-11-06T19:36:52.692718+00:00,24.22,6.72,4.354994,5.832,25.2,1,1,0.0
syn_00524,Smart Price,2020-11-06T12:53:25.718585+00:00,2020-11-06T19:36:52.692718+00:00,24.22,6.72,4.354994,5.832,25.2,1,1,0.0
syn_00524,Proposed Method,2020-11-06T12:53:25.718585+00:00,2020-11-06T19:36:52.692718+00:00,24.22,6.72,4.354994,5.832,25.2,1,1,14.517125210517202
syn_00525,Dumb Charging,2020-08-04T16:38:50.165156+00:00,2020-08-04T21:52:32.590077+00:00,18.0,5.23,5.63094,6.84,18.0,1,1,0.0
syn_00525,Smart Price,2020-08-04T16:38:50.165156+00:00,2020-08-04T21:52:32.590077+00:00,18.0,5.23,5.777804,6.264,18.0,2,2,0.0
syn_00525,Proposed Method,2020-08-04T16:38:50.165156+00:00,2020-08-04T21:52:32.590077+00:00,18.0,5.23,5.63094,6.84,18.0,1,1,17.834108051484506
syn_00526,Dumb Charging,2020-05-22T10:51:53.294182+00:00,2020-05-22T18:07:03.054923+00:00,16.75,7.25,2.094776,3.96,18.0,1,1,0.0
syn_00526,Smart Price,2020-05-22T10:51:53.294182+00:00,2020-05-22T18:07:03.054923+00:00,16.75,7.25,2.094776,3.96,18.0,1,1,0.0
syn_00526,Proposed Method,2020-05-22T10:51:53.294182+00:00,2020-05-22T18:07:03.054923+00:00,16.75,7.25,2.094776,3.96,18.0,1,1,8.598193725541856
syn_00527,Dumb Charging,2020-07-21T12:37:37.617753+00:00,2020-07-21T20:35:31.148129+00:00,18.07,7.96,2.506108,4.356,19.8,1,1,0.0
syn_00527,Smart Price,2020-07-21T12:37:37.617753+00:00,2020-07-21T20:35:31.148129+00:00,18.07,7.96,2.506108,4.356,19.8,1,1,0.0
syn_00527,Proposed Method,2020-07-21T12:37:37.617753+00:00,2020-07-21T20:35:31.148129+00:00,18.07,7.96,2.506108,4.356,19.8,1,1,9.703026593311254
syn_00528,Dumb Charging,2020-11-14T20:08:23.989092+00:00,2020-11-15T00:37:34.021378+00:00,12.04,4.49,4.92692,3.924,12.6,1,1,0.0
syn_00528,Smart Price,2020-11-14T20:08:23.989092+00:00,2020-11-15T00:37:34.021378+00:00,12.04,4.49,3.734236,1.692,12.6,2,2,0.0
syn_00528,Proposed Method,2020-11-14T20:08:23.989092+00:00,2020-11-15T00:37:34.021378+00:00,12.04,4.49,3.625658,1.692,12.6,1,1,10.83921477844951
syn_00529,Dumb Charging,2020-04-30T16:35:44.570520+00:00,2020-05-01T08:05:00.482395+00:00,29.13,15.49,8.073277,11.628,30.6,1,1,0.0
syn_00529,Smart Price,2020-04-30T16:35:44.570520+00:00,2020-05-01T08:05:00.482395+00:00,29.13,15.49,4.88487,3.06,30.6,1,1,0.0
syn_00529,Proposed Method,2020-04-30T16:35:44.570520+00:00,2020-05-01T08:05:00.482395+00:00,29.13,15.49,4.24295,3.06,30.6,1,1,12.884110356797343
syn_00530,Dumb Charging,2020-12-22T11:22:00.205141+00:00,2020-12-22T15:37:42.343953+00:00,12.9,4.26,2.073963,3.168,14.4,1,1,0.0
syn_00530,Smart Price,2020-12-22T11:22:00.205141+00:00,2020-12-22T15:37:42.343953+00:00,12.9,4.26,2.073963,3.168,14.4,1,1,0.0
syn_00530,Proposed Method,2020-12-22T11:22:00.205141+00:00,2020-12-22T15:37:42.343953+00:00,12.9,4.26,2.073963,3.168,14.4,1,1,8.156308986351492
syn_00531,Dumb Charging,2020-07-11T20:11:08.967042+00:00,2020-07-12T02:22:26.645117+00:00,3.44,6.19,1.409247,1.368,3.6,1,1,0.0
syn_00531,Smart Price,2020-07-11T20:11:08.967042+00:00,2020-07-12T02:22:26.645117+00:00,3.44,6.19,1.116207,0.36,3.6,1,1,0.0
syn_00531,Proposed Method,2020-07-11T20:11:08.967042+00:00,2020-07-12T02:22:26.645117+00:00,3.44,6.19,0.491682,0.36,3.6,1,1,3.2639750089348363
syn_00532,Dumb Charging,2020-02-08T17:05:06.943376+00:00,2020-02-09T00:09:38.986306+00:00,12.63,7.08,3.612636,5.472,14.4,1,1,0.0
syn_00532,Smart Price,2020-02-08T17:05:06.943376+00:00,2020-02-09T00:09:38.986306+00:00,12.63,7.08,4.133528,2.304,14.4,2,2,0.0
syn_00532,Proposed Method,2020-02-08T17:05:06.943376+00:00,2020-02-09T00:09:38.986306+00:00,12.63,7.08,4.13013,2.304,14.4,1,1,12.257386037413905
syn_00533,Dumb Charging,2020-01-26T13:56:03.372876+00:00,2020-01-26T19:38:24.451839+00:00,22.43,5.71,4.197968,6.3,23.4,1,1,0.0
syn_00533,Smart Price,2020-01-26T13:56:03.372876+00:00,2020-01-26T19:38:24.451839+00:00,22.43,5.71,4.197968,6.3,23.4,1,1,0.0
syn_00533,Proposed Method,2020-01-26T13:56:03.372876+00:00,2020-01-26T19:38:24.451839+00:00,22.43,5.71,4.197968,6.3,23.4,1,1,14.404943110974449
syn_00534,Dumb Charging,2020-03-10T11:00:20.397707+00:00,2020-03-10T23:57:41.452652+00:00,14.48,12.96,1.930997,3.564,16.2,1,1,0.0
syn_00534,Smart Price,2020-03-10T11:00:20.397707+00:00,2020-03-10T23:57:41.452652+00:00,14.48,12.96,2.673296,2.916,16.2,2,2,0.0
syn_00534,Proposed Method,2020-03-10T11:00:20.397707+00:00,2020-03-10T23:57:41.452652+00:00,14.48,12.96,1.930997,3.564,16.2,1,1,8.03912386040048
syn_00535,Dumb Charging,2020-12-15T18:24:42.982176+00:00,2020-12-15T21:38:02.805934+00:00,17.91,3.22,6.355059,6.84,18.0,1,1,0.0
syn_00535,Smart Price,2020-12-15T18:24:42.982176+00:00,2020-12-15T21:38:02.805934+00:00,17.91,3.22,6.51414,6.552,18.0,2,2,0.0
syn_00535,Proposed Method,2020-12-15T18:24:42.982176+00:00,2020-12-15T21:38:02.805934+00:00,17.91,3.22,6.355059,6.84,18.0,1,1,19.430517834561098
syn_00536,Dumb Charging,2020-05-03T07:40:27.371816+00:00,2020-05-03T14:24:58.440873+00:00,10.11,6.74,1.898361,1.944,10.8,1,1,0.0
syn_00536,Smart Price,2020-05-03T07:40:27.371816+00:00,2020-05-03T14:24:58.440873+00:00,10.11,6.74,1.898361,1.944,10.8,1,1,0.0
syn_00536,Proposed Method,2020-05-03T07:40:27.371816+00:00,2020-05-03T14:24:58.440873+00:00,10.11,6.74,1.254826,2.376,10.8,1,1,5.95442048813037
syn_00537,Dumb Charging,2020-06-24T07:39:42.450713+00:00,2020-06-24T19:43:27.188825+00:00,17.61,12.06,3.822808,3.528,18.0,1,1,0.0
syn_00537,Smart Price,2020-06-24T07:39:42.450713+00:00,2020-06-24T19:43:27.188825+00:00,17.61,12.06,3.822808,3.528,18.0,1,1,0.0
syn_00537,Proposed Method,2020-06-24T07:39:42.450713+00:00,2020-06-24T19:43:27.188825+00:00,17.61,12.06,1.932633,3.96,18.0,1,1,10.240730508990389
syn_00538,Dumb Charging,2020-04-14T18:09:07.091067+00:00,2020-04-14T22:56:39.709127+00:00,5.54,4.79,1.822544,2.736,7.2,1,1,0.0
syn_00538,Smart Price,2020-04-14T18:09:07.091067+00:00,2020-04-14T22:56:39.709127+00:00,5.54,4.79,2.056356,1.584,7.2,1,1,0.0
syn_00538,Proposed Method,2020-04-14T18:09:07.091067+00:00,2020-04-14T22:56:39.709127+00:00,5.54,4.79,1.978422,1.584,7.2,1,1,7.153676806611913
syn_00539,Dumb Charging,2020-10-15T07:56:10.454490+00:00,2020-10-15T10:11:34.563659+00:00,10.79,2.26,2.935693,2.16,10.8,1,1,0.0
syn_00539,Smart Price,2020-10-15T07:56:10.454490+00:00,2020-10-15T10:11:34.563659+00:00,10.79,2.26,2.935693,2.16,10.8,1,1,0.0
syn_00539,Proposed Method,2020-10-15T07:56:10.454490+00:00,2020-10-15T10:11:34.563659+00:00,10.79,2.26,2.935693,2.16,10.8,1,1,9.552099660603005
syn_00540,Dumb Charging,2020-04-30T03:53:29.990992+00:00,2020-04-30T07:29:09.151945+00:00,12.6,3.59,1.556694,1.26,12.6,1,1,0.0
syn_00540,Smart Price,2020-04-30T03:53:29.990992+00:00,2020-04-30T07:29:09.151945+00:00,12.6,3.59,1.556694,1.26,12.6,1,1,0.0
syn_00540,Proposed Method,2020-04-30T03:53:29.990992+00:00,2020-04-30T07:29:09.151945+00:00,12.6,3.59,1.556694,1.26,12.6,1,1,6.061925363757492
syn_00541,Dumb Charging,2020-02-02T06:45:54.184262+00:00,2020-02-02T12:09:06.772317+00:00,21.54,5.39,4.117786,3.672,21.6,1,1,0.0
syn_00541,Smart Price,2020-02-02T06:45:54.184262+00:00,2020-02-02T12:09:06.772317+00:00,21.54,5.39,4.117786,3.672,21.6,1,1,0.0
syn_00541,Proposed Method,2020-02-02T06:45:54.184262+00:00,2020-02-02T12:09:06.772317+00:00,21.54,5.39,3.040569,4.752,21.6,1,1,11.07931297948269
syn_00542,Dumb Charging,2020-11-01T16:26:18.719514+00:00,2020-11-02T08:28:34.617481+00:00,11.46,16.04,3.930215,4.788,12.6,1,1,0.0
syn_00542,Smart Price,2020-11-01T16:26:18.719514+00:00,2020-11-02T08:28:34.617481+00:00,11.46,16.04,3.006837,1.26,12.6,1,1,0.0
syn_00542,Proposed Method,2020-11-01T16:26:18.719514+00:00,2020-11-02T08:28:34.617481+00:00,11.46,16.04,2.61351,1.476,12.6,1,1,8.499807209796135
syn_00543,Dumb Charging,2020-11-11T12:24:04.924144+00:00,2020-11-12T08:24:04.924144+00:00,10.53,20.0,1.607353,2.376,10.8,1,1,0.0
syn_00543,Smart Price,2020-11-11T12:24:04.924144+00:00,2020-11-12T08:24:04.924144+00:00,10.53,20.0,2.967664,1.08,10.8,1,1,0.0
syn_00543,Proposed Method,2020-11-11T12:24:04.924144+00:00,2020-11-12T08:24:04.924144+00:00,10.53,20.0,1.607353,2.376,10.8,1,1,6.731609139768139
syn_00544,Dumb Charging,2020-05-19T04:26:00.247828+00:00,2020-05-19T16:47:06.226864+00:00,8.08,12.35,1.323129,0.9,9.0,1,1,0.0
syn_00544,Smart Price,2020-05-19T04:26:00.247828+00:00,2020-05-19T16:47:06.226864+00:00,8.08,12.35,1.323129,0.9,9.0,1,1,0.0
syn_00544,Proposed Method,2020-05-19T04:26:00.247828+00:00,2020-05-19T16:47:06.226864+00:00,8.08,12.35,1.323129,0.9,9.0,1,1,5.367003074556322
syn_00545,Dumb Charging,2020-07-03T08:16:19.714288+00:00,2020-07-03T12:50:56.097665+00:00,8.25,4.58,2.1466,1.98,9.0,1,1,0.0
syn_00545,Smart Price,2020-07-03T08:16:19.714288+00:00,2020-07-03T12:50:56.097665+00:00,8.25,4.58,2.1466,1.98,9.0,1,1,0.0
syn_00545,Proposed Method,2020-07-03T08:16:19.714288+00:00,2020-07-03T12:50:56.097665+00:00,8.25,4.58,1.202734,1.98,9.0,1,1,5.6415769259302415
syn_00546,Dumb Charging,2020-03-09T08:36:38.849006+00:00,2020-03-09T16:15:48.515356+00:00,20.96,7.65,3.442736,4.752,21.6,1,1,0.0
syn_00546,Smart Price,2020-03-09T08:36:38.849006+00:00,2020-03-09T16:15:48.515356+00:00,20.96,7.65,3.442736,4.752,21.6,1,1,0.0
syn_00546,Proposed Method,2020-03-09T08:36:38.849006+00:00,2020-03-09T16:15:48.515356+00:00,20.96,7.65,2.870307,4.752,21.6,1,1,10.703948112137578
syn_00547,Dumb Charging,2020-05-26T11:13:08.679091+00:00,2020-05-26T22:20:57.776298+00:00,60.0,11.13,10.798059,17.496,61.2,1,1,0.0
syn_00547,Smart Price,2020-05-26T11:13:08.679091+00:00,2020-05-26T22:20:57.776298+00:00,60.0,11.13,10.762595,16.344,61.2,2,2,0.0
syn_00547,Proposed Method,2020-05-26T11:13:08.679091+00:00,2020-05-26T22:20:57.776298+00:00,60.0,11.13,10.798059,17.496,61.2,1,1,34.55366562226328
syn_00548,Dumb Charging,2020-03-13T18:32:16.554275+00:00,2020-03-14T05:40:00.864950+00:00,10.79,11.13,3.331746,4.104,10.8,1,1,0.0
syn_00548,Smart Price,2020-03-13T18:32:16.554275+00:00,2020-03-14T05:40:00.864950+00:00,10.79,11.13,2.274958,1.08,10.8,1,1,0.0
syn_00548,Proposed Method,2020-03-13T18:32:16.554275+00:00,2020-03-14T05:40:00.864950+00:00,10.79,11.13,1.40838,1.08,10.8,1,1,5.644949004712013
syn_00549,Dumb Charging,2020-01-13T10:37:24.213053+00:00,2020-01-13T15:30:30.891783+00:00,11.63,4.89,1.588808,2.772,12.6,1,1,0.0
syn_00549,Smart Price,2020-01-13T10:37:24.213053+00:00,2020-01-13T15:30:30.891783+00:00,11.63,4.89,1.588808,2.772,12.6,1,1,0.0
syn_00549,Proposed Method,2020-01-13T10:37:24.213053+00:00,2020-01-13T15:30:30.891783+00:00,11.63,4.89,1.489184,2.772,12.6,1,1,6.6690908355111835
syn_00550,Dumb Charging,2020-10-11T07:11:10.334945+00:00,2020-10-11T10:07:38.550202+00:00,4.71,2.94,1.14753,0.54,5.4,1,1,0.0
syn_00550,Smart Price,2020-10-11T07:11:10.334945+00:00,2020-10-11T10:07:38.550202+00:00,4.71,2.94,1.14753,0.54,5.4,1,1,0.0
syn_00550,Proposed Method,2020-10-11T07:11:10.334945+00:00,2020-10-11T10:07:38.550202+00:00,4.71,2.94,1.14753,0.54,5.4,1,1,4.799871656906608
syn_00551,Dumb Charging,2020-08-22T05:03:37.788643+00:00,2020-08-22T11:53:59.495986+00:00,7.29,6.84,1.512009,0.9,9.0,1,1,0.0
syn_00551,Smart Price,2020-08-22T05:03:37.788643+00:00,2020-08-22T11:53:59.495986+00:00,7.29,6.84,1.512009,0.9,9.0,1,1,0.0
syn_00551,Proposed Method,2020-08-22T05:03:37.788643+00:00,2020-08-22T11:53:59.495986+00:00,7.29,6.84,1.025729,1.98,9.0,1,1,5.251347513470753
syn_00552,Dumb Charging,2020-11-29T07:40:42.515103+00:00,2020-11-29T21:59:33.640988+00:00,22.14,14.31,5.428225,4.716,23.4,1,1,0.0
syn_00552,Smart Price,2020-11-29T07:40:42.515103+00:00,2020-11-29T21:59:33.640988+00:00,22.14,14.31,5.428225,4.716,23.4,1,1,0.0
syn_00552,Proposed Method,2020-11-29T07:40:42.515103+00:00,2020-11-29T21:59:33.640988+00:00,22.14,14.31,3.240272,5.148,23.4,1,1,13.717583794121339
syn_00553,Dumb Charging,2020-07-19T16:04:40.610780+00:00,2020-07-19T22:01:40.449105+00:00,18.11,5.95,5.174956,7.524,19.8,1,1,0.0
syn_00553,Smart Price,2020-07-19T16:04:40.610780+00:00,2020-07-19T22:01:40.449105+00:00,18.11,5.95,5.545155,6.66,19.8,2,2,0.0
syn_00553,Proposed Method,2020-07-19T16:04:40.610780+00:00,2020-07-19T22:01:40.449105+00:00,18.11,5.95,5.174956,7.524,19.8,1,1,17.17083469498077
syn_00554,Dumb Charging,2020-01-19T17:04:22.661440+00:00,2020-01-19T19:44:54.980963+00:00,16.9,2.68,5.339043,6.84,18.0,1,1,0.0
syn_00554,Smart Price,2020-01-19T17:04:22.661440+00:00,2020-01-19T19:44:54.980963+00:00,16.9,2.68,5.339043,6.84,18.0,1,1,0.0
syn_00554,Proposed Method,2020-01-19T17:04:22.661440+00:00,2020-01-19T19:44:54.980963+00:00,16.9,2.68,5.339043,6.84,18.0,1,1,15.190584293257295
syn_00555,Dumb Charging,2020-11-25T16:26:23.505886+00:00,2020-11-26T10:45:53.324488+00:00,8.77,18.32,2.622877,3.42,9.0,1,1,0.0
syn_00555,Smart Price,2020-11-25T16:26:23.505886+00:00,2020-11-26T10:45:53.324488+00:00,8.77,18.32,2.438267,0.9,9.0,1,1,0.0
syn_00555,Proposed Method,2020-11-25T16:26:23.505886+00:00,2020-11-26T10:45:53.324488+00:00,8.77,18.32,1.940423,1.98,9.0,1,1,7.267903628528996
syn_00556,Dumb Charging,2020-03-04T08:41:56.785192+00:00,2020-03-04T15:40:39.508847+00:00,15.87,6.98,2.84839,3.564,16.2,1,1,0.0
syn_00556,Smart Price,2020-03-04T08:41:56.785192+00:00,2020-03-04T15:40:39.508847+00:00,15.87,6.98,2.84839,3.564,16.2,1,1,0.0
syn_00556,Proposed Method,2020-03-04T08:41:56.785192+00:00,2020-03-04T15:40:39.508847+00:00,15.87,6.98,1.761671,3.564,16.2,1,1,7.665822645090242
syn_00557,Dumb Charging,2020-10-12T13:07:59.551352+00:00,2020-10-12T20:30:50.241210+00:00,24.27,7.38,4.449186,6.12,25.2,1,1,0.0
syn_00557,Smart Price,2020-10-12T13:07:59.551352+00:00,2020-10-12T20:30:50.241210+00:00,24.27,7.38,4.449186,6.12,25.2,1,1,0.0
syn_00557,Proposed Method,2020-10-12T13:07:59.551352+00:00,2020-10-12T20:30:50.241210+00:00,24.27,7.38,4.449186,6.12,25.2,1,1,14.8687836853777
syn_00558,Dumb Charging,2020-06-11T06:42:50.491543+00:00,2020-06-11T19:27:41.252640+00:00,56.06,12.75,8.701871,11.376,57.6,1,1,0.0
syn_00558,Smart Price,2020-06-11T06:42:50.491543+00:00,2020-06-11T19:27:41.252640+00:00,56.06,12.75,8.701871,11.376,57.6,1,1,0.0
syn_00558,Proposed Method,2020-06-11T06:42:50.491543+00:00,2020-06-11T19:27:41.252640+00:00,56.06,12.75,8.701871,11.376,57.6,1,1,26.87235840547056
syn_00559,Dumb Charging,2020-03-04T12:36:53.686866+00:00,2020-03-04T18:13:58.240220+00:00,31.16,5.62,4.887932,8.28,32.4,1,1,0.0
syn_00559,Smart Price,2020-03-04T12:36:53.686866+00:00,2020-03-04T18:13:58.240220+00:00,31.16,5.62,4.887932,8.28,32.4,1,1,0.0
syn_00559,Proposed Method,2020-03-04T12:36:53.686866+00:00,2020-03-04T18:13:58.240220+00:00,31.16,5.62,4.887932,8.28,32.4,1,1,16.916053662640106
syn_00560,Dumb Charging,2020-12-28T12:01:33.618244+00:00,2020-12-28T21:26:24.993510+00:00,30.9,9.41,5.537933,7.704,32.4,1,1,0.0
syn_00560,Smart Price,2020-12-28T12:01:33.618244+00:00,2020-12-28T21:26:24.993510+00:00,30.9,9.41,5.618566,7.416,32.4,2,2,0.0
syn_00560,Proposed Method,2020-12-28T12:01:33.618244+00:00,2020-12-28T21:26:24.993510+00:00,30.9,9.41,5.537933,7.704,32.4,1,1,18.061063004014592
syn_00561,Dumb Charging,2020-01-10T20:02:36.243260+00:00,2020-01-11T04:53:03.781181+00:00,25.61,8.84,8.504993,6.444,27.0,1,1,0.0
syn_00561,Smart Price,2020-01-10T20:02:36.243260+00:00,2020-01-11T04:53:03.781181+00:00,25.61,8.84,4.900089,2.7,27.0,1,1,0.0
syn_00561,Proposed Method,2020-01-10T20:02:36.243260+00:00,2020-01-11T04:53:03.781181+00:00,25.61,8.84,4.028536,2.7,27.0,1,1,12.23140893304673
syn_00562,Dumb Charging,2020-04-27T14:07:13.090517+00:00,2020-04-27T22:21:10.464031+00:00,24.12,8.23,3.951867,7.272,25.2,1,1,0.0
syn_00562,Smart Price,2020-04-27T14:07:13.090517+00:00,2020-04-27T22:21:10.464031+00:00,24.12,8.23,4.397708,6.12,25.2,2,2,0.0
syn_00562,Proposed Method,2020-04-27T14:07:13.090517+00:00,2020-04-27T22:21:10.464031+00:00,24.12,8.23,3.951867,7.272,25.2,1,1,14.348382033127546
syn_00563,Dumb Charging,2020-05-24T07:14:25.630970+00:00,2020-05-24T14:40:12.710522+00:00,35.22,7.43,5.682145,7.056,36.0,1,1,0.0
syn_00563,Smart Price,2020-05-24T07:14:25.630970+00:00,2020-05-24T14:40:12.710522+00:00,35.22,7.43,5.682145,7.056,36.0,1,1,0.0
syn_00563,Proposed Method,2020-05-24T07:14:25.630970+00:00,2020-05-24T14:40:12.710522+00:00,35.22,7.43,4.528006,7.92,36.0,1,1,15.942552091408778
syn_00564,Dumb Charging,2020-05-15T16:34:10.239913+00:00,2020-05-16T10:35:00.488357+00:00,13.09,18.01,3.191915,5.472,14.4,1,1,0.0
syn_00564,Smart Price,2020-05-15T16:34:10.239913+00:00,2020-05-16T10:35:00.488357+00:00,13.09,18.01,2.756565,1.44,14.4,1,1,0.0
syn_00564,Proposed Method,2020-05-15T16:34:10.239913+00:00,2020-05-16T10:35:00.488357+00:00,13.09,18.01,1.820139,1.44,14.4,1,1,8.732722588544291
syn_00565,Dumb Charging,2020-07-17T20:47:09.951975+00:00,2020-07-18T07:10:47.137331+00:00,14.27,10.39,4.791555,3.456,14.4,1,1,0.0
syn_00565,Smart Price,2020-07-17T20:47:09.951975+00:00,2020-07-18T07:10:47.137331+00:00,14.27,10.39,3.012325,1.44,14.4,1,1,0.0
syn_00565,Proposed Method,2020-07-17T20:47:09.951975+00:00,2020-07-18T07:10:47.137331+00:00,14.27,10.39,2.090505,1.44,14.4,1,1,7.328777430388398
syn_00566,Dumb Charging,2020-08-07T07:22:26.579278+00:00,2020-08-07T20:29:38.127211+00:00,20.6,13.12,5.003185,4.104,21.6,1,1,0.0
syn_00566,Smart Price,2020-08-07T07:22:26.579278+00:00,2020-08-07T20:29:38.127211+00:00,20.6,13.12,5.003185,4.104,21.6,1,1,0.0
syn_00566,Proposed Method,2020-08-07T07:22:26.579278+00:00,2020-08-07T20:29:38.127211+00:00,20.6,13.12,2.848674,4.752,21.6,1,1,12.656256413079273
syn_00567,Dumb Charging,2020-06-11T17:17:27.706598+00:00,2020-06-12T00:03:40.069615+00:00,27.87,6.77,8.717239,10.656,28.8,1,1,0.0
syn_00567,Smart Price,2020-06-11T17:17:27.706598+00:00,2020-06-12T00:03:40.069615+00:00,27.87,6.77,7.868945,6.624,28.8,2,2,0.0
syn_00567,Proposed Method,2020-06-11T17:17:27.706598+00:00,2020-06-12T00:03:40.069615+00:00,27.87,6.77,8.602256,6.624,28.8,1,1,24.276742659432372
syn_00568,Dumb Charging,2020-09-24T10:50:35.953327+00:00,2020-09-24T20:58:28.251180+00:00,19.85,10.13,3.011829,4.752,21.6,1,1,0.0
syn_00568,Smart Price,2020-09-24T10:50:35.953327+00:00,2020-09-24T20:58:28.251180+00:00,19.85,10.13,3.011829,4.752,21.6,1,1,0.0
syn_00568,Proposed Method,2020-09-24T10:50:35.953327+00:00,2020-09-24T20:58:28.251180+00:00,19.85,10.13,3.011829,4.752,21.6,1,1,11.0159515184156
syn_00569,Dumb Charging,2020-11-29T08:02:18.163914+00:00,2020-11-29T18:59:34.009836+00:00,14.48,10.95,4.109418,3.564,16.2,1,1,0.0
syn_00569,Smart Price,2020-11-29T08:02:18.163914+00:00,2020-11-29T18:59:34.009836+00:00,14.48,10.95,4.109418,3.564,16.2,1,1,0.0
syn_00569,Proposed Method,2020-11-29T08:02:18.163914+00:00,2020-11-29T18:59:34.009836+00:00,14.48,10.95,1.982924,3.564,16.2,1,1,10.153602399131342
syn_00570,Dumb Charging,2020-06-28T15:03:42.908747+00:00,2020-06-28T18:09:55.301521+00:00,20.08,3.1,4.54988,7.056,21.6,1,1,0.0
syn_00570,Smart Price,2020-06-28T15:03:42.908747+00:00,2020-06-28T18:09:55.301521+00:00,20.08,3.1,4.54988,7.056,21.6,1,1,0.0
syn_00570,Proposed Method,2020-06-28T15:03:42.908747+00:00,2020-06-28T18:09:55.301521+00:00,20.08,3.1,4.54988,7.056,21.6,1,1,13.558777354647315
syn_00571,Dumb Charging,2020-01-12T08:40:31.079946+00:00,2020-01-12T14:37:26.690107+00:00,4.26,5.95,1.248732,1.188,5.4,1,1,0.0
syn_00571,Smart Price,2020-01-12T08:40:31.079946+00:00,2020-01-12T14:37:26.690107+00:00,4.26,5.95,1.248732,1.188,5.4,1,1,0.0
syn_00571,Proposed Method,2020-01-12T08:40:31.079946+00:00,2020-01-12T14:37:26.690107+00:00,4.26,5.95,0.631249,1.188,5.4,1,1,3.985667883125653
syn_00572,Dumb Charging,2020-04-23T02:42:08.571500+00:00,2020-04-23T13:56:44.923035+00:00,35.2,11.24,4.901162,3.6,36.0,1,1,0.0
syn_00572,Smart Price,2020-04-23T02:42:08.571500+00:00,2020-04-23T13:56:44.923035+00:00,35.2,11.24,4.901162,3.6,36.0,1,1,0.0
syn_00572,Proposed Method,2020-04-23T02:42:08.571500+00:00,2020-04-23T13:56:44.923035+00:00,35.2,11.24,4.901162,3.6,36.0,1,1,14.605222102984497
syn_00573,Dumb Charging,2020-10-09T17:43:04.486373+00:00,2020-10-10T01:16:44.783550+00:00,33.01,7.56,13.350648,11.556,34.2,1,1,0.0
syn_00573,Smart Price,2020-10-09T17:43:04.486373+00:00,2020-10-10T01:16:44.783550+00:00,33.01,7.56,10.578273,6.66,34.2,2,2,0.0
syn_00573,Proposed Method,2020-10-09T17:43:04.486373+00:00,2020-10-10T01:16:44.783550+00:00,33.01,7.56,10.941868,6.66,34.2,1,1,29.45270999356694
syn_00574,Dumb Charging,2020-05-08T15:07:00.929264+00:00,2020-05-08T23:17:18.915737+00:00,19.37,8.17,4.108412,6.372,19.8,1,1,0.0
syn_00574,Smart Price,2020-05-08T15:07:00.929264+00:00,2020-05-08T23:17:18.915737+00:00,19.37,8.17,4.587235,4.356,19.8,2,2,0.0
syn_00574,Proposed Method,2020-05-08T15:07:00.929264+00:00,2020-05-08T23:17:18.915737+00:00,19.37,8.17,4.108412,6.372,19.8,1,1,14.243506469952061
syn_00575,Dumb Charging,2020-03-24T10:24:29.095124+00:00,2020-03-25T06:24:29.095124+00:00,21.84,20.0,2.441516,5.148,23.4,1,1,0.0
syn_00575,Smart Price,2020-03-24T10:24:29.095124+00:00,2020-03-25T06:24:29.095124+00:00,21.84,20.0,3.91591,2.34,23.4,1,1,0.0
syn_00575,Proposed Method,2020-03-24T10:24:29.095124+00:00,2020-03-25T06:24:29.095124+00:00,21.84,20.0,2.441516,5.148,23.4,1,1,9.95662623498309
syn_00576,Dumb Charging,2020-08-02T16:51:12.828067+00:00,2020-08-03T01:47:40.050035+00:00,9.12,8.94,3.412851,4.104,10.8,1,1,0.0
syn_00576,Smart Price,2020-08-02T16:51:12.828067+00:00,2020-08-03T01:47:40.050035+00:00,9.12,8.94,2.558358,1.08,10.8,1,1,0.0
syn_00576,Proposed Method,2020-08-02T16:51:12.828067+00:00,2020-08-03T01:47:40.050035+00:00,9.12,8.94,1.606782,1.08,10.8,1,1,6.082350082482445
syn_00577,Dumb Charging,2020-06-30T12:47:56.089217+00:00,2020-07-01T03:28:27.452551+00:00,8.21,14.68,1.053068,1.98,9.0,1,1,0.0
syn_00577,Smart Price,2020-06-30T12:47:56.089217+00:00,2020-07-01T03:28:27.452551+00:00,8.21,14.68,2.200712,0.9,9.0,1,1,0.0
syn_00577,Proposed Method,2020-06-30T12:47:56.089217+00:00,2020-07-01T03:28:27.452551+00:00,8.21,14.68,1.053068,1.98,9.0,1,1,5.311620141259587
syn_00578,Dumb Charging,2020-09-17T17:40:46.621736+00:00,2020-09-18T02:58:49.799794+00:00,27.02,9.3,10.747601,10.368,28.8,1,1,0.0
syn_00578,Smart Price,2020-09-17T17:40:46.621736+00:00,2020-09-18T02:58:49.799794+00:00,27.02,9.3,6.241482,3.096,28.8,2,2,0.0
syn_00578,Proposed Method,2020-09-17T17:40:46.621736+00:00,2020-09-18T02:58:49.799794+00:00,27.02,9.3,6.300835,3.096,28.8,1,1,17.438975262680685
syn_00579,Dumb Charging,2020-09-18T19:49:13.166366+00:00,2020-09-19T04:26:44.453631+00:00,21.64,8.63,9.073173,6.588,23.4,1,1,0.0
syn_00579,Smart Price,2020-09-18T19:49:13.166366+00:00,2020-09-19T04:26:44.453631+00:00,21.64,8.63,4.977372,2.34,23.4,1,1,0.0
syn_00579,Proposed Method,2020-09-18T19:49:13.166366+00:00,2020-09-19T04:26:44.453631+00:00,21.64,8.63,4.073612,2.34,23.4,1,1,12.15078353808448
syn_00580,Dumb Charging,2020-03-03T17:56:22.739447+00:00,2020-03-04T04:29:36.903035+00:00,5.67,10.55,1.939815,2.736,7.2,1,1,0.0
syn_00580,Smart Price,2020-03-03T17:56:22.739447+00:00,2020-03-04T04:29:36.903035+00:00,5.67,10.55,1.83764,0.72,7.2,1,1,0.0
syn_00580,Proposed Method,2020-03-03T17:56:22.739447+00:00,2020-03-04T04:29:36.903035+00:00,5.67,10.55,0.999008,0.72,7.2,1,1,4.562438359441303
syn_00581,Dumb Charging,2020-11-04T12:42:49.143830+00:00,2020-11-04T21:14:32.728265+00:00,4.72,8.53,0.865345,1.188,5.4,1,1,0.0
syn_00581,Smart Price,2020-11-04T12:42:49.143830+00:00,2020-11-04T21:14:32.728265+00:00,4.72,8.53,0.865345,1.188,5.4,1,1,0.0
syn_00581,Proposed Method,2020-11-04T12:42:49.143830+00:00,2020-11-04T21:14:32.728265+00:00,4.72,8.53,0.865345,1.188,5.4,1,1,4.501759704227816
syn_00582,Dumb Charging,2020-07-15T13:14:02.223447+00:00,2020-07-15T20:18:19.866292+00:00,16.82,7.07,2.253951,3.96,18.0,1,1,0.0
syn_00582,Smart Price,2020-07-15T13:14:02.223447+00:00,2020-07-15T20:18:19.866292+00:00,16.82,7.07,2.253951,3.96,18.0,1,1,0.0
syn_00582,Proposed Method,2020-07-15T13:14:02.223447+00:00,2020-07-15T20:18:19.866292+00:00,16.82,7.07,2.253951,3.96,18.0,1,1,8.94911473655726
syn_00583,Dumb Charging,2020-02-08T06:18:27.075915+00:00,2020-02-08T10:48:18.964975+00:00,13.22,4.5,2.443166,1.656,14.4,1,1,0.0
syn_00583,Smart Price,2020-02-08T06:18:27.075915+00:00,2020-02-08T10:48:18.964975+00:00,13.22,4.5,2.443166,1.656,14.4,1,1,0.0
syn_00583,Proposed Method,2020-02-08T06:18:27.075915+00:00,2020-02-08T10:48:18.964975+00:00,13.22,4.5,2.443166,1.656,14.4,1,1,8.214262557389873
syn_00584,Dumb Charging,2020-08-09T03:59:45.226321+00:00,2020-08-09T15:09:02.127438+00:00,10.36,11.15,1.733589,1.08,10.8,1,1,0.0
syn_00584,Smart Price,2020-08-09T03:59:45.226321+00:00,2020-08-09T15:09:02.127438+00:00,10.36,11.15,1.733589,1.08,10.8,1,1,0.0
syn_00584,Proposed Method,2020-08-09T03:59:45.226321+00:00,2020-08-09T15:09:02.127438+00:00,10.36,11.15,1.343874,2.376,10.8,1,1,6.150737280583049
syn_00585,Dumb Charging,2020-01-26T03:25:46.447659+00:00,2020-01-26T08:41:29.631751+00:00,14.81,5.26,2.36922,1.62,16.2,1,1,0.0
syn_00585,Smart Price,2020-01-26T03:25:46.447659+00:00,2020-01-26T08:41:29.631751+00:00,14.81,5.26,2.36922,1.62,16.2,1,1,0.0
syn_00585,Proposed Method,2020-01-26T03:25:46.447659+00:00,2020-01-26T08:41:29.631751+00:00,14.81,5.26,2.36922,1.62,16.2,1,1,8.033239333619457
syn_00586,Dumb Charging,2020-02-14T20:18:53.108066+00:00,2020-02-15T01:33:43.545410+00:00,9.88,5.25,3.417179,3.24,10.8,1,1,0.0
syn_00586,Smart Price,2020-02-14T20:18:53.108066+00:00,2020-02-15T01:33:43.545410+00:00,9.88,5.25,2.299186,1.08,10.8,1,1,0.0
syn_00586,Proposed Method,2020-02-14T20:18:53.108066+00:00,2020-02-15T01:33:43.545410+00:00,9.88,5.25,1.524043,1.08,10.8,1,1,5.899941983629875
syn_00587,Dumb Charging,2020-06-21T17:25:22.513097+00:00,2020-06-21T23:01:47.144253+00:00,13.56,5.61,4.325514,5.472,14.4,1,1,0.0
syn_00587,Smart Price,2020-06-21T17:25:22.513097+00:00,2020-06-21T23:01:47.144253+00:00,13.56,5.61,4.125642,3.456,14.4,2,2,0.0
syn_00587,Proposed Method,2020-06-21T17:25:22.513097+00:00,2020-06-21T23:01:47.144253+00:00,13.56,5.61,4.181638,3.456,14.4,1,1,12.946941411992904
syn_00588,Dumb Charging,2020-10-13T06:32:58.633664+00:00,2020-10-13T13:47:00.798279+00:00,15.71,7.23,3.570731,2.268,16.2,1,1,0.0
syn_00588,Smart Price,2020-10-13T06:32:58.633664+00:00,2020-10-13T13:47:00.798279+00:00,15.71,7.23,3.570731,2.268,16.2,1,1,0.0
syn_00588,Proposed Method,2020-10-13T06:32:58.633664+00:00,2020-10-13T13:47:00.798279+00:00,15.71,7.23,2.614999,3.564,16.2,1,1,9.547089560293742
syn_00589,Dumb Charging,2020-09-26T16:53:19.067621+00:00,2020-09-27T00:17:50.559516+00:00,29.49,7.41,11.219604,11.628,30.6,1,1,0.0
syn_00589,Smart Price,2020-09-26T16:53:19.067621+00:00,2020-09-27T00:17:50.559516+00:00,29.49,7.41,9.888362,7.308,30.6,2,2,0.0
syn_00589,Proposed Method,2020-09-26T16:53:19.067621+00:00,2020-09-27T00:17:50.559516+00:00,29.49,7.41,9.457838,8.46,30.6,2,2,29.08098110118869
syn_00590,Dumb Charging,2020-06-30T12:37:20.190306+00:00,2020-06-30T18:53:23.590798+00:00,13.09,6.27,1.636557,3.168,14.4,1,1,0.0
syn_00590,Smart Price,2020-06-30T12:37:20.190306+00:00,2020-06-30T18:53:23.590798+00:00,13.09,6.27,1.636557,3.168,14.4,1,1,0.0
syn_00590,Proposed Method,2020-06-30T12:37:20.190306+00:00,2020-06-30T18:53:23.590798+00:00,13.09,6.27,1.636557,3.168,14.4,1,1,7.191994365244093
syn_00591,Dumb Charging,2020-11-15T15:49:46.643168+00:00,2020-11-16T01:44:50.328760+00:00,14.12,9.92,4.087757,5.184,14.4,1,1,0.0
syn_00591,Smart Price,2020-11-15T15:49:46.643168+00:00,2020-11-16T01:44:50.328760+00:00,14.12,9.92,3.351576,1.44,14.4,1,1,0.0
syn_00591,Proposed Method,2020-11-15T15:49:46.643168+00:00,2020-11-16T01:44:50.328760+00:00,14.12,9.92,2.748613,1.44,14.4,1,1,8.77965851814617
syn_00592,Dumb Charging,2020-09-23T19:53:38.822611+00:00,2020-09-24T02:43:38.248526+00:00,39.81,6.83,12.799022,8.388,41.4,1,1,0.0
syn_00592,Smart Price,2020-09-23T19:53:38.822611+00:00,2020-09-24T02:43:38.248526+00:00,39.81,6.83,11.081901,6.372,41.4,2,2,0.0
syn_00592,Proposed Method,2020-09-23T19:53:38.822611+00:00,2020-09-24T02:43:38.248526+00:00,39.81,6.83,11.072679,6.372,41.4,1,1,29.59709873216956
syn_00593,Dumb Charging,2020-10-23T09:52:25.016172+00:00,2020-10-24T05:52:25.016172+00:00,7.89,20.0,1.468697,1.98,9.0,1,1,0.0
syn_00593,Smart Price,2020-10-23T09:52:25.016172+00:00,2020-10-24T05:52:25.016172+00:00,7.89,20.0,2.730983,0.9,9.0,1,1,0.0
syn_00593,Proposed Method,2020-10-23T09:52:25.016172+00:00,2020-10-24T05:52:25.016172+00:00,7.89,20.0,1.595834,0.9,9.0,1,1,5.968214367427911
syn_00594,Dumb Charging,2020-04-19T12:51:35.173418+00:00,2020-04-19T17:44:48.669497+00:00,14.7,4.89,1.704812,3.564,16.2,1,1,0.0
syn_00594,Smart Price,2020-04-19T12:51:35.173418+00:00,2020-04-19T17:44:48.669497+00:00,14.7,4.89,1.704812,3.564,16.2,1,1,0.0
syn_00594,Proposed Method,2020-04-19T12:51:35.173418+00:00,2020-04-19T17:44:48.669497+00:00,14.7,4.89,1.704812,3.564,16.2,1,1,7.54047058327224
syn_00595,Dumb Charging,2020-04-01T17:32:10.772023+00:00,2020-04-01T22:07:48.854359+00:00,13.36,4.59,3.775518,5.472,14.4,1,1,0.0
syn_00595,Smart Price,2020-04-01T17:32:10.772023+00:00,2020-04-01T22:07:48.854359+00:00,13.36,4.59,3.736086,4.32,14.4,2,2,0.0
syn_00595,Proposed Method,2020-04-01T17:32:10.772023+00:00,2020-04-01T22:07:48.854359+00:00,13.36,4.59,3.775518,5.472,14.4,1,1,13.05959863658756
syn_00596,Dumb Charging,2020-12-02T06:53:59.092480+00:00,2020-12-02T13:06:38.394420+00:00,6.31,6.21,1.464165,0.72,7.2,1,1,0.0
syn_00596,Smart Price,2020-12-02T06:53:59.092480+00:00,2020-12-02T13:06:38.394420+00:00,6.31,6.21,1.464165,0.72,7.2,1,1,0.0
syn_00596,Proposed Method,2020-12-02T06:53:59.092480+00:00,2020-12-02T13:06:38.394420+00:00,6.31,6.21,1.106935,1.584,7.2,1,1,5.232374944149967
syn_00597,Dumb Charging,2020-10-21T17:14:15.335087+00:00,2020-10-21T23:17:18.978253+00:00,12.64,6.05,4.935157,5.472,14.4,1,1,0.0
syn_00597,Smart Price,2020-10-21T17:14:15.335087+00:00,2020-10-21T23:17:18.978253+00:00,12.64,6.05,5.251939,3.168,14.4,1,1,0.0
syn_00597,Proposed Method,2020-10-21T17:14:15.335087+00:00,2020-10-21T23:17:18.978253+00:00,12.64,6.05,5.251939,3.168,14.4,1,1,15.162552849219278
syn_00598,Dumb Charging,2020-11-24T11:04:23.475711+00:00,2020-11-25T02:13:22.850165+00:00,11.26,15.15,1.803039,2.772,12.6,1,1,0.0
syn_00598,Smart Price,2020-11-24T11:04:23.475711+00:00,2020-11-25T02:13:22.850165+00:00,11.26,15.15,3.245158,1.26,12.6,1,1,0.0
syn_00598,Proposed Method,2020-11-24T11:04:23.475711+00:00,2020-11-25T02:13:22.850165+00:00,11.26,15.15,1.803039,2.772,12.6,1,1,7.361023839181411
syn_00599,Dumb Charging,2020-01-01T08:16:52.134721+00:00,2020-01-01T17:09:06.334151+00:00,38.07,8.87,6.200068,8.712,39.6,1,1,0.0
syn_00599,Smart Price,2020-01-01T08:16:52.134721+00:00,2020-01-01T17:09:06.334151+00:00,38.07,8.87,6.200068,8.712,39.6,1,1,0.0
syn_00599,Proposed Method,2020-01-01T08:16:52.134721+00:00,2020-01-01T17:09:06.334151+00:00,38.07,8.87,4.906539,8.712,39.6,1,1,19.173076719035507
syn_00600,Dumb Charging,2020-02-04T10:21:43.152820+00:00,2020-02-05T00:02:55.633162+00:00,13.03,13.69,1.667889,3.168,14.4,1,1,0.0
syn_00600,Smart Price,2020-02-04T10:21:43.152820+00:00,2020-02-05T00:02:55.633162+00:00,13.03,13.69,2.439549,2.52,14.4,2,2,0.0
syn_00600,Proposed Method,2020-02-04T10:21:43.152820+00:00,2020-02-05T00:02:55.633162+00:00,13.03,13.69,1.667889,3.168,14.4,1,1,7.261068605906483
syn_00601,Dumb Charging,2020-07-28T06:55:46.752156+00:00,2020-07-28T10:26:43.167972+00:00,16.19,3.52,3.435371,2.484,16.2,1,1,0.0
syn_00601,Smart Price,2020-07-28T06:55:46.752156+00:00,2020-07-28T10:26:43.167972+00:00,16.19,3.52,3.435371,2.484,16.2,1,1,0.0
syn_00601,Proposed Method,2020-07-28T06:55:46.752156+00:00,2020-07-28T10:26:43.167972+00:00,16.19,3.52,3.435371,2.484,16.2,1,1,10.815703738217287
syn_00602,Dumb Charging,2020-10-08T12:51:37.896437+00:00,2020-10-08T15:42:15.344670+00:00,6.91,2.84,1.053648,1.584,7.2,1,1,0.0
syn_00602,Smart Price,2020-10-08T12:51:37.896437+00:00,2020-10-08T15:42:15.344670+00:00,6.91,2.84,1.053648,1.584,7.2,1,1,0.0
syn_00602,Proposed Method,2020-10-08T12:51:37.896437+00:00,2020-10-08T15:42:15.344670+00:00,6.91,2.84,1.053648,1.584,7.2,1,1,5.114899177917788
syn_00603,Dumb Charging,2020-06-30T08:48:36.145515+00:00,2020-06-30T14:57:51.416871+00:00,34.45,6.15,5.355901,7.92,36.0,1,1,0.0
syn_00603,Smart Price,2020-06-30T08:48:36.145515+00:00,2020-06-30T14:57:51.416871+00:00,34.45,6.15,5.355901,7.92,36.0,1,1,0.0
syn_00603,Proposed Method,2020-06-30T08:48:36.145515+00:00,2020-06-30T14:57:51.416871+00:00,34.45,6.15,4.372133,7.92,36.0,1,1,15.598910317051844
syn_00604,Dumb Charging,2020-07-04T17:17:28.538263+00:00,2020-07-05T02:17:08.790365+00:00,8.87,8.99,2.466371,3.42,9.0,1,1,0.0
syn_00604,Smart Price,2020-07-04T17:17:28.538263+00:00,2020-07-05T02:17:08.790365+00:00,8.87,8.99,2.504018,0.9,9.0,1,1,0.0
syn_00604,Proposed Method,2020-07-04T17:17:28.538263+00:00,2020-07-05T02:17:08.790365+00:00,8.87,8.99,1.294471,0.9,9.0,1,1,5.303822532141285
syn_00605,Dumb Charging,2020-09-11T05:39:49.922053+00:00,2020-09-11T16:53:01.542243+00:00,30.32,11.22,7.098186,4.572,30.6,1,1,0.0
syn_00605,Smart Price,2020-09-11T05:39:49.922053+00:00,2020-09-11T16:53:01.542243+00:00,30.32,11.22,7.098186,4.572,30.6,1,1,0.0
syn_00605,Proposed Method,2020-09-11T05:39:49.922053+00:00,2020-09-11T16:53:01.542243+00:00,30.32,11.22,4.267071,6.732,30.6,1,1,16.773289180961328
syn_00606,Dumb Charging,2020-07-03T17:48:02.231340+00:00,2020-07-03T19:34:03.161768+00:00,6.3,1.77,1.949258,2.736,7.2,1,1,0.0
syn_00606,Smart Price,2020-07-03T17:48:02.231340+00:00,2020-07-03T19:34:03.161768+00:00,6.3,1.77,1.949258,2.736,7.2,1,1,0.0
syn_00606,Proposed Method,2020-07-03T17:48:02.231340+00:00,2020-07-03T19:34:03.161768+00:00,6.3,1.77,1.949258,2.736,7.2,1,1,7.665382132599838
syn_00607,Dumb Charging,2020-06-11T16:53:55.477586+00:00,2020-06-12T03:25:07.024986+00:00,14.23,10.52,3.71468,5.472,14.4,1,1,0.0
syn_00607,Smart Price,2020-06-11T16:53:55.477586+00:00,2020-06-12T03:25:07.024986+00:00,14.23,10.52,2.764101,1.44,14.4,1,1,0.0
syn_00607,Proposed Method,2020-06-11T16:53:55.477586+00:00,2020-06-12T03:25:07.024986+00:00,14.23,10.52,2.113882,1.44,14.4,1,1,7.380316468713429
syn_00608,Dumb Charging,2020-08-07T17:08:06.399485+00:00,2020-08-08T00:57:40.434263+00:00,16.4,7.83,5.893308,6.84,18.0,1,1,0.0
syn_00608,Smart Price,2020-08-07T17:08:06.399485+00:00,2020-08-08T00:57:40.434263+00:00,16.4,7.83,5.006543,2.448,18.0,2,2,0.0
syn_00608,Proposed Method,2020-08-07T17:08:06.399485+00:00,2020-08-08T00:57:40.434263+00:00,16.4,7.83,4.919031,2.448,18.0,1,1,14.068616828391919
syn_00609,Dumb Charging,2020-05-09T05:44:30.826827+00:00,2020-05-09T13:48:34.018022+00:00,32.26,8.07,5.756722,4.968,32.4,1,1,0.0
syn_00609,Smart Price,2020-05-09T05:44:30.826827+00:00,2020-05-09T13:48:34.018022+00:00,32.26,8.07,5.756722,4.968,32.4,1,1,0.0
syn_00609,Proposed Method,2020-05-09T05:44:30.826827+00:00,2020-05-09T13:48:34.018022+00:00,32.26,8.07,3.671346,6.264,32.4,2,2,15.225939698810341
syn_00610,Dumb Charging,2020-04-24T15:49:45.274786+00:00,2020-04-24T21:58:05.297874+00:00,8.65,6.14,1.683244,3.132,9.0,1,1,0.0
syn_00610,Smart Price,2020-04-24T15:49:45.274786+00:00,2020-04-24T21:58:05.297874+00:00,8.65,6.14,2.264484,2.268,9.0,2,2,0.0
syn_00610,Proposed Method,2020-04-24T15:49:45.274786+00:00,2020-04-24T21:58:05.297874+00:00,8.65,6.14,1.683244,3.132,9.0,1,1,7.276921410365516
syn_00611,Dumb Charging,2020-03-20T14:31:25.560636+00:00,2020-03-20T18:27:01.474829+00:00,7.38,3.93,1.236657,1.98,9.0,1,1,0.0
syn_00611,Smart Price,2020-03-20T14:31:25.560636+00:00,2020-03-20T18:27:01.474829+00:00,7.38,3.93,1.236657,1.98,9.0,1,1,0.0
syn_00611,Proposed Method,2020-03-20T14:31:25.560636+00:00,2020-03-20T18:27:01.474829+00:00,7.38,3.93,1.236657,1.98,9.0,1,1,5.716363328876648
syn_00612,Dumb Charging,2020-03-22T16:04:31.154120+00:00,2020-03-22T23:22:12.925323+00:00,11.69,7.29,2.899057,4.788,12.6,1,1,0.0
syn_00612,Smart Price,2020-03-22T16:04:31.154120+00:00,2020-03-22T23:22:12.925323+00:00,11.69,7.29,3.495748,2.556,12.6,2,2,0.0
syn_00612,Proposed Method,2020-03-22T16:04:31.154120+00:00,2020-03-22T23:22:12.925323+00:00,11.69,7.29,2.899057,4.788,12.6,1,1,10.785332903580889
syn_00613,Dumb Charging,2020-12-26T16:31:46.915344+00:00,2020-12-27T12:31:46.915344+00:00,34.3,20.0,12.687294,13.104,36.0,1,1,0.0
syn_00613,Smart Price,2020-12-26T16:31:46.915344+00:00,2020-12-27T12:31:46.915344+00:00,34.3,20.0,6.97073,3.6,36.0,1,1,0.0
syn_00613,Proposed Method,2020-12-26T16:31:46.915344+00:00,2020-12-27T12:31:46.915344+00:00,34.3,20.0,6.00348,3.6,36.0,1,1,19.03541771368062
syn_00614,Dumb Charging,2020-08-10T06:30:19.554055+00:00,2020-08-10T09:32:43.101696+00:00,10.8,3.04,2.024834,1.08,10.8,1,1,0.0
syn_00614,Smart Price,2020-08-10T06:30:19.554055+00:00,2020-08-10T09:32:43.101696+00:00,10.8,3.04,2.024834,1.08,10.8,1,1,0.0
syn_00614,Proposed Method,2020-08-10T06:30:19.554055+00:00,2020-08-10T09:32:43.101696+00:00,10.8,3.04,2.024834,1.08,10.8,1,1,7.003997937506465
syn_00615,Dumb Charging,2020-01-23T19:05:31.576208+00:00,2020-01-24T00:56:02.653626+00:00,13.46,5.84,5.144236,5.472,14.4,1,1,0.0
syn_00615,Smart Price,2020-01-23T19:05:31.576208+00:00,2020-01-24T00:56:02.653626+00:00,13.46,5.84,3.522407,1.656,14.4,2,2,0.0
syn_00615,Proposed Method,2020-01-23T19:05:31.576208+00:00,2020-01-24T00:56:02.653626+00:00,13.46,5.84,3.391762,1.656,14.4,1,1,10.30556040633803
syn_00616,Dumb Charging,2020-03-14T17:46:58.771469+00:00,2020-03-14T23:51:06.896563+00:00,5.63,6.07,1.868771,2.736,7.2,1,1,0.0
syn_00616,Smart Price,2020-03-14T17:46:58.771469+00:00,2020-03-14T23:51:06.896563+00:00,5.63,6.07,1.969905,0.936,7.2,2,2,0.0
syn_00616,Proposed Method,2020-03-14T17:46:58.771469+00:00,2020-03-14T23:51:06.896563+00:00,5.63,6.07,1.828061,0.936,7.2,1,1,6.498188830547857
syn_00617,Dumb Charging,2020-11-14T12:14:13.304104+00:00,2020-11-14T16:17:49.638549+00:00,21.83,4.06,3.440197,5.148,23.4,1,1,0.0
syn_00617,Smart Price,2020-11-14T12:14:13.304104+00:00,2020-11-14T16:17:49.638549+00:00,21.83,4.06,3.440197,5.148,23.4,1,1,0.0
syn_00617,Proposed Method,2020-11-14T12:14:13.304104+00:00,2020-11-14T16:17:49.638549+00:00,21.83,4.06,3.440197,5.148,23.4,1,1,12.158342344836896
syn_00618,Dumb Charging,2020-10-01T18:44:38.223598+00:00,2020-10-01T23:57:55.297693+00:00,5.64,5.22,2.932904,2.736,7.2,1,1,0.0
syn_00618,Smart Price,2020-10-01T18:44:38.223598+00:00,2020-10-01T23:57:55.297693+00:00,5.64,5.22,2.569691,1.152,7.2,2,2,0.0
syn_00618,Proposed Method,2020-10-01T18:44:38.223598+00:00,2020-10-01T23:57:55.297693+00:00,5.64,5.22,2.356172,1.152,7.2,1,1,7.77047506083248
syn_00619,Dumb Charging,2020-04-15T18:46:41.716686+00:00,2020-04-16T00:24:47.734959+00:00,9.81,5.64,3.17472,4.104,10.8,1,1,0.0
syn_00619,Smart Price,2020-04-15T18:46:41.716686+00:00,2020-04-16T00:24:47.734959+00:00,9.81,5.64,2.485229,1.296,10.8,2,2,0.0
syn_00619,Proposed Method,2020-04-15T18:46:41.716686+00:00,2020-04-16T00:24:47.734959+00:00,9.81,5.64,2.510603,1.296,10.8,1,1,8.18293729453018
syn_00620,Dumb Charging,2020-07-09T11:28:37.707327+00:00,2020-07-09T22:20:08.299791+00:00,26.59,10.86,3.456162,5.94,27.0,1,1,0.0
syn_00620,Smart Price,2020-07-09T11:28:37.707327+00:00,2020-07-09T22:20:08.299791+00:00,26.59,10.86,3.456162,5.94,27.0,1,1,0.0
syn_00620,Proposed Method,2020-07-09T11:28:37.707327+00:00,2020-07-09T22:20:08.299791+00:00,26.59,10.86,3.456162,5.94,27.0,1,1,12.589539211643693
syn_00621,Dumb Charging,2020-09-25T16:30:40.832243+00:00,2020-09-25T23:19:10.111558+00:00,11.51,6.81,3.699706,4.788,12.6,1,1,0.0
syn_00621,Smart Price,2020-09-25T16:30:40.832243+00:00,2020-09-25T23:19:10.111558+00:00,11.51,6.81,4.556185,2.556,12.6,2,2,0.0
syn_00621,Proposed Method,2020-09-25T16:30:40.832243+00:00,2020-09-25T23:19:10.111558+00:00,11.51,6.81,3.699706,4.788,12.6,1,1,12.550462103482275
syn_00622,Dumb Charging,2020-07-09T07:36:30.955233+00:00,2020-07-09T16:56:02.614356+00:00,8.11,9.33,1.750996,1.548,9.0,1,1,0.0
syn_00622,Smart Price,2020-07-09T07:36:30.955233+00:00,2020-07-09T16:56:02.614356+00:00,8.11,9.33,1.750996,1.548,9.0,1,1,0.0
syn_00622,Proposed Method,2020-07-09T07:36:30.955233+00:00,2020-07-09T16:56:02.614356+00:00,8.11,9.33,1.750996,1.548,9.0,1,1,6.634288443003233
syn_00623,Dumb Charging,2020-05-15T07:01:00.453765+00:00,2020-05-15T16:30:34.844743+00:00,28.21,9.49,4.814072,5.472,28.8,1,1,0.0
syn_00623,Smart Price,2020-05-15T07:01:00.453765+00:00,2020-05-15T16:30:34.844743+00:00,28.21,9.49,4.814072,5.472,28.8,1,1,0.0
syn_00623,Proposed Method,2020-05-15T07:01:00.453765+00:00,2020-05-15T16:30:34.844743+00:00,28.21,9.49,3.671532,6.624,28.8,1,1,13.406349170891337
syn_00624,Dumb Charging,2020-08-02T17:01:17.775011+00:00,2020-08-03T00:12:18.186801+00:00,10.53,7.18,3.129172,4.104,10.8,1,1,0.0
syn_00624,Smart Price,2020-08-02T17:01:17.775011+00:00,2020-08-03T00:12:18.186801+00:00,10.53,7.18,3.630274,1.512,10.8,2,2,0.0
syn_00624,Proposed Method,2020-08-02T17:01:17.775011+00:00,2020-08-03T00:12:18.186801+00:00,10.53,7.18,3.483669,1.512,10.8,1,1,10.436181303925864
syn_00625,Dumb Charging,2020-01-24T19:57:33.050690+00:00,2020-01-25T02:57:28.553763+00:00,9.29,7.0,3.585533,3.816,10.8,1,1,0.0
syn_00625,Smart Price,2020-01-24T19:57:33.050690+00:00,2020-01-25T02:57:28.553763+00:00,9.29,7.0,2.620882,1.08,10.8,1,1,0.0
syn_00625,Proposed Method,2020-01-24T19:57:33.050690+00:00,2020-01-25T02:57:28.553763+00:00,9.29,7.0,1.525874,1.08,10.8,1,1,5.903979356337272
syn_00626,Dumb Charging,2020-06-18T11:01:36.551638+00:00,2020-06-18T20:48:18.394476+00:00,12.75,9.78,1.619679,3.168,14.4,1,1,0.0
syn_00626,Smart Price,2020-06-18T11:01:36.551638+00:00,2020-06-18T20:48:18.394476+00:00,12.75,9.78,1.619679,3.168,14.4,1,1,0.0
syn_00626,Proposed Method,2020-06-18T11:01:36.551638+00:00,2020-06-18T20:48:18.394476+00:00,12.75,9.78,1.619679,3.168,14.4,1,1,7.154783562206502
syn_00627,Dumb Charging,2020-08-29T07:04:09.539851+00:00,2020-08-29T13:33:31.915026+00:00,26.63,6.49,5.893009,5.076,27.0,1,1,0.0
syn_00627,Smart Price,2020-08-29T07:04:09.539851+00:00,2020-08-29T13:33:31.915026+00:00,26.63,6.49,5.893009,5.076,27.0,1,1,0.0
syn_00627,Proposed Method,2020-08-29T07:04:09.539851+00:00,2020-08-29T13:33:31.915026+00:00,26.63,6.49,4.09117,5.94,27.0,1,1,13.989492499771579
syn_00628,Dumb Charging,2020-11-03T06:26:00.314309+00:00,2020-11-03T14:14:06.698818+00:00,41.92,7.8,8.549412,7.992,43.2,1,1,0.0
syn_00628,Smart Price,2020-11-03T06:26:00.314309+00:00,2020-11-03T14:14:06.698818+00:00,41.92,7.8,8.549412,7.992,43.2,1,1,0.0
syn_00628,Proposed Method,2020-11-03T06:26:00.314309+00:00,2020-11-03T14:14:06.698818+00:00,41.92,7.8,6.897315,7.992,43.2,2,2,23.20198884047513
syn_00629,Dumb Charging,2020-05-29T09:50:05.995747+00:00,2020-05-29T13:32:54.642619+00:00,10.17,3.71,1.266816,2.376,10.8,1,1,0.0
syn_00629,Smart Price,2020-05-29T09:50:05.995747+00:00,2020-05-29T13:32:54.642619+00:00,10.17,3.71,1.266816,2.376,10.8,1,1,0.0
syn_00629,Proposed Method,2020-05-29T09:50:05.995747+00:00,2020-05-29T13:32:54.642619+00:00,10.17,3.71,1.266816,2.376,10.8,1,1,5.980852531594353
syn_00630,Dumb Charging,2020-02-13T07:23:55.003852+00:00,2020-02-13T14:48:51.634798+00:00,10.79,7.42,2.033015,1.728,10.8,1,1,0.0
syn_00630,Smart Price,2020-02-13T07:23:55.003852+00:00,2020-02-13T14:48:51.634798+00:00,10.79,7.42,2.033015,1.728,10.8,1,1,0.0
syn_00630,Proposed Method,2020-02-13T07:23:55.003852+00:00,2020-02-13T14:48:51.634798+00:00,10.79,7.42,1.202472,2.376,10.8,1,1,5.839000059062096
syn_00631,Dumb Charging,2020-04-10T11:20:22.591815+00:00,2020-04-10T22:06:21.860886+00:00,24.68,10.77,2.700294,5.544,25.2,1,1,0.0
syn_00631,Smart Price,2020-04-10T11:20:22.591815+00:00,2020-04-10T22:06:21.860886+00:00,24.68,10.77,2.700294,5.544,25.2,1,1,0.0
syn_00631,Proposed Method,2020-04-10T11:20:22.591815+00:00,2020-04-10T22:06:21.860886+00:00,24.68,10.77,2.700294,5.544,25.2,1,1,10.725134627282698
syn_00632,Dumb Charging,2020-04-30T11:01:40.571643+00:00,2020-04-30T15:26:24.897236+00:00,14.96,4.41,1.868711,3.564,16.2,1,1,0.0
syn_00632,Smart Price,2020-04-30T11:01:40.571643+00:00,2020-04-30T15:26:24.897236+00:00,14.96,4.41,1.868711,3.564,16.2,1,1,0.0
syn_00632,Proposed Method,2020-04-30T11:01:40.571643+00:00,2020-04-30T15:26:24.897236+00:00,14.96,4.41,1.765489,3.564,16.2,1,1,7.674241189750814
syn_00633,Dumb Charging,2020-03-21T14:31:35.227113+00:00,2020-03-22T09:52:04.277019+00:00,5.48,19.34,0.971015,1.584,7.2,1,1,0.0
syn_00633,Smart Price,2020-03-21T14:31:35.227113+00:00,2020-03-22T09:52:04.277019+00:00,5.48,19.34,1.66151,0.72,7.2,1,1,0.0
syn_00633,Proposed Method,2020-03-21T14:31:35.227113+00:00,2020-03-22T09:52:04.277019+00:00,5.48,19.34,0.971015,1.584,7.2,1,1,4.93272391987644
syn_00634,Dumb Charging,2020-07-17T11:56:31.271579+00:00,2020-07-17T23:56:46.063227+00:00,8.19,12.0,1.236496,1.98,9.0,1,1,0.0
syn_00634,Smart Price,2020-07-17T11:56:31.271579+00:00,2020-07-17T23:56:46.063227+00:00,8.19,12.0,1.975044,1.332,9.0,2,2,0.0
syn_00634,Proposed Method,2020-07-17T11:56:31.271579+00:00,2020-07-17T23:56:46.063227+00:00,8.19,12.0,1.236496,1.98,9.0,1,1,5.716010252692705
syn_00635,Dumb Charging,2020-12-26T08:40:38.635562+00:00,2020-12-26T18:25:35.045623+00:00,17.09,9.75,3.658605,3.96,18.0,1,1,0.0
syn_00635,Smart Price,2020-12-26T08:40:38.635562+00:00,2020-12-26T18:25:35.045623+00:00,17.09,9.75,3.658605,3.96,18.0,1,1,0.0
syn_00635,Proposed Method,2020-12-26T08:40:38.635562+00:00,2020-12-26T18:25:35.045623+00:00,17.09,9.75,2.215635,3.96,18.0,1,1,10.864644067676426
syn_00636,Dumb Charging,2020-06-05T08:29:46.960050+00:00,2020-06-05T21:16:41.892486+00:00,21.08,12.78,3.708405,4.752,21.6,1,1,0.0
syn_00636,Smart Price,2020-06-05T08:29:46.960050+00:00,2020-06-05T21:16:41.892486+00:00,21.08,12.78,3.708405,4.752,21.6,1,1,0.0
syn_00636,Proposed Method,2020-06-05T08:29:46.960050+00:00,2020-06-05T21:16:41.892486+00:00,21.08,12.78,2.345811,4.752,21.6,1,1,11.54763122133113
syn_00637,Dumb Charging,2020-12-29T15:40:14.975960+00:00,2020-12-29T20:03:08.020712+00:00,10.58,4.38,2.514723,3.528,10.8,1,1,0.0
syn_00637,Smart Price,2020-12-29T15:40:14.975960+00:00,2020-12-29T20:03:08.020712+00:00,10.58,4.38,2.514723,3.528,10.8,1,1,0.0
syn_00637,Proposed Method,2020-12-29T15:40:14.975960+00:00,2020-12-29T20:03:08.020712+00:00,10.58,4.38,2.514723,3.528,10.8,1,1,9.308019705521989
syn_00638,Dumb Charging,2020-07-07T18:57:07.085162+00:00,2020-07-08T01:47:22.397466+00:00,35.11,6.84,11.681421,9.864,36.0,1,1,0.0
syn_00638,Smart Price,2020-07-07T18:57:07.085162+00:00,2020-07-08T01:47:22.397466+00:00,35.11,6.84,9.144596,6.336,36.0,2,2,0.0
syn_00638,Proposed Method,2020-07-07T18:57:07.085162+00:00,2020-07-08T01:47:22.397466+00:00,35.11,6.84,9.179136,6.336,36.0,1,1,25.404546445215328
syn_00639,Dumb Charging,2020-07-13T17:29:12.472198+00:00,2020-07-13T22:23:09.278044+00:00,17.1,4.9,5.631808,6.84,18.0,1,1,0.0
syn_00639,Smart Price,2020-07-13T17:29:12.472198+00:00,2020-07-13T22:23:09.278044+00:00,17.1,4.9,5.80768,5.688,18.0,2,2,0.0
syn_00639,Proposed Method,2020-07-13T17:29:12.472198+00:00,2020-07-13T22:23:09.278044+00:00,17.1,4.9,5.631808,6.84,18.0,1,1,17.836021460077724
syn_00640,Dumb Charging,2020-07-21T07:58:52.265723+00:00,2020-07-21T12:43:00.364389+00:00,6.16,4.74,1.470606,1.368,7.2,1,1,0.0
syn_00640,Smart Price,2020-07-21T07:58:52.265723+00:00,2020-07-21T12:43:00.364389+00:00,6.16,4.74,1.470606,1.368,7.2,1,1,0.0
syn_00640,Proposed Method,2020-07-21T07:58:52.265723+00:00,2020-07-21T12:43:00.364389+00:00,6.16,4.74,0.940048,1.584,7.2,1,1,4.864451814105829
syn_00641,Dumb Charging,2020-01-03T15:25:59.512412+00:00,2020-01-04T11:25:59.512412+00:00,7.76,20.0,1.844845,2.556,9.0,1,1,0.0
syn_00641,Smart Price,2020-01-03T15:25:59.512412+00:00,2020-01-04T11:25:59.512412+00:00,7.76,20.0,2.323173,0.9,9.0,1,1,0.0
syn_00641,Proposed Method,2020-01-03T15:25:59.512412+00:00,2020-01-04T11:25:59.512412+00:00,7.76,20.0,0.894363,1.98,9.0,1,1,4.96173375272439
syn_00642,Dumb Charging,2020-07-06T13:35:16.585573+00:00,2020-07-06T21:13:10.271575+00:00,20.98,7.63,3.56845,5.328,21.6,1,1,0.0
syn_00642,Smart Price,2020-07-06T13:35:16.585573+00:00,2020-07-06T21:13:10.271575+00:00,20.98,7.63,3.56845,5.328,21.6,1,1,0.0
syn_00642,Proposed Method,2020-07-06T13:35:16.585573+00:00,2020-07-06T21:13:10.271575+00:00,20.98,7.63,3.56845,5.328,21.6,1,1,12.531091976298532
syn_00643,Dumb Charging,2020-08-04T06:58:02.875307+00:00,2020-08-04T11:17:13.891412+00:00,4.77,4.32,1.082024,0.54,5.4,1,1,0.0
syn_00643,Smart Price,2020-08-04T06:58:02.875307+00:00,2020-08-04T11:17:13.891412+00:00,4.77,4.32,1.082024,0.54,5.4,1,1,0.0
syn_00643,Proposed Method,2020-08-04T06:58:02.875307+00:00,2020-08-04T11:17:13.891412+00:00,4.77,4.32,0.650345,1.188,5.4,1,1,4.0277663125771035
syn_00644,Dumb Charging,2020-08-27T14:21:20.189044+00:00,2020-08-27T20:00:15.055018+00:00,9.04,5.65,1.868669,2.376,10.8,1,1,0.0
syn_00644,Smart Price,2020-08-27T14:21:20.189044+00:00,2020-08-27T20:00:15.055018+00:00,9.04,5.65,1.868669,2.376,10.8,1,1,0.0
syn_00644,Proposed Method,2020-08-27T14:21:20.189044+00:00,2020-08-27T20:00:15.055018+00:00,9.04,5.65,1.868669,2.376,10.8,1,1,7.307714032827404
syn_00645,Dumb Charging,2020-01-05T09:55:00.266073+00:00,2020-01-05T21:28:09.162483+00:00,23.37,11.55,3.06789,5.148,23.4,1,1,0.0
syn_00645,Smart Price,2020-01-05T09:55:00.266073+00:00,2020-01-05T21:28:09.162483+00:00,23.37,11.55,3.06789,5.148,23.4,1,1,0.0
syn_00645,Proposed Method,2020-01-05T09:55:00.266073+00:00,2020-01-05T21:28:09.162483+00:00,23.37,11.55,3.06789,5.148,23.4,1,1,11.337545982358659
syn_00646,Dumb Charging,2020-01-08T17:36:24.961686+00:00,2020-01-09T03:08:58.007902+00:00,16.2,9.54,5.231813,6.156,16.2,1,1,0.0
syn_00646,Smart Price,2020-01-08T17:36:24.961686+00:00,2020-01-09T03:08:58.007902+00:00,16.2,9.54,3.249723,1.62,16.2,1,1,0.0
syn_00646,Proposed Method,2020-01-08T17:36:24.961686+00:00,2020-01-09T03:08:58.007902+00:00,16.2,9.54,2.375874,1.62,16.2,1,1,8.047908962222353
syn_00647,Dumb Charging,2020-12-15T16:20:06.413753+00:00,2020-12-15T21:14:41.474458+00:00,19.16,4.91,5.62513,7.524,19.8,1,1,0.0
syn_00647,Smart Price,2020-12-15T16:20:06.413753+00:00,2020-12-15T21:14:41.474458+00:00,19.16,4.91,5.62513,7.524,19.8,1,1,0.0
syn_00647,Proposed Method,2020-12-15T16:20:06.413753+00:00,2020-12-15T21:14:41.474458+00:00,19.16,4.91,5.62513,7.524,19.8,1,1,18.1632984061538
syn_00648,Dumb Charging,2020-07-10T07:05:07.147019+00:00,2020-07-10T12:23:20.628062+00:00,10.0,5.3,2.124126,1.512,10.8,1,1,0.0
syn_00648,Smart Price,2020-07-10T07:05:07.147019+00:00,2020-07-10T12:23:20.628062+00:00,10.0,5.3,2.124126,1.512,10.8,1,1,0.0
syn_00648,Proposed Method,2020-07-10T07:05:07.147019+00:00,2020-07-10T12:23:20.628062+00:00,10.0,5.3,1.454747,2.376,10.8,1,1,6.3951698211796195
syn_00649,Dumb Charging,2020-01-05T11:56:11.486485+00:00,2020-01-05T19:37:18.550478+00:00,8.87,7.69,1.175548,1.98,9.0,1,1,0.0
syn_00649,Smart Price,2020-01-05T11:56:11.486485+00:00,2020-01-05T19:37:18.550478+00:00,8.87,7.69,1.175548,1.98,9.0,1,1,0.0
syn_00649,Proposed Method,2020-01-05T11:56:11.486485+00:00,2020-01-05T19:37:18.550478+00:00,8.87,7.69,1.175548,1.98,9.0,1,1,5.581642590160463
syn_00650,Dumb Charging,2020-05-03T04:46:49.793228+00:00,2020-05-03T17:05:34.622050+00:00,10.78,12.31,1.532177,1.08,10.8,1,1,0.0
syn_00650,Smart Price,2020-05-03T04:46:49.793228+00:00,2020-05-03T17:05:34.622050+00:00,10.78,12.31,1.532177,1.08,10.8,1,1,0.0
syn_00650,Proposed Method,2020-05-03T04:46:49.793228+00:00,2020-05-03T17:05:34.622050+00:00,10.78,12.31,1.532177,1.08,10.8,1,1,5.917875163818441
syn_00651,Dumb Charging,2020-04-26T17:04:56.496147+00:00,2020-04-27T06:09:54.398164+00:00,15.06,13.08,4.128846,6.156,16.2,1,1,0.0
syn_00651,Smart Price,2020-04-26T17:04:56.496147+00:00,2020-04-27T06:09:54.398164+00:00,15.06,13.08,2.819373,1.62,16.2,1,1,0.0
syn_00651,Proposed Method,2020-04-26T17:04:56.496147+00:00,2020-04-27T06:09:54.398164+00:00,15.06,13.08,2.133368,1.62,16.2,1,1,7.513274104366261
syn_00652,Dumb Charging,2020-05-26T16:01:48.073985+00:00,2020-05-27T11:01:15.455416+00:00,14.87,18.99,3.520224,6.156,16.2,1,1,0.0
syn_00652,Smart Price,2020-05-26T16:01:48.073985+00:00,2020-05-27T11:01:15.455416+00:00,14.87,18.99,2.989318,1.62,16.2,1,1,0.0
syn_00652,Proposed Method,2020-05-26T16:01:48.073985+00:00,2020-05-27T11:01:15.455416+00:00,14.87,18.99,2.044965,1.62,16.2,1,1,9.318380735973665
syn_00653,Dumb Charging,2020-10-26T17:42:53.027800+00:00,2020-10-27T13:15:05.439547+00:00,38.3,19.54,14.426724,12.744,39.6,1,1,0.0
syn_00653,Smart Price,2020-10-26T17:42:53.027800+00:00,2020-10-27T13:15:05.439547+00:00,38.3,19.54,7.900114,3.96,39.6,1,1,0.0
syn_00653,Proposed Method,2020-10-26T17:42:53.027800+00:00,2020-10-27T13:15:05.439547+00:00,38.3,19.54,6.823354,3.96,39.6,1,1,21.022933218604546
syn_00654,Dumb Charging,2020-03-11T11:44:11.245877+00:00,2020-03-11T16:53:11.357404+00:00,17.02,5.15,2.120085,3.96,18.0,1,1,0.0
syn_00654,Smart Price,2020-03-11T11:44:11.245877+00:00,2020-03-11T16:53:11.357404+00:00,17.02,5.15,2.120085,3.96,18.0,1,1,0.0
syn_00654,Proposed Method,2020-03-11T11:44:11.245877+00:00,2020-03-11T16:53:11.357404+00:00,17.02,5.15,2.120085,3.96,18.0,1,1,8.653990540194474
syn_00655,Dumb Charging,2020-01-25T15:42:39.918493+00:00,2020-01-25T20:58:49.002508+00:00,25.51,5.27,7.195586,9.684,27.0,1,1,0.0
syn_00655,Smart Price,2020-01-25T15:42:39.918493+00:00,2020-01-25T20:58:49.002508+00:00,25.51,5.27,7.195586,9.684,27.0,1,1,0.0
syn_00655,Proposed Method,2020-01-25T15:42:39.918493+00:00,2020-01-25T20:58:49.002508+00:00,25.51,5.27,7.195586,9.684,27.0,1,1,22.705565055541726
syn_00656,Dumb Charging,2020-11-29T04:56:55.448685+00:00,2020-11-29T11:16:17.941479+00:00,9.51,6.32,1.953381,1.08,10.8,1,1,0.0
syn_00656,Smart Price,2020-11-29T04:56:55.448685+00:00,2020-11-29T11:16:17.941479+00:00,9.51,6.32,1.953381,1.08,10.8,1,1,0.0
syn_00656,Proposed Method,2020-11-29T04:56:55.448685+00:00,2020-11-29T11:16:17.941479+00:00,9.51,6.32,1.953381,1.08,10.8,1,1,6.84647037648521
syn_00657,Dumb Charging,2020-07-19T19:21:22.930940+00:00,2020-07-20T07:53:13.954365+00:00,9.46,12.53,3.706072,4.104,10.8,1,1,0.0
syn_00657,Smart Price,2020-07-19T19:21:22.930940+00:00,2020-07-20T07:53:13.954365+00:00,9.46,12.53,2.537151,1.08,10.8,1,1,0.0
syn_00657,Proposed Method,2020-07-19T19:21:22.930940+00:00,2020-07-20T07:53:13.954365+00:00,9.46,12.53,1.716274,1.08,10.8,1,1,6.32373980900678
syn_00658,Dumb Charging,2020-06-19T19:50:35.714242+00:00,2020-06-20T01:53:20.783907+00:00,9.48,6.05,3.347058,3.816,10.8,1,1,0.0
syn_00658,Smart Price,2020-06-19T19:50:35.714242+00:00,2020-06-20T01:53:20.783907+00:00,9.48,6.05,2.304575,1.08,10.8,1,1,0.0
syn_00658,Proposed Method,2020-06-19T19:50:35.714242+00:00,2020-06-20T01:53:20.783907+00:00,9.48,6.05,1.412017,1.08,10.8,1,1,5.652966593118258
syn_00659,Dumb Charging,2020-03-30T12:47:43.727411+00:00,2020-03-30T20:16:31.500381+00:00,12.48,7.48,1.452881,2.772,12.6,1,1,0.0
syn_00659,Smart Price,2020-03-30T12:47:43.727411+00:00,2020-03-30T20:16:31.500381+00:00,12.48,7.48,1.452881,2.772,12.6,1,1,0.0
syn_00659,Proposed Method,2020-03-30T12:47:43.727411+00:00,2020-03-30T20:16:31.500381+00:00,12.48,7.48,1.452881,2.772,12.6,1,1,6.589056746159927
syn_00660,Dumb Charging,2020-04-25T20:12:00.340426+00:00,2020-04-26T05:19:37.430637+00:00,23.0,9.13,6.778759,6.084,23.4,1,1,0.0
syn_00660,Smart Price,2020-04-25T20:12:00.340426+00:00,2020-04-26T05:19:37.430637+00:00,23.0,9.13,3.808827,2.34,23.4,1,1,0.0
syn_00660,Proposed Method,2020-04-25T20:12:00.340426+00:00,2020-04-26T05:19:37.430637+00:00,23.0,9.13,2.949343,2.34,23.4,1,1,9.672192516840301
syn_00661,Dumb Charging,2020-11-20T14:39:38.332793+00:00,2020-11-21T01:26:16.181201+00:00,12.47,10.78,2.589869,3.06,12.6,1,1,0.0
syn_00661,Smart Price,2020-11-20T14:39:38.332793+00:00,2020-11-21T01:26:16.181201+00:00,12.47,10.78,3.084972,1.26,12.6,1,1,0.0
syn_00661,Proposed Method,2020-11-20T14:39:38.332793+00:00,2020-11-21T01:26:16.181201+00:00,12.47,10.78,2.430654,1.26,12.6,1,1,7.988679993440302
syn_00662,Dumb Charging,2020-05-07T05:56:44.329796+00:00,2020-05-07T15:34:57.590767+00:00,15.93,9.64,2.541172,1.62,16.2,1,1,0.0
syn_00662,Smart Price,2020-05-07T05:56:44.329796+00:00,2020-05-07T15:34:57.590767+00:00,15.93,9.64,2.541172,1.62,16.2,1,1,0.0
syn_00662,Proposed Method,2020-05-07T05:56:44.329796+00:00,2020-05-07T15:34:57.590767+00:00,15.93,9.64,1.739261,3.564,16.2,1,1,7.616417196108056
syn_00663,Dumb Charging,2020-09-27T14:51:10.189613+00:00,2020-09-27T18:46:13.210730+00:00,14.64,3.92,3.849115,4.716,16.2,1,1,0.0
syn_00663,Smart Price,2020-09-27T14:51:10.189613+00:00,2020-09-27T18:46:13.210730+00:00,14.64,3.92,3.849115,4.716,16.2,1,1,0.0
syn_00663,Proposed Method,2020-09-27T14:51:10.189613+00:00,2020-09-27T18:46:13.210730+00:00,14.64,3.92,3.849115,4.716,16.2,1,1,12.843853236030418
syn_00664,Dumb Charging,2020-06-20T09:05:05.928847+00:00,2020-06-20T12:24:18.652563+00:00,11.7,3.32,2.219976,2.772,12.6,1,1,0.0
syn_00664,Smart Price,2020-06-20T09:05:05.928847+00:00,2020-06-20T12:24:18.652563+00:00,11.7,3.32,2.219976,2.772,12.6,1,1,0.0
syn_00664,Proposed Method,2020-06-20T09:05:05.928847+00:00,2020-06-20T12:24:18.652563+00:00,11.7,3.32,1.462744,2.772,12.6,1,1,6.610802052176865
syn_00665,Dumb Charging,2020-10-15T21:03:46.081186+00:00,2020-10-16T04:19:58.252521+00:00,27.57,7.27,8.665001,4.608,28.8,1,1,0.0
syn_00665,Smart Price,2020-10-15T21:03:46.081186+00:00,2020-10-16T04:19:58.252521+00:00,27.57,7.27,5.961466,2.88,28.8,1,1,0.0
syn_00665,Proposed Method,2020-10-15T21:03:46.081186+00:00,2020-10-16T04:19:58.252521+00:00,27.57,7.27,4.796735,2.88,28.8,1,1,14.014999610555408
syn_00666,Dumb Charging,2020-07-29T07:14:52.483201+00:00,2020-07-29T15:05:25.604705+00:00,18.01,7.84,4.36073,3.492,19.8,1,1,0.0
syn_00666,Smart Price,2020-07-29T07:14:52.483201+00:00,2020-07-29T15:05:25.604705+00:00,18.01,7.84,4.36073,3.492,19.8,1,1,0.0
syn_00666,Proposed Method,2020-07-29T07:14:52.483201+00:00,2020-07-29T15:05:25.604705+00:00,18.01,7.84,2.42001,4.356,19.8,1,1,9.513212406236061
syn_00667,Dumb Charging,2020-08-19T14:18:39.101860+00:00,2020-08-19T19:18:10.914949+00:00,13.8,4.99,2.41837,3.456,14.4,1,1,0.0
syn_00667,Smart Price,2020-08-19T14:18:39.101860+00:00,2020-08-19T19:18:10.914949+00:00,13.8,4.99,2.41837,3.456,14.4,1,1,0.0
syn_00667,Proposed Method,2020-08-19T14:18:39.101860+00:00,2020-08-19T19:18:10.914949+00:00,13.8,4.99,2.41837,3.456,14.4,1,1,9.059596579198562
syn_00668,Dumb Charging,2020-09-05T08:43:50.907685+00:00,2020-09-06T00:43:52.483274+00:00,13.23,16.0,3.501467,3.168,14.4,1,1,0.0
syn_00668,Smart Price,2020-09-05T08:43:50.907685+00:00,2020-09-06T00:43:52.483274+00:00,13.23,16.0,3.942937,1.872,14.4,2,2,0.0
syn_00668,Proposed Method,2020-09-05T08:43:50.907685+00:00,2020-09-06T00:43:52.483274+00:00,13.23,16.0,1.870167,3.168,14.4,1,1,9.707015636341131
syn_00669,Dumb Charging,2020-12-01T14:21:26.178684+00:00,2020-12-01T20:15:58.304095+00:00,16.88,5.91,3.205883,4.824,18.0,1,1,0.0
syn_00669,Smart Price,2020-12-01T14:21:26.178684+00:00,2020-12-01T20:15:58.304095+00:00,16.88,5.91,3.205883,4.824,18.0,1,1,0.0
syn_00669,Proposed Method,2020-12-01T14:21:26.178684+00:00,2020-12-01T20:15:58.304095+00:00,16.88,5.91,3.205883,4.824,18.0,1,1,11.479767885975265
syn_00670,Dumb Charging,2020-11-03T13:09:04.179901+00:00,2020-11-03T23:19:49.964376+00:00,39.51,10.18,8.851608,11.592,39.6,1,1,0.0
syn_00670,Smart Price,2020-11-03T13:09:04.179901+00:00,2020-11-03T23:19:49.964376+00:00,39.51,10.18,9.574031,9.288,39.6,2,2,0.0
syn_00670,Proposed Method,2020-11-03T13:09:04.179901+00:00,2020-11-03T23:19:49.964376+00:00,39.51,10.18,8.851608,11.592,39.6,1,1,27.310472234203402
syn_00671,Dumb Charging,2020-03-19T21:46:49.603517+00:00,2020-03-20T03:34:37.997067+00:00,9.39,5.8,2.847751,2.16,10.8,1,1,0.0
syn_00671,Smart Price,2020-03-19T21:46:49.603517+00:00,2020-03-20T03:34:37.997067+00:00,9.39,5.8,2.225057,1.08,10.8,1,1,0.0
syn_00671,Proposed Method,2020-03-19T21:46:49.603517+00:00,2020-03-20T03:34:37.997067+00:00,9.39,5.8,1.402251,1.08,10.8,1,1,5.6314373059236065
syn_00672,Dumb Charging,2020-08-25T18:38:20.022523+00:00,2020-08-26T00:53:28.082782+00:00,31.48,6.25,11.082464,10.008,32.4,1,1,0.0
syn_00672,Smart Price,2020-08-25T18:38:20.022523+00:00,2020-08-26T00:53:28.082782+00:00,31.48,6.25,9.440481,6.48,32.4,2,2,0.0
syn_00672,Proposed Method,2020-08-25T18:38:20.022523+00:00,2020-08-26T00:53:28.082782+00:00,31.48,6.25,9.712518,6.48,32.4,1,1,26.65245390964985
syn_00673,Dumb Charging,2020-03-07T20:55:56.117794+00:00,2020-03-08T00:20:24.402204+00:00,12.69,3.41,4.133124,3.456,14.4,1,1,0.0
syn_00673,Smart Price,2020-03-07T20:55:56.117794+00:00,2020-03-08T00:20:24.402204+00:00,12.69,3.41,3.833913,2.304,14.4,2,2,0.0
syn_00673,Proposed Method,2020-03-07T20:55:56.117794+00:00,2020-03-08T00:20:24.402204+00:00,12.69,3.41,3.635357,2.304,14.4,1,1,11.166597363491546
syn_00674,Dumb Charging,2020-08-28T19:07:14.355874+00:00,2020-08-29T01:34:31.117270+00:00,23.19,6.45,8.613737,7.452,23.4,1,1,0.0
syn_00674,Smart Price,2020-08-28T19:07:14.355874+00:00,2020-08-29T01:34:31.117270+00:00,23.19,6.45,6.479243,3.204,23.4,2,2,0.0
syn_00674,Proposed Method,2020-08-28T19:07:14.355874+00:00,2020-08-29T01:34:31.117270+00:00,23.19,6.45,6.061169,3.204,23.4,1,1,16.964601157770545
syn_00675,Dumb Charging,2020-05-03T07:56:24.968128+00:00,2020-05-03T13:55:34.570267+00:00,15.98,5.99,3.436575,3.348,16.2,1,1,0.0
syn_00675,Smart Price,2020-05-03T07:56:24.968128+00:00,2020-05-03T13:55:34.570267+00:00,15.98,5.99,3.436575,3.348,16.2,1,1,0.0
syn_00675,Proposed Method,2020-05-03T07:56:24.968128+00:00,2020-05-03T13:55:34.570267+00:00,15.98,5.99,1.875845,3.564,16.2,1,1,7.917533349079451
syn_00676,Dumb Charging,2020-07-15T07:06:25.614751+00:00,2020-07-15T19:38:34.769327+00:00,18.67,12.54,4.206228,3.492,19.8,1,1,0.0
syn_00676,Smart Price,2020-07-15T07:06:25.614751+00:00,2020-07-15T19:38:34.769327+00:00,18.67,12.54,4.206228,3.492,19.8,1,1,0.0
syn_00676,Proposed Method,2020-07-15T07:06:25.614751+00:00,2020-07-15T19:38:34.769327+00:00,18.67,12.54,2.361081,4.356,19.8,1,1,11.383296324383007
syn_00677,Dumb Charging,2020-04-25T15:56:14.306399+00:00,2020-04-25T18:35:43.698805+00:00,7.13,2.66,1.432194,2.448,7.2,1,1,0.0
syn_00677,Smart Price,2020-04-25T15:56:14.306399+00:00,2020-04-25T18:35:43.698805+00:00,7.13,2.66,1.432194,2.448,7.2,1,1,0.0
syn_00677,Proposed Method,2020-04-25T15:56:14.306399+00:00,2020-04-25T18:35:43.698805+00:00,7.13,2.66,1.432194,2.448,7.2,1,1,6.381449611194371
syn_00678,Dumb Charging,2020-02-17T06:42:48.283945+00:00,2020-02-17T13:29:56.259553+00:00,15.0,6.79,2.750127,2.268,16.2,1,1,0.0
syn_00678,Smart Price,2020-02-17T06:42:48.283945+00:00,2020-02-17T13:29:56.259553+00:00,15.0,6.79,2.750127,2.268,16.2,1,1,0.0
syn_00678,Proposed Method,2020-02-17T06:42:48.283945+00:00,2020-02-17T13:29:56.259553+00:00,15.0,6.79,1.984933,3.564,16.2,1,1,8.158031658285383
syn_00679,Dumb Charging,2020-06-18T14:17:00.503557+00:00,2020-06-18T19:08:10.051998+00:00,17.53,4.85,2.901196,4.824,18.0,1,1,0.0
syn_00679,Smart Price,2020-06-18T14:17:00.503557+00:00,2020-06-18T19:08:10.051998+00:00,17.53,4.85,2.901196,4.824,18.0,1,1,0.0
syn_00679,Proposed Method,2020-06-18T14:17:00.503557+00:00,2020-06-18T19:08:10.051998+00:00,17.53,4.85,2.901196,4.824,18.0,1,1,10.80804705485381
syn_00680,Dumb Charging,2020-04-16T14:32:27.546739+00:00,2020-04-16T23:22:28.560978+00:00,28.64,8.83,5.556962,9.216,28.8,1,1,0.0
syn_00680,Smart Price,2020-04-16T14:32:27.546739+00:00,2020-04-16T23:22:28.560978+00:00,28.64,8.83,6.192781,6.408,28.8,2,2,0.0
syn_00680,Proposed Method,2020-04-16T14:32:27.546739+00:00,2020-04-16T23:22:28.560978+00:00,28.64,8.83,5.556962,9.216,28.8,1,1,18.85901422162266
syn_00681,Dumb Charging,2020-08-21T17:16:41.604526+00:00,2020-08-22T00:19:17.012616+00:00,9.02,7.04,3.084669,4.104,10.8,1,1,0.0
syn_00681,Smart Price,2020-08-21T17:16:41.604526+00:00,2020-08-22T00:19:17.012616+00:00,9.02,7.04,3.080426,1.296,10.8,2,2,0.0
syn_00681,Proposed Method,2020-08-21T17:16:41.604526+00:00,2020-08-22T00:19:17.012616+00:00,9.02,7.04,2.92537,1.296,10.8,1,1,9.097341813142615
syn_00682,Dumb Charging,2020-08-05T08:38:34.492129+00:00,2020-08-05T13:22:42.474331+00:00,11.07,4.74,3.002226,2.772,12.6,1,1,0.0
syn_00682,Smart Price,2020-08-05T08:38:34.492129+00:00,2020-08-05T13:22:42.474331+00:00,11.07,4.74,3.002226,2.772,12.6,1,1,0.0
syn_00682,Proposed Method,2020-08-05T08:38:34.492129+00:00,2020-08-05T13:22:42.474331+00:00,11.07,4.74,1.940798,2.772,12.6,1,1,7.664730389372318
syn_00683,Dumb Charging,2020-08-27T07:52:46.048830+00:00,2020-08-27T17:17:51.828344+00:00,20.36,9.42,4.678734,4.536,21.6,1,1,0.0
syn_00683,Smart Price,2020-08-27T07:52:46.048830+00:00,2020-08-27T17:17:51.828344+00:00,20.36,9.42,4.678734,4.536,21.6,1,1,0.0
syn_00683,Proposed Method,2020-08-27T07:52:46.048830+00:00,2020-08-27T17:17:51.828344+00:00,20.36,9.42,2.834639,4.752,21.6,1,1,12.625314383001545
syn_00684,Dumb Charging,2020-10-19T11:59:15.274223+00:00,2020-10-19T16:37:08.668858+00:00,8.65,4.63,1.341137,1.98,9.0,1,1,0.0
syn_00684,Smart Price,2020-10-19T11:59:15.274223+00:00,2020-10-19T16:37:08.668858+00:00,8.65,4.63,1.341137,1.98,9.0,1,1,0.0
syn_00684,Proposed Method,2020-10-19T11:59:15.274223+00:00,2020-10-19T16:37:08.668858+00:00,8.65,4.63,1.341137,1.98,9.0,1,1,5.946704405873364
syn_00685,Dumb Charging,2020-04-30T07:38:47.306142+00:00,2020-04-30T11:49:43.214288+00:00,11.42,4.18,2.319647,2.34,12.6,1,1,0.0
syn_00685,Smart Price,2020-04-30T07:38:47.306142+00:00,2020-04-30T11:49:43.214288+00:00,11.42,4.18,2.319647,2.34,12.6,1,1,0.0
syn_00685,Proposed Method,2020-04-30T07:38:47.306142+00:00,2020-04-30T11:49:43.214288+00:00,11.42,4.18,1.381923,2.772,12.6,1,1,6.432620818082569
syn_00686,Dumb Charging,2020-03-26T08:03:09.473550+00:00,2020-03-26T21:22:19.496053+00:00,16.77,13.32,3.238838,3.96,18.0,1,1,0.0
syn_00686,Smart Price,2020-03-26T08:03:09.473550+00:00,2020-03-26T21:22:19.496053+00:00,16.77,13.32,3.238838,3.96,18.0,1,1,0.0
syn_00686,Proposed Method,2020-03-26T08:03:09.473550+00:00,2020-03-26T21:22:19.496053+00:00,16.77,13.32,1.819271,3.96,18.0,1,1,9.990808526961624
syn_00687,Dumb Charging,2020-11-24T17:20:27.658939+00:00,2020-11-24T23:43:57.015921+00:00,14.92,6.39,5.586462,6.156,16.2,1,1,0.0
syn_00687,Smart Price,2020-11-24T17:20:27.658939+00:00,2020-11-24T23:43:57.015921+00:00,14.92,6.39,5.767122,3.132,16.2,2,2,0.0
syn_00687,Proposed Method,2020-11-24T17:20:27.658939+00:00,2020-11-24T23:43:57.015921+00:00,14.92,6.39,5.681499,3.132,16.2,1,1,16.091570394672072
syn_00688,Dumb Charging,2020-01-06T15:13:48.482319+00:00,2020-01-06T20:04:19.889908+00:00,24.91,4.84,6.095251,8.424,25.2,1,1,0.0
syn_00688,Smart Price,2020-01-06T15:13:48.482319+00:00,2020-01-06T20:04:19.889908+00:00,24.91,4.84,6.095251,8.424,25.2,1,1,0.0
syn_00688,Proposed Method,2020-01-06T15:13:48.482319+00:00,2020-01-06T20:04:19.889908+00:00,24.91,4.84,6.095251,8.424,25.2,1,1,19.649739786278396
syn_00689,Dumb Charging,2020-04-20T13:51:28.096253+00:00,2020-04-21T00:43:14.382846+00:00,31.84,10.86,5.521891,9.72,32.4,1,1,0.0
syn_00689,Smart Price,2020-04-20T13:51:28.096253+00:00,2020-04-21T00:43:14.382846+00:00,31.84,10.86,5.745911,5.832,32.4,3,3,0.0
syn_00689,Proposed Method,2020-04-20T13:51:28.096253+00:00,2020-04-21T00:43:14.382846+00:00,31.84,10.86,5.325129,6.408,32.4,2,2,18.943908341141753
syn_00690,Dumb Charging,2020-04-18T03:49:26.173970+00:00,2020-04-18T07:45:41.893596+00:00,13.5,3.94,1.975166,1.44,14.4,1,1,0.0
syn_00690,Smart Price,2020-04-18T03:49:26.173970+00:00,2020-04-18T07:45:41.893596+00:00,13.5,3.94,1.975166,1.44,14.4,1,1,0.0
syn_00690,Proposed Method,2020-04-18T03:49:26.173970+00:00,2020-04-18T07:45:41.893596+00:00,13.5,3.94,1.96558,1.44,14.4,1,1,7.053364849913992
syn_00691,Dumb Charging,2020-03-08T05:40:24.927871+00:00,2020-03-08T13:57:39.385676+00:00,10.88,8.29,1.813789,1.26,12.6,1,1,0.0
syn_00691,Smart Price,2020-03-08T05:40:24.927871+00:00,2020-03-08T13:57:39.385676+00:00,10.88,8.29,1.813789,1.26,12.6,1,1,0.0
syn_00691,Proposed Method,2020-03-08T05:40:24.927871+00:00,2020-03-08T13:57:39.385676+00:00,10.88,8.29,1.457672,2.772,12.6,1,1,6.599618481751195
syn_00692,Dumb Charging,2020-10-12T05:30:53.279724+00:00,2020-10-12T10:12:49.132885+00:00,16.32,4.7,3.254302,1.8,18.0,1,1,0.0
syn_00692,Smart Price,2020-10-12T05:30:53.279724+00:00,2020-10-12T10:12:49.132885+00:00,16.32,4.7,3.254302,1.8,18.0,1,1,0.0
syn_00692,Proposed Method,2020-10-12T05:30:53.279724+00:00,2020-10-12T10:12:49.132885+00:00,16.32,4.7,3.254302,1.8,18.0,1,1,10.074514341703017
syn_00693,Dumb Charging,2020-11-30T19:28:34.754171+00:00,2020-12-01T00:46:30.219761+00:00,26.11,5.3,10.027993,7.956,27.0,1,1,0.0
syn_00693,Smart Price,2020-11-30T19:28:34.754171+00:00,2020-12-01T00:46:30.219761+00:00,26.11,5.3,8.713716,4.932,27.0,2,2,0.0
syn_00693,Proposed Method,2020-11-30T19:28:34.754171+00:00,2020-12-01T00:46:30.219761+00:00,26.11,5.3,8.73221,4.932,27.0,1,1,23.717242704116174
syn_00694,Dumb Charging,2020-01-25T05:35:55.272925+00:00,2020-01-25T19:57:20.564783+00:00,10.04,14.36,1.591774,1.08,10.8,1,1,0.0
syn_00694,Smart Price,2020-01-25T05:35:55.272925+00:00,2020-01-25T19:57:20.564783+00:00,10.04,14.36,1.591774,1.08,10.8,1,1,0.0
syn_00694,Proposed Method,2020-01-25T05:35:55.272925+00:00,2020-01-25T19:57:20.564783+00:00,10.04,14.36,1.591774,1.08,10.8,1,1,6.049263506887552
syn_00695,Dumb Charging,2020-03-09T18:10:57.509248+00:00,2020-03-09T22:37:42.899892+00:00,10.88,4.45,3.345419,4.788,12.6,1,1,0.0
syn_00695,Smart Price,2020-03-09T18:10:57.509248+00:00,2020-03-09T22:37:42.899892+00:00,10.88,4.45,3.484044,3.348,12.6,2,2,0.0
syn_00695,Proposed Method,2020-03-09T18:10:57.509248+00:00,2020-03-09T22:37:42.899892+00:00,10.88,4.45,3.345419,4.788,12.6,1,1,11.769393023946115
syn_00696,Dumb Charging,2020-02-16T08:47:16.271609+00:00,2020-02-16T16:20:37.523182+00:00,23.45,7.56,3.95081,5.544,25.2,1,1,0.0
syn_00696,Smart Price,2020-02-16T08:47:16.271609+00:00,2020-02-16T16:20:37.523182+00:00,23.45,7.56,3.95081,5.544,25.2,1,1,0.0
syn_00696,Proposed Method,2020-02-16T08:47:16.271609+00:00,2020-02-16T16:20:37.523182+00:00,23.45,7.56,3.482354,5.832,25.2,1,1,12.593282545254516
syn_00697,Dumb Charging,2020-11-12T05:07:10.147519+00:00,2020-11-12T10:02:25.769235+00:00,17.13,4.92,3.250411,1.8,18.0,1,1,0.0
syn_00697,Smart Price,2020-11-12T05:07:10.147519+00:00,2020-11-12T10:02:25.769235+00:00,17.13,4.92,3.250411,1.8,18.0,1,1,0.0
syn_00697,Proposed Method,2020-11-12T05:07:10.147519+00:00,2020-11-12T10:02:25.769235+00:00,17.13,4.92,3.250411,1.8,18.0,1,1,10.065934667824127
syn_00698,Dumb Charging,2020-12-27T18:33:32.611830+00:00,2020-12-28T03:05:22.332110+00:00,23.32,8.53,8.435218,8.028,23.4,1,1,0.0
syn_00698,Smart Price,2020-12-27T18:33:32.611830+00:00,2020-12-28T03:05:22.332110+00:00,23.32,8.53,4.810515,2.34,23.4,1,1,0.0
syn_00698,Proposed Method,2020-12-27T18:33:32.611830+00:00,2020-12-28T03:05:22.332110+00:00,23.32,8.53,3.801188,2.34,23.4,1,1,11.550191303203324
syn_00699,Dumb Charging,2020-01-30T08:32:25.105629+00:00,2020-01-30T13:26:02.178561+00:00,7.03,4.89,1.781753,1.584,7.2,1,1,0.0
syn_00699,Smart Price,2020-01-30T08:32:25.105629+00:00,2020-01-30T13:26:02.178561+00:00,7.03,4.89,1.781753,1.584,7.2,1,1,0.0
syn_00699,Proposed Method,2020-01-30T08:32:25.105629+00:00,2020-01-30T13:26:02.178561+00:00,7.03,4.89,1.025474,1.584,7.2,1,1,5.052785571719905
syn_00700,Dumb Charging,2020-03-19T11:03:46.646833+00:00,2020-03-19T20:46:19.138585+00:00,17.21,9.71,2.042389,3.96,18.0,1,1,0.0
syn_00700,Smart Price,2020-03-19T11:03:46.646833+00:00,2020-03-19T20:46:19.138585+00:00,17.21,9.71,2.042389,3.96,18.0,1,1,0.0
syn_00700,Proposed Method,2020-03-19T11:03:46.646833+00:00,2020-03-19T20:46:19.138585+00:00,17.21,9.71,2.042389,3.96,18.0,1,1,8.482700898737109
syn_00701,Dumb Charging,2020-08-24T16:54:52.681707+00:00,2020-08-25T01:59:52.827718+00:00,9.62,9.08,3.209797,4.104,10.8,1,1,0.0
syn_00701,Smart Price,2020-08-24T16:54:52.681707+00:00,2020-08-25T01:59:52.827718+00:00,9.62,9.08,2.75455,1.08,10.8,1,1,0.0
syn_00701,Proposed Method,2020-08-24T16:54:52.681707+00:00,2020-08-25T01:59:52.827718+00:00,9.62,9.08,1.589675,1.08,10.8,1,1,6.044635454430632
syn_00702,Dumb Charging,2020-09-27T15:39:38.293718+00:00,2020-09-27T23:14:37.288899+00:00,10.24,7.58,2.688526,3.528,10.8,1,1,0.0
syn_00702,Smart Price,2020-09-27T15:39:38.293718+00:00,2020-09-27T23:14:37.288899+00:00,10.24,7.58,3.558018,2.376,10.8,2,2,0.0
syn_00702,Proposed Method,2020-09-27T15:39:38.293718+00:00,2020-09-27T23:14:37.288899+00:00,10.24,7.58,2.688526,3.528,10.8,1,1,9.691189618475466
syn_00703,Dumb Charging,2020-08-25T05:37:30.762965+00:00,2020-08-25T19:32:20.758992+00:00,28.2,13.91,5.67928,4.176,28.8,1,1,0.0
syn_00703,Smart Price,2020-08-25T05:37:30.762965+00:00,2020-08-25T19:32:20.758992+00:00,28.2,13.91,5.67928,4.176,28.8,1,1,0.0
syn_00703,Proposed Method,2020-08-25T05:37:30.762965+00:00,2020-08-25T19:32:20.758992+00:00,28.2,13.91,3.88416,6.336,28.8,1,1,15.73111345224315
syn_00704,Dumb Charging,2020-12-20T08:25:56.146477+00:00,2020-12-21T04:25:56.146477+00:00,12.98,20.0,3.509492,3.168,14.4,1,1,0.0
syn_00704,Smart Price,2020-12-20T08:25:56.146477+00:00,2020-12-21T04:25:56.146477+00:00,12.98,20.0,3.253716,1.44,14.4,1,1,0.0
syn_00704,Proposed Method,2020-12-20T08:25:56.146477+00:00,2020-12-21T04:25:56.146477+00:00,12.98,20.0,2.463645,1.44,14.4,1,1,8.151411445333164
syn_00705,Dumb Charging,2020-10-15T07:48:23.998529+00:00,2020-10-15T16:42:27.571294+00:00,24.57,8.9,5.367627,5.328,25.2,1,1,0.0
syn_00705,Smart Price,2020-10-15T07:48:23.998529+00:00,2020-10-15T16:42:27.571294+00:00,24.57,8.9,5.367627,5.328,25.2,1,1,0.0
syn_00705,Proposed Method,2020-10-15T07:48:23.998529+00:00,2020-10-15T16:42:27.571294+00:00,24.57,8.9,3.413188,5.544,25.2,1,1,14.296797863620432
syn_00706,Dumb Charging,2020-01-13T17:28:41.874849+00:00,2020-01-14T01:56:14.632050+00:00,8.62,8.46,2.57419,3.42,9.0,1,1,0.0
syn_00706,Smart Price,2020-01-13T17:28:41.874849+00:00,2020-01-14T01:56:14.632050+00:00,8.62,8.46,2.437831,0.9,9.0,1,1,0.0
syn_00706,Proposed Method,2020-01-13T17:28:41.874849+00:00,2020-01-14T01:56:14.632050+00:00,8.62,8.46,1.205813,0.9,9.0,1,1,5.108363878466058
syn_00707,Dumb Charging,2020-10-04T08:35:52.506015+00:00,2020-10-04T14:02:57.696715+00:00,9.34,5.45,3.022804,2.376,10.8,1,1,0.0
syn_00707,Smart Price,2020-10-04T08:35:52.506015+00:00,2020-10-04T14:02:57.696715+00:00,9.34,5.45,3.022804,2.376,10.8,1,1,0.0
syn_00707,Proposed Method,2020-10-04T08:35:52.506015+00:00,2020-10-04T14:02:57.696715+00:00,9.34,5.45,1.62804,2.376,10.8,1,1,6.77721673474183
syn_00708,Dumb Charging,2020-03-27T04:37:44.557456+00:00,2020-03-27T09:50:26.361730+00:00,14.43,5.21,2.23858,1.62,16.2,1,1,0.0
syn_00708,Smart Price,2020-03-27T04:37:44.557456+00:00,2020-03-27T09:50:26.361730+00:00,14.43,5.21,2.23858,1.62,16.2,1,1,0.0
syn_00708,Proposed Method,2020-03-27T04:37:44.557456+00:00,2020-03-27T09:50:26.361730+00:00,14.43,5.21,2.23858,1.62,16.2,1,1,7.745229055672405
syn_00709,Dumb Charging,2020-02-10T18:06:34.534956+00:00,2020-02-11T04:28:23.778844+00:00,10.11,10.36,3.165776,4.104,10.8,1,1,0.0
syn_00709,Smart Price,2020-02-10T18:06:34.534956+00:00,2020-02-11T04:28:23.778844+00:00,10.11,10.36,2.397618,1.08,10.8,1,1,0.0
syn_00709,Proposed Method,2020-02-10T18:06:34.534956+00:00,2020-02-11T04:28:23.778844+00:00,10.11,10.36,1.531769,1.08,10.8,1,1,5.9169746933755745
syn_00710,Dumb Charging,2020-08-28T07:08:27.855783+00:00,2020-08-28T11:48:39.627832+00:00,7.29,4.67,2.120518,1.116,9.0,1,1,0.0
syn_00710,Smart Price,2020-08-28T07:08:27.855783+00:00,2020-08-28T11:48:39.627832+00:00,7.29,4.67,2.120518,1.116,9.0,1,1,0.0
syn_00710,Proposed Method,2020-08-28T07:08:27.855783+00:00,2020-08-28T11:48:39.627832+00:00,7.29,4.67,1.163125,1.98,9.0,1,1,5.554253921017208
syn_00711,Dumb Charging,2020-11-23T11:03:57.006371+00:00,2020-11-23T23:06:25.264916+00:00,15.23,12.04,2.364246,3.564,16.2,1,1,0.0
syn_00711,Smart Price,2020-11-23T11:03:57.006371+00:00,2020-11-23T23:06:25.264916+00:00,15.23,12.04,2.364246,3.564,16.2,1,1,0.0
syn_00711,Proposed Method,2020-11-23T11:03:57.006371+00:00,2020-11-23T23:06:25.264916+00:00,15.23,12.04,2.364246,3.564,16.2,1,1,8.994273509769732
syn_00712,Dumb Charging,2020-04-20T18:43:34.230130+00:00,2020-04-21T02:47:58.040213+00:00,21.68,8.07,7.127568,8.028,23.4,1,1,0.0
syn_00712,Smart Price,2020-04-20T18:43:34.230130+00:00,2020-04-21T02:47:58.040213+00:00,21.68,8.07,3.706012,2.34,23.4,1,1,0.0
syn_00712,Proposed Method,2020-04-20T18:43:34.230130+00:00,2020-04-21T02:47:58.040213+00:00,21.68,8.07,3.505584,2.34,23.4,1,1,10.898497035999513
syn_00713,Dumb Charging,2020-06-21T06:02:19.804331+00:00,2020-06-21T09:31:57.360356+00:00,9.71,3.49,1.546727,1.08,10.8,1,1,0.0
syn_00713,Smart Price,2020-06-21T06:02:19.804331+00:00,2020-06-21T09:31:57.360356+00:00,9.71,3.49,1.546727,1.08,10.8,1,1,0.0
syn_00713,Proposed Method,2020-06-21T06:02:19.804331+00:00,2020-06-21T09:31:57.360356+00:00,9.71,3.49,1.546727,1.08,10.8,1,1,5.949952340833452
syn_00714,Dumb Charging,2020-04-09T04:53:46.223404+00:00,2020-04-09T09:25:13.498952+00:00,9.64,4.52,1.421093,1.08,10.8,1,1,0.0
syn_00714,Smart Price,2020-04-09T04:53:46.223404+00:00,2020-04-09T09:25:13.498952+00:00,9.64,4.52,1.421093,1.08,10.8,1,1,0.0
syn_00714,Proposed Method,2020-04-09T04:53:46.223404+00:00,2020-04-09T09:25:13.498952+00:00,9.64,4.52,1.421093,1.08,10.8,1,1,5.6729770463553795
syn_00715,Dumb Charging,2020-07-25T04:54:49.851027+00:00,2020-07-25T08:32:34.472976+00:00,9.09,3.63,1.678018,1.08,10.8,1,1,0.0
syn_00715,Smart Price,2020-07-25T04:54:49.851027+00:00,2020-07-25T08:32:34.472976+00:00,9.09,3.63,1.678018,1.08,10.8,1,1,0.0
syn_00715,Proposed Method,2020-07-25T04:54:49.851027+00:00,2020-07-25T08:32:34.472976+00:00,9.09,3.63,1.678018,1.08,10.8,1,1,6.239398632484038
syn_00716,Dumb Charging,2020-12-23T16:46:06.214728+00:00,2020-12-24T05:18:46.147632+00:00,6.81,12.54,2.005425,2.736,7.2,1,1,0.0
syn_00716,Smart Price,2020-12-23T16:46:06.214728+00:00,2020-12-24T05:18:46.147632+00:00,6.81,12.54,2.302773,0.72,7.2,1,1,0.0
syn_00716,Proposed Method,2020-12-23T16:46:06.214728+00:00,2020-12-24T05:18:46.147632+00:00,6.81,12.54,1.318915,0.72,7.2,1,1,5.267712627065001
syn_00717,Dumb Charging,2020-10-05T19:02:58.248483+00:00,2020-10-06T01:02:38.953954+00:00,10.55,5.99,4.307858,4.104,10.8,1,1,0.0
syn_00717,Smart Price,2020-10-05T19:02:58.248483+00:00,2020-10-06T01:02:38.953954+00:00,10.55,5.99,3.090912,1.08,10.8,1,1,0.0
syn_00717,Proposed Method,2020-10-05T19:02:58.248483+00:00,2020-10-06T01:02:38.953954+00:00,10.55,5.99,2.80739,1.08,10.8,1,1,8.729240249048026
syn_00718,Dumb Charging,2020-03-06T12:18:48.546272+00:00,2020-03-06T21:28:12.562231+00:00,12.11,9.16,1.43512,2.772,12.6,1,1,0.0
syn_00718,Smart Price,2020-03-06T12:18:48.546272+00:00,2020-03-06T21:28:12.562231+00:00,12.11,9.16,1.43512,2.772,12.6,1,1,0.0
syn_00718,Proposed Method,2020-03-06T12:18:48.546272+00:00,2020-03-06T21:28:12.562231+00:00,12.11,9.16,1.43512,2.772,12.6,1,1,6.549901601042456
syn_00719,Dumb Charging,2020-06-25T09:57:40.854750+00:00,2020-06-25T22:16:18.160775+00:00,10.71,12.31,1.401244,2.376,10.8,1,1,0.0
syn_00719,Smart Price,2020-06-25T09:57:40.854750+00:00,2020-06-25T22:16:18.160775+00:00,10.71,12.31,1.401244,2.376,10.8,1,1,0.0
syn_00719,Proposed Method,2020-06-25T09:57:40.854750+00:00,2020-06-25T22:16:18.160775+00:00,10.71,12.31,1.401244,2.376,10.8,1,1,6.277217705069536
syn_00720,Dumb Charging,2020-11-02T18:24:29.866620+00:00,2020-11-02T22:50:02.098957+00:00,27.39,4.43,11.140543,9.504,28.8,1,1,0.0
syn_00720,Smart Price,2020-11-02T18:24:29.866620+00:00,2020-11-02T22:50:02.098957+00:00,27.39,4.43,11.0915,9.216,28.8,2,2,0.0
syn_00720,Proposed Method,2020-11-02T18:24:29.866620+00:00,2020-11-02T22:50:02.098957+00:00,27.39,4.43,11.140543,9.504,28.8,1,1,31.31271225230976
syn_00721,Dumb Charging,2020-08-21T05:02:57.209205+00:00,2020-08-21T18:34:07.327685+00:00,56.85,13.52,10.272852,10.08,57.6,1,1,0.0
syn_00721,Smart Price,2020-08-21T05:02:57.209205+00:00,2020-08-21T18:34:07.327685+00:00,56.85,13.52,10.272852,10.08,57.6,1,1,0.0
syn_00721,Proposed Method,2020-08-21T05:02:57.209205+00:00,2020-08-21T18:34:07.327685+00:00,56.85,13.52,8.366187,10.08,57.6,2,2,29.484300356463326
syn_00722,Dumb Charging,2020-03-27T17:10:14.673948+00:00,2020-03-27T20:23:25.122817+00:00,4.92,3.22,1.379977,2.052,5.4,1,1,0.0
syn_00722,Smart Price,2020-03-27T17:10:14.673948+00:00,2020-03-27T20:23:25.122817+00:00,4.92,3.22,1.379977,2.052,5.4,1,1,0.0
syn_00722,Proposed Method,2020-03-27T17:10:14.673948+00:00,2020-03-27T20:23:25.122817+00:00,4.92,3.22,1.379977,2.052,5.4,1,1,6.068330147129194
syn_00723,Dumb Charging,2020-06-26T07:13:26.628877+00:00,2020-06-26T11:54:04.754647+00:00,14.33,4.68,2.737417,2.304,14.4,1,1,0.0
syn_00723,Smart Price,2020-06-26T07:13:26.628877+00:00,2020-06-26T11:54:04.754647+00:00,14.33,4.68,2.737417,2.304,14.4,1,1,0.0
syn_00723,Proposed Method,2020-06-26T07:13:26.628877+00:00,2020-06-26T11:54:04.754647+00:00,14.33,4.68,2.042775,3.168,14.4,1,1,8.087551942948007
syn_00724,Dumb Charging,2020-11-13T18:13:52.214073+00:00,2020-11-13T21:48:17.788204+00:00,11.37,3.57,4.623412,4.788,12.6,1,1,0.0
syn_00724,Smart Price,2020-11-13T18:13:52.214073+00:00,2020-11-13T21:48:17.788204+00:00,11.37,3.57,4.748866,4.212,12.6,2,2,0.0
syn_00724,Proposed Method,2020-11-13T18:13:52.214073+00:00,2020-11-13T21:48:17.788204+00:00,11.37,3.57,4.623412,4.788,12.6,1,1,14.586886462494133
syn_00725,Dumb Charging,2020-12-30T05:46:26.885494+00:00,2020-12-30T17:11:18.925916+00:00,11.12,11.41,2.156825,1.26,12.6,1,1,0.0
syn_00725,Smart Price,2020-12-30T05:46:26.885494+00:00,2020-12-30T17:11:18.925916+00:00,11.12,11.41,2.156825,1.26,12.6,1,1,0.0
syn_00725,Proposed Method,2020-12-30T05:46:26.885494+00:00,2020-12-30T17:11:18.925916+00:00,11.12,11.41,2.156825,1.26,12.6,1,1,7.384989469926513
syn_00726,Dumb Charging,2020-07-12T18:28:57.228722+00:00,2020-07-13T06:07:26.775452+00:00,7.46,11.64,3.22572,3.42,9.0,1,1,0.0
syn_00726,Smart Price,2020-07-12T18:28:57.228722+00:00,2020-07-13T06:07:26.775452+00:00,7.46,11.64,2.419868,0.9,9.0,1,1,0.0
syn_00726,Proposed Method,2020-07-12T18:28:57.228722+00:00,2020-07-13T06:07:26.775452+00:00,7.46,11.64,1.3095,0.9,9.0,1,1,5.336956021825923
syn_00727,Dumb Charging,2020-07-18T06:26:30.914362+00:00,2020-07-18T14:51:17.494911+00:00,17.37,8.41,3.344362,2.448,18.0,1,1,0.0
syn_00727,Smart Price,2020-07-18T06:26:30.914362+00:00,2020-07-18T14:51:17.494911+00:00,17.37,8.41,3.344362,2.448,18.0,1,1,0.0
syn_00727,Proposed Method,2020-07-18T06:26:30.914362+00:00,2020-07-18T14:51:17.494911+00:00,17.37,8.41,2.424727,3.96,18.0,1,1,9.325612706887402
syn_00728,Dumb Charging,2020-12-20T15:18:44.568155+00:00,2020-12-20T19:04:29.333338+00:00,25.11,3.76,7.211515,8.712,25.2,1,1,0.0
syn_00728,Smart Price,2020-12-20T15:18:44.568155+00:00,2020-12-20T19:04:29.333338+00:00,25.11,3.76,7.211515,8.712,25.2,1,1,0.0
syn_00728,Proposed Method,2020-12-20T15:18:44.568155+00:00,2020-12-20T19:04:29.333338+00:00,25.11,3.76,7.211515,8.712,25.2,1,1,22.254681396438855
syn_00729,Dumb Charging,2020-06-07T12:26:53.269882+00:00,2020-06-07T19:40:25.514613+00:00,6.4,7.23,0.845414,1.584,7.2,1,1,0.0
syn_00729,Smart Price,2020-06-07T12:26:53.269882+00:00,2020-06-07T19:40:25.514613+00:00,6.4,7.23,0.845414,1.584,7.2,1,1,0.0
syn_00729,Proposed Method,2020-06-07T12:26:53.269882+00:00,2020-06-07T19:40:25.514613+00:00,6.4,7.23,0.845414,1.584,7.2,1,1,4.655820103118003
syn_00730,Dumb Charging,2020-01-25T10:01:33.637340+00:00,2020-01-25T15:22:17.729854+00:00,18.9,5.35,2.44552,4.356,19.8,1,1,0.0
syn_00730,Smart Price,2020-01-25T10:01:33.637340+00:00,2020-01-25T15:22:17.729854+00:00,18.9,5.35,2.44552,4.356,19.8,1,1,0.0
syn_00730,Proposed Method,2020-01-25T10:01:33.637340+00:00,2020-01-25T15:22:17.729854+00:00,18.9,5.35,2.44552,4.356,19.8,1,1,9.569452454999091
syn_00731,Dumb Charging,2020-12-10T07:59:15.758656+00:00,2020-12-10T15:47:04.546239+00:00,7.73,7.8,2.263708,1.764,9.0,1,1,0.0
syn_00731,Smart Price,2020-12-10T07:59:15.758656+00:00,2020-12-10T15:47:04.546239+00:00,7.73,7.8,2.263708,1.764,9.0,1,1,0.0
syn_00731,Proposed Method,2020-12-10T07:59:15.758656+00:00,2020-12-10T15:47:04.546239+00:00,7.73,7.8,1.313996,1.98,9.0,1,1,5.886866670952477
syn_00732,Dumb Charging,2020-11-25T07:31:43.008665+00:00,2020-11-25T16:31:54.247977+00:00,2.86,9.0,0.668055,0.36,3.6,1,1,0.0
syn_00732,Smart Price,2020-11-25T07:31:43.008665+00:00,2020-11-25T16:31:54.247977+00:00,2.86,9.0,0.668055,0.36,3.6,1,1,0.0
syn_00732,Proposed Method,2020-11-25T07:31:43.008665+00:00,2020-11-25T16:31:54.247977+00:00,2.86,9.0,0.668055,0.36,3.6,1,1,3.6528111878648084
syn_00733,Dumb Charging,2020-07-09T08:03:39.143312+00:00,2020-07-09T12:58:05.905721+00:00,28.47,4.91,5.098193,6.336,28.8,1,1,0.0
syn_00733,Smart Price,2020-07-09T08:03:39.143312+00:00,2020-07-09T12:58:05.905721+00:00,28.47,4.91,5.098193,6.336,28.8,1,1,0.0
syn_00733,Proposed Method,2020-07-09T08:03:39.143312+00:00,2020-07-09T12:58:05.905721+00:00,28.47,4.91,4.758478,6.336,28.8,1,1,15.658655992647216
syn_00734,Dumb Charging,2020-11-18T07:52:06.316952+00:00,2020-11-18T10:42:07.726580+00:00,7.54,2.83,2.202951,1.764,9.0,1,1,0.0
syn_00734,Smart Price,2020-11-18T07:52:06.316952+00:00,2020-11-18T10:42:07.726580+00:00,7.54,2.83,2.202951,1.764,9.0,1,1,0.0
syn_00734,Proposed Method,2020-11-18T07:52:06.316952+00:00,2020-11-18T10:42:07.726580+00:00,7.54,2.83,2.088913,1.98,9.0,1,1,7.595267706972079
syn_00735,Dumb Charging,2020-10-09T02:40:12.533014+00:00,2020-10-09T07:42:26.307092+00:00,11.71,5.04,2.310225,1.26,12.6,1,1,0.0
syn_00735,Smart Price,2020-10-09T02:40:12.533014+00:00,2020-10-09T07:42:26.307092+00:00,11.71,5.04,2.310225,1.26,12.6,1,1,0.0
syn_00735,Proposed Method,2020-10-09T02:40:12.533014+00:00,2020-10-09T07:42:26.307092+00:00,11.71,5.04,2.310225,1.26,12.6,1,1,7.723178987110075
syn_00736,Dumb Charging,2020-12-07T15:53:08.372205+00:00,2020-12-08T06:04:18.037869+00:00,9.54,14.19,2.822363,3.816,10.8,1,1,0.0
syn_00736,Smart Price,2020-12-07T15:53:08.372205+00:00,2020-12-08T06:04:18.037869+00:00,9.54,14.19,2.998722,1.08,10.8,1,1,0.0
syn_00736,Proposed Method,2020-12-07T15:53:08.372205+00:00,2020-12-08T06:04:18.037869+00:00,9.54,14.19,1.972991,1.08,10.8,1,1,6.889704855985172
syn_00737,Dumb Charging,2020-06-24T04:55:24.125744+00:00,2020-06-24T17:33:37.321064+00:00,11.66,12.64,1.712861,1.26,12.6,1,1,0.0
syn_00737,Smart Price,2020-06-24T04:55:24.125744+00:00,2020-06-24T17:33:37.321064+00:00,11.66,12.64,1.712861,1.26,12.6,1,1,0.0
syn_00737,Proposed Method,2020-06-24T04:55:24.125744+00:00,2020-06-24T17:33:37.321064+00:00,11.66,12.64,1.712861,1.26,12.6,1,1,6.40621532264012
syn_00738,Dumb Charging,2020-08-02T17:33:16.878094+00:00,2020-08-02T23:19:27.916460+00:00,20.75,5.77,7.623625,8.208,21.6,1,1,0.0
syn_00738,Smart Price,2020-08-02T17:33:16.878094+00:00,2020-08-02T23:19:27.916460+00:00,20.75,5.77,7.271516,5.4,21.6,2,2,0.0
syn_00738,Proposed Method,2020-08-02T17:33:16.878094+00:00,2020-08-02T23:19:27.916460+00:00,20.75,5.77,7.821641,5.4,21.6,1,1,21.94377967065513
syn_00739,Dumb Charging,2020-09-10T10:51:40.021854+00:00,2020-09-10T20:04:43.260105+00:00,14.35,9.22,2.090625,3.168,14.4,1,1,0.0
syn_00739,Smart Price,2020-09-10T10:51:40.021854+00:00,2020-09-10T20:04:43.260105+00:00,14.35,9.22,2.090625,3.168,14.4,1,1,0.0
syn_00739,Proposed Method,2020-09-10T10:51:40.021854+00:00,2020-09-10T20:04:43.260105+00:00,14.35,9.22,2.090625,3.168,14.4,1,1,8.193042033750565
syn_00740,Dumb Charging,2020-09-21T10:39:02.740425+00:00,2020-09-22T06:39:02.740425+00:00,26.14,20.0,3.98248,5.94,27.0,1,1,0.0
syn_00740,Smart Price,2020-09-21T10:39:02.740425+00:00,2020-09-22T06:39:02.740425+00:00,26.14,20.0,5.750168,2.7,27.0,1,1,0.0
syn_00740,Proposed Method,2020-09-21T10:39:02.740425+00:00,2020-09-22T06:39:02.740425+00:00,26.14,20.0,4.604156,2.7,27.0,1,1,13.500435139917759
syn_00741,Dumb Charging,2020-06-03T18:15:55.931704+00:00,2020-06-04T03:49:45.408596+00:00,19.9,9.56,6.499317,7.92,21.6,1,1,0.0
syn_00741,Smart Price,2020-06-03T18:15:55.931704+00:00,2020-06-04T03:49:45.408596+00:00,19.9,9.56,3.86718,2.16,21.6,1,1,0.0
syn_00741,Proposed Method,2020-06-03T18:15:55.931704+00:00,2020-06-04T03:49:45.408596+00:00,19.9,9.56,2.894914,2.16,21.6,1,1,9.462197614644248
syn_00742,Dumb Charging,2020-07-07T16:06:43.908218+00:00,2020-07-07T21:50:56.673288+00:00,21.95,5.74,6.283546,8.892,23.4,1,1,0.0
syn_00742,Smart Price,2020-07-07T16:06:43.908218+00:00,2020-07-07T21:50:56.673288+00:00,21.95,5.74,6.368282,8.316,23.4,2,2,0.0
syn_00742,Proposed Method,2020-07-07T16:06:43.908218+00:00,2020-07-07T21:50:56.673288+00:00,21.95,5.74,6.283546,8.892,23.4,1,1,20.298859136220187
syn_00743,Dumb Charging,2020-03-14T09:24:52.812995+00:00,2020-03-14T22:08:30.085802+00:00,24.98,12.73,3.391089,5.544,25.2,1,1,0.0
syn_00743,Smart Price,2020-03-14T09:24:52.812995+00:00,2020-03-14T22:08:30.085802+00:00,24.98,12.73,3.391089,5.544,25.2,1,1,0.0
syn_00743,Proposed Method,2020-03-14T09:24:52.812995+00:00,2020-03-14T22:08:30.085802+00:00,24.98,12.73,3.391089,5.544,25.2,1,1,12.24807666311895
syn_00744,Dumb Charging,2020-08-25T19:16:13.978068+00:00,2020-08-26T06:09:02.735938+00:00,5.68,10.88,2.62954,2.736,7.2,1,1,0.0
syn_00744,Smart Price,2020-08-25T19:16:13.978068+00:00,2020-08-26T06:09:02.735938+00:00,5.68,10.88,2.172395,0.72,7.2,1,1,0.0
syn_00744,Proposed Method,2020-08-25T19:16:13.978068+00:00,2020-08-26T06:09:02.735938+00:00,5.68,10.88,1.331842,0.72,7.2,1,1,5.296210317083851
syn_00745,Dumb Charging,2020-01-11T17:19:51.711327+00:00,2020-01-12T04:14:17.306871+00:00,25.69,10.91,8.756533,10.26,27.0,1,1,0.0
syn_00745,Smart Price,2020-01-11T17:19:51.711327+00:00,2020-01-12T04:14:17.306871+00:00,25.69,10.91,4.920436,2.7,27.0,1,1,0.0
syn_00745,Proposed Method,2020-01-11T17:19:51.711327+00:00,2020-01-12T04:14:17.306871+00:00,25.69,10.91,3.915983,2.7,27.0,1,1,11.983271663820513
syn_00746,Dumb Charging,2020-06-09T17:07:41.784977+00:00,2020-06-09T22:24:13.598163+00:00,12.72,5.28,3.644659,5.472,14.4,1,1,0.0
syn_00746,Smart Price,2020-06-09T17:07:41.784977+00:00,2020-06-09T22:24:13.598163+00:00,12.72,5.28,4.061433,4.032,14.4,2,2,0.0
syn_00746,Proposed Method,2020-06-09T17:07:41.784977+00:00,2020-06-09T22:24:13.598163+00:00,12.72,5.28,3.644659,5.472,14.4,1,1,12.771103780081582
syn_00747,Dumb Charging,2020-07-10T08:53:45.464100+00:00,2020-07-10T11:46:27.486118+00:00,11.72,2.88,2.400344,2.772,12.6,1,1,0.0
syn_00747,Smart Price,2020-07-10T08:53:45.464100+00:00,2020-07-10T11:46:27.486118+00:00,11.72,2.88,2.400344,2.772,12.6,1,1,0.0
syn_00747,Proposed Method,2020-07-10T08:53:45.464100+00:00,2020-07-10T11:46:27.486118+00:00,11.72,2.88,1.608796,2.772,12.6,1,1,6.932790541081376
syn_00748,Dumb Charging,2020-12-30T08:15:34.303008+00:00,2020-12-30T17:41:25.684015+00:00,7.79,9.43,2.142772,1.98,9.0,1,1,0.0
syn_00748,Smart Price,2020-12-30T08:15:34.303008+00:00,2020-12-30T17:41:25.684015+00:00,7.79,9.43,2.142772,1.98,9.0,1,1,0.0
syn_00748,Proposed Method,2020-12-30T08:15:34.303008+00:00,2020-12-30T17:41:25.684015+00:00,7.79,9.43,0.983642,1.98,9.0,1,1,7.158561766137433
syn_00749,Dumb Charging,2020-02-18T16:18:13.177506+00:00,2020-02-19T03:07:50.930535+00:00,40.96,10.83,12.089811,14.58,41.4,1,1,0.0
syn_00749,Smart Price,2020-02-18T16:18:13.177506+00:00,2020-02-19T03:07:50.930535+00:00,40.96,10.83,8.686635,5.652,41.4,2,2,0.0
syn_00749,Proposed Method,2020-02-18T16:18:13.177506+00:00,2020-02-19T03:07:50.930535+00:00,40.96,10.83,8.615074,5.652,41.4,1,1,23.81900290589669
syn_00750,Dumb Charging,2020-04-13T08:18:10.433815+00:00,2020-04-13T16:42:13.018983+00:00,16.55,8.4,3.268305,3.96,18.0,1,1,0.0
syn_00750,Smart Price,2020-04-13T08:18:10.433815+00:00,2020-04-13T16:42:13.018983+00:00,16.55,8.4,3.268305,3.96,18.0,1,1,0.0
syn_00750,Proposed Method,2020-04-13T08:18:10.433815+00:00,2020-04-13T16:42:13.018983+00:00,16.55,8.4,2.567169,4.536,18.0,1,1,9.927642986473241
syn_00751,Dumb Charging,2020-11-10T06:14:55.871378+00:00,2020-11-10T13:52:54.412830+00:00,19.15,7.63,4.109877,2.628,19.8,1,1,0.0
syn_00751,Smart Price,2020-11-10T06:14:55.871378+00:00,2020-11-10T13:52:54.412830+00:00,19.15,7.63,4.109877,2.628,19.8,1,1,0.0
syn_00751,Proposed Method,2020-11-10T06:14:55.871378+00:00,2020-11-10T13:52:54.412830+00:00,19.15,7.63,2.962346,4.356,19.8,1,1,10.708859427670012
syn_00752,Dumb Charging,2020-06-05T07:57:52.305834+00:00,2020-06-05T09:52:35.102114+00:00,10.25,1.91,2.309883,2.16,10.8,1,1,0.0
syn_00752,Smart Price,2020-06-05T07:57:52.305834+00:00,2020-06-05T09:52:35.102114+00:00,10.25,1.91,2.309883,2.16,10.8,1,1,0.0
syn_00752,Proposed Method,2020-06-05T07:57:52.305834+00:00,2020-06-05T09:52:35.102114+00:00,10.25,1.91,2.309883,2.16,10.8,1,1,8.172423626869374
syn_00753,Dumb Charging,2020-10-26T05:56:28.487312+00:00,2020-10-26T13:58:05.549067+00:00,14.39,8.03,2.860336,1.44,14.4,1,1,0.0
syn_00753,Smart Price,2020-10-26T05:56:28.487312+00:00,2020-10-26T13:58:05.549067+00:00,14.39,8.03,2.860336,1.44,14.4,1,1,0.0
syn_00753,Proposed Method,2020-10-26T05:56:28.487312+00:00,2020-10-26T13:58:05.549067+00:00,14.39,8.03,2.111883,3.168,14.4,1,1,8.239908128183304
syn_00754,Dumb Charging,2020-08-05T06:12:54.099387+00:00,2020-08-05T15:38:06.417856+00:00,6.9,9.42,1.216988,0.72,7.2,1,1,0.0
syn_00754,Smart Price,2020-08-05T06:12:54.099387+00:00,2020-08-05T15:38:06.417856+00:00,6.9,9.42,1.216988,0.72,7.2,1,1,0.0
syn_00754,Proposed Method,2020-08-05T06:12:54.099387+00:00,2020-08-05T15:38:06.417856+00:00,6.9,9.42,0.928761,1.584,7.2,1,1,4.839569950888722
syn_00755,Dumb Charging,2020-08-05T16:26:01.224032+00:00,2020-08-06T01:01:54.684089+00:00,16.04,8.6,4.573488,6.156,16.2,1,1,0.0
syn_00755,Smart Price,2020-08-05T16:26:01.224032+00:00,2020-08-06T01:01:54.684089+00:00,16.04,8.6,4.498469,2.052,16.2,2,2,0.0
syn_00755,Proposed Method,2020-08-05T16:26:01.224032+00:00,2020-08-06T01:01:54.684089+00:00,16.04,8.6,4.422283,2.052,16.2,1,1,12.775472157119713
syn_00756,Dumb Charging,2020-04-06T14:02:44.102663+00:00,2020-04-06T19:33:49.718222+00:00,14.81,5.52,2.361326,3.852,16.2,1,1,0.0
syn_00756,Smart Price,2020-04-06T14:02:44.102663+00:00,2020-04-06T19:33:49.718222+00:00,14.81,5.52,2.361326,3.852,16.2,1,1,0.0
syn_00756,Proposed Method,2020-04-06T14:02:44.102663+00:00,2020-04-06T19:33:49.718222+00:00,14.81,5.52,2.361326,3.852,16.2,1,1,9.131836715011108
syn_00757,Dumb Charging,2020-04-29T10:52:32.288850+00:00,2020-04-29T17:18:06.751280+00:00,8.34,6.43,0.964307,1.98,9.0,1,1,0.0
syn_00757,Smart Price,2020-04-29T10:52:32.288850+00:00,2020-04-29T17:18:06.751280+00:00,8.34,6.43,0.964307,1.98,9.0,1,1,0.0
syn_00757,Proposed Method,2020-04-29T10:52:32.288850+00:00,2020-04-29T17:18:06.751280+00:00,8.34,6.43,0.964307,1.98,9.0,1,1,5.115934452409311
syn_00758,Dumb Charging,2020-03-13T09:58:28.754963+00:00,2020-03-14T04:52:30.635882+00:00,9.96,18.9,1.317681,2.376,10.8,1,1,0.0
syn_00758,Smart Price,2020-03-13T09:58:28.754963+00:00,2020-03-14T04:52:30.635882+00:00,9.96,18.9,2.202656,1.08,10.8,1,1,0.0
syn_00758,Proposed Method,2020-03-13T09:58:28.754963+00:00,2020-03-14T04:52:30.635882+00:00,9.96,18.9,1.390037,1.08,10.8,1,1,5.6045091076434534
syn_00759,Dumb Charging,2020-11-25T10:16:42.138626+00:00,2020-11-25T17:34:53.025327+00:00,11.02,7.3,1.618228,2.772,12.6,1,1,0.0
syn_00759,Smart Price,2020-11-25T10:16:42.138626+00:00,2020-11-25T17:34:53.025327+00:00,11.02,7.3,1.618228,2.772,12.6,1,1,0.0
syn_00759,Proposed Method,2020-11-25T10:16:42.138626+00:00,2020-11-25T17:34:53.025327+00:00,11.02,7.3,1.618228,2.772,12.6,1,1,6.953584424208394
syn_00760,Dumb Charging,2020-01-26T05:46:44.013943+00:00,2020-01-26T08:53:43.257794+00:00,9.23,3.12,1.712443,1.08,10.8,1,1,0.0
syn_00760,Smart Price,2020-01-26T05:46:44.013943+00:00,2020-01-26T08:53:43.257794+00:00,9.23,3.12,1.712443,1.08,10.8,1,1,0.0
syn_00760,Proposed Method,2020-01-26T05:46:44.013943+00:00,2020-01-26T08:53:43.257794+00:00,9.23,3.12,1.712443,1.08,10.8,1,1,6.315293033843002
syn_00761,Dumb Charging,2020-08-14T10:45:04.894689+00:00,2020-08-14T20:43:51.559212+00:00,8.65,9.98,1.163636,1.98,9.0,1,1,0.0
syn_00761,Smart Price,2020-08-14T10:45:04.894689+00:00,2020-08-14T20:43:51.559212+00:00,8.65,9.98,1.163636,1.98,9.0,1,1,0.0
syn_00761,Proposed Method,2020-08-14T10:45:04.894689+00:00,2020-08-14T20:43:51.559212+00:00,8.65,9.98,1.163636,1.98,9.0,1,1,5.555380631523921
syn_00762,Dumb Charging,2020-09-08T16:00:40.752359+00:00,2020-09-09T01:01:54.266118+00:00,24.41,9.02,7.824338,9.576,25.2,1,1,0.0
syn_00762,Smart Price,2020-09-08T16:00:40.752359+00:00,2020-09-09T01:01:54.266118+00:00,24.41,9.02,7.387185,3.816,25.2,2,2,0.0
syn_00762,Proposed Method,2020-09-08T16:00:40.752359+00:00,2020-09-09T01:01:54.266118+00:00,24.41,9.02,7.278779,3.816,25.2,1,1,19.954972893801035
syn_00763,Dumb Charging,2020-06-06T12:09:20.032494+00:00,2020-06-06T15:37:07.066546+00:00,7.04,3.46,0.918484,1.584,7.2,1,1,0.0
syn_00763,Smart Price,2020-06-06T12:09:20.032494+00:00,2020-06-06T15:37:07.066546+00:00,7.04,3.46,0.918484,1.584,7.2,1,1,0.0
syn_00763,Proposed Method,2020-06-06T12:09:20.032494+00:00,2020-06-06T15:37:07.066546+00:00,7.04,3.46,0.875981,1.584,7.2,1,1,4.723208033270957
syn_00764,Dumb Charging,2020-07-18T16:15:59.857899+00:00,2020-07-19T09:18:23.679565+00:00,20.01,17.04,6.13932,8.208,21.6,1,1,0.0
syn_00764,Smart Price,2020-07-18T16:15:59.857899+00:00,2020-07-19T09:18:23.679565+00:00,20.01,17.04,4.245087,2.16,21.6,1,1,0.0
syn_00764,Proposed Method,2020-07-18T16:15:59.857899+00:00,2020-07-19T09:18:23.679565+00:00,20.01,17.04,3.189311,2.16,21.6,1,1,12.111232396975431
syn_00765,Dumb Charging,2020-09-12T04:21:46.545078+00:00,2020-09-12T11:36:15.956535+00:00,3.99,7.24,0.932431,0.54,5.4,1,1,0.0
syn_00765,Smart Price,2020-09-12T04:21:46.545078+00:00,2020-09-12T11:36:15.956535+00:00,3.99,7.24,0.932431,0.54,5.4,1,1,0.0
syn_00765,Proposed Method,2020-09-12T04:21:46.545078+00:00,2020-09-12T11:36:15.956535+00:00,3.99,7.24,0.705847,1.188,5.4,1,1,4.150127398096563
syn_00766,Dumb Charging,2020-07-12T07:55:32.923169+00:00,2020-07-12T12:10:35.423791+00:00,15.48,4.25,3.606322,3.348,16.2,1,1,0.0
syn_00766,Smart Price,2020-07-12T07:55:32.923169+00:00,2020-07-12T12:10:35.423791+00:00,15.48,4.25,3.606322,3.348,16.2,1,1,0.0
syn_00766,Proposed Method,2020-07-12T07:55:32.923169+00:00,2020-07-12T12:10:35.423791+00:00,15.48,4.25,2.217934,3.564,16.2,1,1,8.671712124731009
syn_00767,Dumb Charging,2020-08-10T11:49:59.691380+00:00,2020-08-10T19:44:40.628400+00:00,31.09,7.91,4.934356,7.416,32.4,1,1,0.0
syn_00767,Smart Price,2020-08-10T11:49:59.691380+00:00,2020-08-10T19:44:40.628400+00:00,31.09,7.91,4.934356,7.416,32.4,1,1,0.0
syn_00767,Proposed Method,2020-08-10T11:49:59.691380+00:00,2020-08-10T19:44:40.628400+00:00,31.09,7.91,4.934356,7.416,32.4,1,1,16.586400970859692
syn_00768,Dumb Charging,2020-05-20T19:07:43.047741+00:00,2020-05-20T23:39:31.987443+00:00,16.2,4.53,5.005775,5.868,16.2,1,1,0.0
syn_00768,Smart Price,2020-05-20T19:07:43.047741+00:00,2020-05-20T23:39:31.987443+00:00,16.2,4.53,4.159491,3.132,16.2,2,2,0.0
syn_00768,Proposed Method,2020-05-20T19:07:43.047741+00:00,2020-05-20T23:39:31.987443+00:00,16.2,4.53,4.256552,3.132,16.2,1,1,12.9500992088553
syn_00769,Dumb Charging,2020-01-01T17:45:41.970620+00:00,2020-01-02T03:22:09.107015+00:00,45.89,9.61,14.701741,12.96,46.8,1,1,0.0
syn_00769,Smart Price,2020-01-01T17:45:41.970620+00:00,2020-01-02T03:22:09.107015+00:00,45.89,9.61,10.487322,6.912,46.8,2,2,0.0
syn_00769,Proposed Method,2020-01-01T17:45:41.970620+00:00,2020-01-02T03:22:09.107015+00:00,45.89,9.61,10.628819,6.912,46.8,1,1,28.888553961934065
syn_00770,Dumb Charging,2020-08-07T19:48:24.986770+00:00,2020-08-08T02:02:16.920481+00:00,15.87,6.23,6.020818,5.004,16.2,1,1,0.0
syn_00770,Smart Price,2020-08-07T19:48:24.986770+00:00,2020-08-08T02:02:16.920481+00:00,15.87,6.23,3.484641,1.62,16.2,1,1,0.0
syn_00770,Proposed Method,2020-08-07T19:48:24.986770+00:00,2020-08-08T02:02:16.920481+00:00,15.87,6.23,3.042785,1.62,16.2,1,1,9.518197263072354
syn_00771,Dumb Charging,2020-09-15T18:03:08.654530+00:00,2020-09-15T23:23:15.114907+00:00,15.8,5.34,6.315431,6.156,16.2,1,1,0.0
syn_00771,Smart Price,2020-09-15T18:03:08.654530+00:00,2020-09-15T23:23:15.114907+00:00,15.8,5.34,5.47438,3.348,16.2,1,1,0.0
syn_00771,Proposed Method,2020-09-15T18:03:08.654530+00:00,2020-09-15T23:23:15.114907+00:00,15.8,5.34,5.47438,3.348,16.2,1,1,15.742951723066174
syn_00772,Dumb Charging,2020-07-11T20:57:52.274161+00:00,2020-07-12T04:31:38.765090+00:00,15.46,7.56,5.027448,3.852,16.2,1,1,0.0
syn_00772,Smart Price,2020-07-11T20:57:52.274161+00:00,2020-07-12T04:31:38.765090+00:00,15.46,7.56,3.301639,1.62,16.2,1,1,0.0
syn_00772,Proposed Method,2020-07-11T20:57:52.274161+00:00,2020-07-12T04:31:38.765090+00:00,15.46,7.56,2.392731,1.62,16.2,1,1,8.0850736130186
syn_00773,Dumb Charging,2020-07-09T12:19:04.867948+00:00,2020-07-09T18:35:11.535044+00:00,11.56,6.27,1.632204,2.772,12.6,1,1,0.0
syn_00773,Smart Price,2020-07-09T12:19:04.867948+00:00,2020-07-09T18:35:11.535044+00:00,11.56,6.27,1.632204,2.772,12.6,1,1,0.0
syn_00773,Proposed Method,2020-07-09T12:19:04.867948+00:00,2020-07-09T18:35:11.535044+00:00,11.56,6.27,1.632204,2.772,12.6,1,1,6.984397543319359
syn_00774,Dumb Charging,2020-12-19T08:53:12.245628+00:00,2020-12-19T12:14:16.880735+00:00,22.7,3.35,4.153085,5.148,23.4,1,1,0.0
syn_00774,Smart Price,2020-12-19T08:53:12.245628+00:00,2020-12-19T12:14:16.880735+00:00,22.7,3.35,4.153085,5.148,23.4,1,1,0.0
syn_00774,Proposed Method,2020-12-19T08:53:12.245628+00:00,2020-12-19T12:14:16.880735+00:00,22.7,3.35,4.153085,5.148,23.4,1,1,11.729993561103042
syn_00775,Dumb Charging,2020-06-25T18:26:32.822684+00:00,2020-06-26T09:47:20.893876+00:00,8.96,15.35,2.611723,3.42,9.0,1,1,0.0
syn_00775,Smart Price,2020-06-25T18:26:32.822684+00:00,2020-06-26T09:47:20.893876+00:00,8.96,15.35,1.996193,0.9,9.0,1,1,0.0
syn_00775,Proposed Method,2020-06-25T18:26:32.822684+00:00,2020-06-26T09:47:20.893876+00:00,8.96,15.35,1.118916,0.9,9.0,1,1,6.916789745278001
syn_00776,Dumb Charging,2020-10-23T08:19:00.132108+00:00,2020-10-23T19:11:16.007837+00:00,15.82,10.87,3.727789,3.564,16.2,1,1,0.0
syn_00776,Smart Price,2020-10-23T08:19:00.132108+00:00,2020-10-23T19:11:16.007837+00:00,15.82,10.87,3.727789,3.564,16.2,1,1,0.0
syn_00776,Proposed Method,2020-10-23T08:19:00.132108+00:00,2020-10-23T19:11:16.007837+00:00,15.82,10.87,2.143505,3.564,16.2,1,1,10.507623136993072
syn_00777,Dumb Charging,2020-02-26T05:03:17.685660+00:00,2020-02-26T08:45:32.148565+00:00,19.98,3.7,3.177488,2.16,21.6,1,1,0.0
syn_00777,Smart Price,2020-02-26T05:03:17.685660+00:00,2020-02-26T08:45:32.148565+00:00,19.98,3.7,3.177488,2.16,21.6,1,1,0.0
syn_00777,Proposed Method,2020-02-26T05:03:17.685660+00:00,2020-02-26T08:45:32.148565+00:00,19.98,3.7,3.177488,2.16,21.6,1,1,10.085167989324763
syn_00778,Dumb Charging,2020-12-21T03:18:43.359849+00:00,2020-12-21T18:20:57.866559+00:00,26.1,15.04,4.685974,2.7,27.0,1,1,0.0
syn_00778,Smart Price,2020-12-21T03:18:43.359849+00:00,2020-12-21T18:20:57.866559+00:00,26.1,15.04,4.685974,2.7,27.0,1,1,0.0
syn_00778,Proposed Method,2020-12-21T03:18:43.359849+00:00,2020-12-21T18:20:57.866559+00:00,26.1,15.04,4.685974,2.7,27.0,1,1,13.680812238950304
syn_00779,Dumb Charging,2020-12-30T08:05:25.422540+00:00,2020-12-30T20:52:07.890723+00:00,20.7,12.78,4.473674,4.752,21.6,1,1,0.0
syn_00779,Smart Price,2020-12-30T08:05:25.422540+00:00,2020-12-30T20:52:07.890723+00:00,20.7,12.78,4.473674,4.752,21.6,1,1,0.0
syn_00779,Proposed Method,2020-12-30T08:05:25.422540+00:00,2020-12-30T20:52:07.890723+00:00,20.7,12.78,2.823315,4.752,21.6,1,1,12.60034817905304
syn_00780,Dumb Charging,2020-12-08T12:43:29.995708+00:00,2020-12-08T19:20:06.120834+00:00,29.45,6.61,5.296539,7.596,30.6,1,1,0.0
syn_00780,Smart Price,2020-12-08T12:43:29.995708+00:00,2020-12-08T19:20:06.120834+00:00,29.45,6.61,5.296539,7.596,30.6,1,1,0.0
syn_00780,Proposed Method,2020-12-08T12:43:29.995708+00:00,2020-12-08T19:20:06.120834+00:00,29.45,6.61,5.296539,7.596,30.6,1,1,17.474879535073597
syn_00781,Dumb Charging,2020-06-30T07:30:11.474460+00:00,2020-06-30T19:01:47.886737+00:00,26.71,11.53,4.574906,5.508,27.0,1,1,0.0
syn_00781,Smart Price,2020-06-30T07:30:11.474460+00:00,2020-06-30T19:01:47.886737+00:00,26.71,11.53,4.574906,5.508,27.0,1,1,0.0
syn_00781,Proposed Method,2020-06-30T07:30:11.474460+00:00,2020-06-30T19:01:47.886737+00:00,26.71,11.53,3.028244,5.94,27.0,1,1,13.64614174730621
syn_00782,Dumb Charging,2020-04-27T19:09:45.898516+00:00,2020-04-28T05:49:20.204636+00:00,17.45,10.66,5.374678,6.264,18.0,1,1,0.0
syn_00782,Smart Price,2020-04-27T19:09:45.898516+00:00,2020-04-28T05:49:20.204636+00:00,17.45,10.66,3.123861,1.8,18.0,1,1,0.0
syn_00782,Proposed Method,2020-04-27T19:09:45.898516+00:00,2020-04-28T05:49:20.204636+00:00,17.45,10.66,2.5463,1.8,18.0,1,1,8.513634500978975
syn_00783,Dumb Charging,2020-10-23T16:31:31.730022+00:00,2020-10-23T20:33:20.447859+00:00,8.39,4.03,2.781889,3.42,9.0,1,1,0.0
syn_00783,Smart Price,2020-10-23T16:31:31.730022+00:00,2020-10-23T20:33:20.447859+00:00,8.39,4.03,2.781889,3.42,9.0,1,1,0.0
syn_00783,Proposed Method,2020-10-23T16:31:31.730022+00:00,2020-10-23T20:33:20.447859+00:00,8.39,4.03,2.781889,3.42,9.0,1,1,9.843019722147769
syn_00784,Dumb Charging,2020-04-12T13:19:20.776058+00:00,2020-04-12T20:33:31.230982+00:00,27.17,7.24,4.133695,7.776,28.8,1,1,0.0
syn_00784,Smart Price,2020-04-12T13:19:20.776058+00:00,2020-04-12T20:33:31.230982+00:00,27.17,7.24,4.133695,7.776,28.8,1,1,0.0
syn_00784,Proposed Method,2020-04-12T13:19:20.776058+00:00,2020-04-12T20:33:31.230982+00:00,27.17,7.24,4.133695,7.776,28.8,1,1,15.001244115407138
syn_00785,Dumb Charging,2020-04-27T08:18:20.374585+00:00,2020-04-27T18:15:12.228414+00:00,12.86,9.95,2.545452,3.168,14.4,1,1,0.0
syn_00785,Smart Price,2020-04-27T08:18:20.374585+00:00,2020-04-27T18:15:12.228414+00:00,12.86,9.95,2.545452,3.168,14.4,1,1,0.0
syn_00785,Proposed Method,2020-04-27T08:18:20.374585+00:00,2020-04-27T18:15:12.228414+00:00,12.86,9.95,1.420608,3.168,14.4,1,1,8.715906262070131
syn_00786,Dumb Charging,2020-08-03T14:37:08.516966+00:00,2020-08-03T22:37:46.580688+00:00,40.0,8.01,11.399281,14.004,41.4,1,1,0.0
syn_00786,Smart Price,2020-08-03T14:37:08.516966+00:00,2020-08-03T22:37:46.580688+00:00,40.0,8.01,11.259973,12.276,41.4,2,2,0.0
syn_00786,Proposed Method,2020-08-03T14:37:08.516966+00:00,2020-08-03T22:37:46.580688+00:00,40.0,8.01,11.399281,14.004,41.4,1,1,34.13313286754592
syn_00787,Dumb Charging,2020-09-20T17:53:43.548217+00:00,2020-09-21T03:36:11.968361+00:00,7.99,9.71,3.479888,3.42,9.0,1,1,0.0
syn_00787,Smart Price,2020-09-20T17:53:43.548217+00:00,2020-09-21T03:36:11.968361+00:00,7.99,9.71,2.528186,0.9,9.0,1,1,0.0
syn_00787,Proposed Method,2020-09-20T17:53:43.548217+00:00,2020-09-21T03:36:11.968361+00:00,7.99,9.71,1.617866,0.9,9.0,1,1,6.016787822629829
syn_00788,Dumb Charging,2020-03-24T07:07:23.259651+00:00,2020-03-24T19:46:32.562992+00:00,18.43,12.65,3.904131,3.492,19.8,1,1,0.0
syn_00788,Smart Price,2020-03-24T07:07:23.259651+00:00,2020-03-24T19:46:32.562992+00:00,18.43,12.65,3.904131,3.492,19.8,1,1,0.0
syn_00788,Proposed Method,2020-03-24T07:07:23.259651+00:00,2020-03-24T19:46:32.562992+00:00,18.43,12.65,2.10326,4.356,19.8,1,1,10.814899036952834
syn_00789,Dumb Charging,2020-10-21T10:20:21.779029+00:00,2020-10-21T17:30:35.023753+00:00,14.99,7.17,2.230158,3.564,16.2,1,1,0.0
syn_00789,Smart Price,2020-10-21T10:20:21.779029+00:00,2020-10-21T17:30:35.023753+00:00,14.99,7.17,2.230158,3.564,16.2,1,1,0.0
syn_00789,Proposed Method,2020-10-21T10:20:21.779029+00:00,2020-10-21T17:30:35.023753+00:00,14.99,7.17,2.230158,3.564,16.2,1,1,8.698660335835589
syn_00790,Dumb Charging,2020-12-26T17:04:50.422120+00:00,2020-12-26T23:24:05.759959+00:00,5.75,6.32,2.059596,2.736,7.2,1,1,0.0
syn_00790,Smart Price,2020-12-26T17:04:50.422120+00:00,2020-12-26T23:24:05.759959+00:00,5.75,6.32,2.533304,1.368,7.2,2,2,0.0
syn_00790,Proposed Method,2020-12-26T17:04:50.422120+00:00,2020-12-26T23:24:05.759959+00:00,5.75,6.32,2.059596,2.736,7.2,1,1,7.908634616944059
syn_00791,Dumb Charging,2020-03-21T13:42:16.629628+00:00,2020-03-21T22:39:39.453496+00:00,6.73,8.96,0.701259,1.584,7.2,1,1,0.0
syn_00791,Smart Price,2020-03-21T13:42:16.629628+00:00,2020-03-21T22:39:39.453496+00:00,6.73,8.96,0.701259,1.584,7.2,1,1,0.0
syn_00791,Proposed Method,2020-03-21T13:42:16.629628+00:00,2020-03-21T22:39:39.453496+00:00,6.73,8.96,0.701259,1.584,7.2,1,1,4.338013513094976
syn_00792,Dumb Charging,2020-07-07T20:07:20.543039+00:00,2020-07-08T02:51:09.652439+00:00,32.6,6.73,9.886245,7.164,34.2,1,1,0.0
syn_00792,Smart Price,2020-07-07T20:07:20.543039+00:00,2020-07-08T02:51:09.652439+00:00,32.6,6.73,7.706006,4.5,34.2,2,2,0.0
syn_00792,Proposed Method,2020-07-07T20:07:20.543039+00:00,2020-07-08T02:51:09.652439+00:00,32.6,6.73,7.373759,4.5,34.2,1,1,20.506368363126903
syn_00793,Dumb Charging,2020-08-12T10:24:49.504945+00:00,2020-08-12T14:12:10.418015+00:00,26.12,3.79,3.553898,5.94,27.0,1,1,0.0
syn_00793,Smart Price,2020-08-12T10:24:49.504945+00:00,2020-08-12T14:12:10.418015+00:00,26.12,3.79,3.553898,5.94,27.0,1,1,0.0
syn_00793,Proposed Method,2020-08-12T10:24:49.504945+00:00,2020-08-12T14:12:10.418015+00:00,26.12,3.79,3.553898,5.94,27.0,1,1,10.805010941424495
syn_00794,Dumb Charging,2020-03-30T06:33:26.964195+00:00,2020-03-30T14:37:49.750051+00:00,18.38,8.07,3.591234,3.06,19.8,1,1,0.0
syn_00794,Smart Price,2020-03-30T06:33:26.964195+00:00,2020-03-30T14:37:49.750051+00:00,18.38,8.07,3.591234,3.06,19.8,1,1,0.0
syn_00794,Proposed Method,2020-03-30T06:33:26.964195+00:00,2020-03-30T14:37:49.750051+00:00,18.38,8.07,2.349554,4.356,19.8,1,1,9.35788394010291
syn_00795,Dumb Charging,2020-04-11T17:48:32.725390+00:00,2020-04-12T00:16:36.000767+00:00,10.08,6.47,2.854216,4.104,10.8,1,1,0.0
syn_00795,Smart Price,2020-04-11T17:48:32.725390+00:00,2020-04-12T00:16:36.000767+00:00,10.08,6.47,2.828519,1.512,10.8,2,2,0.0
syn_00795,Proposed Method,2020-04-11T17:48:32.725390+00:00,2020-04-12T00:16:36.000767+00:00,10.08,6.47,2.690148,1.512,10.8,1,1,8.686766550786945
syn_00796,Dumb Charging,2020-03-15T15:28:41.773836+00:00,2020-03-16T01:17:46.740564+00:00,9.53,9.82,2.042343,3.24,10.8,1,1,0.0
syn_00796,Smart Price,2020-03-15T15:28:41.773836+00:00,2020-03-16T01:17:46.740564+00:00,9.53,9.82,2.272421,1.08,10.8,1,1,0.0
syn_00796,Proposed Method,2020-03-15T15:28:41.773836+00:00,2020-03-16T01:17:46.740564+00:00,9.53,9.82,1.842719,1.08,10.8,1,1,6.602502504843073
syn_00797,Dumb Charging,2020-02-08T12:06:05.141967+00:00,2020-02-08T15:15:11.354976+00:00,10.8,3.15,1.394913,2.376,10.8,1,1,0.0
syn_00797,Smart Price,2020-02-08T12:06:05.141967+00:00,2020-02-08T15:15:11.354976+00:00,10.8,3.15,1.394913,2.376,10.8,1,1,0.0
syn_00797,Proposed Method,2020-02-08T12:06:05.141967+00:00,2020-02-08T15:15:11.354976+00:00,10.8,3.15,1.093822,2.376,10.8,1,1,5.599465818057924
syn_00798,Dumb Charging,2020-07-03T10:13:45.313172+00:00,2020-07-03T20:06:36.403961+00:00,9.06,9.88,1.198135,2.376,10.8,1,1,0.0
syn_00798,Smart Price,2020-07-03T10:13:45.313172+00:00,2020-07-03T20:06:36.403961+00:00,9.06,9.88,1.198135,2.376,10.8,1,1,0.0
syn_00798,Proposed Method,2020-07-03T10:13:45.313172+00:00,2020-07-03T20:06:36.403961+00:00,9.06,9.88,1.198135,2.376,10.8,1,1,5.829438038335712
syn_00799,Dumb Charging,2020-07-14T09:20:24.401811+00:00,2020-07-14T13:16:59.638289+00:00,13.44,3.94,2.434809,3.168,14.4,1,1,0.0
syn_00799,Smart Price,2020-07-14T09:20:24.401811+00:00,2020-07-14T13:16:59.638289+00:00,13.44,3.94,2.434809,3.168,14.4,1,1,0.0
syn_00799,Proposed Method,2020-07-14T09:20:24.401811+00:00,2020-07-14T13:16:59.638289+00:00,13.44,3.94,1.766735,3.168,14.4,1,1,7.478986778184195
syn_00800,Dumb Charging,2020-04-09T18:26:04.908895+00:00,2020-04-09T22:30:34.285569+00:00,19.97,4.07,6.294881,7.92,21.6,1,1,0.0
syn_00800,Smart Price,2020-04-09T18:26:04.908895+00:00,2020-04-09T22:30:34.285569+00:00,19.97,4.07,6.228183,6.768,21.6,2,2,0.0
syn_00800,Proposed Method,2020-04-09T18:26:04.908895+00:00,2020-04-09T22:30:34.285569+00:00,19.97,4.07,6.468506,6.768,21.6,1,1,19.64462587204001
syn_00801,Dumb Charging,2020-03-31T11:10:37.646220+00:00,2020-03-31T22:07:03.668536+00:00,18.5,10.94,2.265181,4.356,19.8,1,1,0.0
syn_00801,Smart Price,2020-03-31T11:10:37.646220+00:00,2020-03-31T22:07:03.668536+00:00,18.5,10.94,2.265181,4.356,19.8,1,1,0.0
syn_00801,Proposed Method,2020-03-31T11:10:37.646220+00:00,2020-03-31T22:07:03.668536+00:00,18.5,10.94,2.265181,4.356,19.8,1,1,9.17187304841491
syn_00802,Dumb Charging,2020-11-20T15:46:59.754029+00:00,2020-11-20T18:38:37.922759+00:00,18.24,2.86,5.312535,7.236,19.8,1,1,0.0
syn_00802,Smart Price,2020-11-20T15:46:59.754029+00:00,2020-11-20T18:38:37.922759+00:00,18.24,2.86,5.312535,7.236,19.8,1,1,0.0
syn_00802,Proposed Method,2020-11-20T15:46:59.754029+00:00,2020-11-20T18:38:37.922759+00:00,18.24,2.86,5.312535,7.236,19.8,1,1,15.330144291339172
syn_00803,Dumb Charging,2020-06-01T18:06:54.546068+00:00,2020-06-01T21:54:03.029857+00:00,21.91,3.79,6.954898,8.604,23.4,1,1,0.0
syn_00803,Smart Price,2020-06-01T18:06:54.546068+00:00,2020-06-01T21:54:03.029857+00:00,21.91,3.79,7.022146,8.028,23.4,2,2,0.0
syn_00803,Proposed Method,2020-06-01T18:06:54.546068+00:00,2020-06-01T21:54:03.029857+00:00,21.91,3.79,7.051637,8.028,23.4,1,1,21.56021085968864
syn_00804,Dumb Charging,2020-05-03T08:48:54.014553+00:00,2020-05-03T17:26:18.929449+00:00,50.37,8.62,6.764482,11.088,50.4,1,1,0.0
syn_00804,Smart Price,2020-05-03T08:48:54.014553+00:00,2020-05-03T17:26:18.929449+00:00,50.37,8.62,6.764482,11.088,50.4,1,1,0.0
syn_00804,Proposed Method,2020-05-03T08:48:54.014553+00:00,2020-05-03T17:26:18.929449+00:00,50.37,8.62,6.764482,11.088,50.4,1,1,22.457141483621626
syn_00805,Dumb Charging,2020-03-18T17:24:23.089920+00:00,2020-03-18T22:21:37.061147+00:00,10.72,4.95,2.865944,4.104,10.8,1,1,0.0
syn_00805,Smart Price,2020-03-18T17:24:23.089920+00:00,2020-03-18T22:21:37.061147+00:00,10.72,4.95,2.976232,2.952,10.8,2,2,0.0
syn_00805,Proposed Method,2020-03-18T17:24:23.089920+00:00,2020-03-18T22:21:37.061147+00:00,10.72,4.95,2.865944,4.104,10.8,1,1,10.37032936330688
syn_00806,Dumb Charging,2020-10-13T14:24:10.698487+00:00,2020-10-13T23:38:52.306010+00:00,11.87,9.24,2.268014,2.772,12.6,1,1,0.0
syn_00806,Smart Price,2020-10-13T14:24:10.698487+00:00,2020-10-13T23:38:52.306010+00:00,11.87,9.24,2.413918,2.556,12.6,2,2,0.0
syn_00806,Proposed Method,2020-10-13T14:24:10.698487+00:00,2020-10-13T23:38:52.306010+00:00,11.87,9.24,2.268014,2.772,12.6,1,1,8.38611897124319
syn_00807,Dumb Charging,2020-11-16T16:08:41.607734+00:00,2020-11-16T21:41:54.281371+00:00,5.13,5.55,1.378668,2.052,5.4,1,1,0.0
syn_00807,Smart Price,2020-11-16T16:08:41.607734+00:00,2020-11-16T21:41:54.281371+00:00,5.13,5.55,1.732151,1.476,5.4,2,2,0.0
syn_00807,Proposed Method,2020-11-16T16:08:41.607734+00:00,2020-11-16T21:41:54.281371+00:00,5.13,5.55,1.378668,2.052,5.4,1,1,6.065444508486969
syn_00808,Dumb Charging,2020-02-03T16:15:12.299790+00:00,2020-02-03T19:56:31.144816+00:00,12.6,3.69,2.99324,4.788,12.6,1,1,0.0
syn_00808,Smart Price,2020-02-03T16:15:12.299790+00:00,2020-02-03T19:56:31.144816+00:00,12.6,3.69,2.99324,4.788,12.6,1,1,0.0
syn_00808,Proposed Method,2020-02-03T16:15:12.299790+00:00,2020-02-03T19:56:31.144816+00:00,12.6,3.69,2.99324,4.788,12.6,1,1,10.992970504269234
syn_00809,Dumb Charging,2020-03-08T11:25:05.882341+00:00,2020-03-08T14:39:36.160424+00:00,10.8,3.24,1.224791,2.376,10.8,1,1,0.0
syn_00809,Smart Price,2020-03-08T11:25:05.882341+00:00,2020-03-08T14:39:36.160424+00:00,10.8,3.24,1.224791,2.376,10.8,1,1,0.0
syn_00809,Proposed Method,2020-03-08T11:25:05.882341+00:00,2020-03-08T14:39:36.160424+00:00,10.8,3.24,1.127839,2.376,10.8,1,1,5.674461497210822
syn_00810,Dumb Charging,2020-10-14T18:17:24.811351+00:00,2020-10-14T23:19:46.022241+00:00,10.51,5.04,4.118598,4.104,10.8,1,1,0.0
syn_00810,Smart Price,2020-10-14T18:17:24.811351+00:00,2020-10-14T23:19:46.022241+00:00,10.51,5.04,4.087779,2.16,10.8,2,2,0.0
syn_00810,Proposed Method,2020-10-14T18:17:24.811351+00:00,2020-10-14T23:19:46.022241+00:00,10.51,5.04,3.99073,2.16,10.8,1,1,11.878060483021219
syn_00811,Dumb Charging,2020-07-17T03:26:30.539094+00:00,2020-07-17T14:48:38.484544+00:00,30.42,11.37,4.880832,3.06,30.6,1,1,0.0
syn_00811,Smart Price,2020-07-17T03:26:30.539094+00:00,2020-07-17T14:48:38.484544+00:00,30.42,11.37,4.880832,3.06,30.6,1,1,0.0
syn_00811,Proposed Method,2020-07-17T03:26:30.539094+00:00,2020-07-17T14:48:38.484544+00:00,30.42,11.37,3.796358,6.732,30.6,1,1,13.735542634702274
syn_00812,Dumb Charging,2020-07-15T08:12:12.162874+00:00,2020-07-15T16:54:37.666334+00:00,10.21,8.71,2.487005,2.376,10.8,1,1,0.0
syn_00812,Smart Price,2020-07-15T08:12:12.162874+00:00,2020-07-15T16:54:37.666334+00:00,10.21,8.71,2.487005,2.376,10.8,1,1,0.0
syn_00812,Proposed Method,2020-07-15T08:12:12.162874+00:00,2020-07-15T16:54:37.666334+00:00,10.21,8.71,1.207161,2.376,10.8,1,1,7.849335936549127
syn_00813,Dumb Charging,2020-01-23T19:06:14.939179+00:00,2020-01-24T02:15:39.464363+00:00,50.06,7.16,13.623757,10.8,50.4,1,1,0.0
syn_00813,Smart Price,2020-01-23T19:06:14.939179+00:00,2020-01-24T02:15:39.464363+00:00,50.06,7.16,13.623757,10.8,50.4,1,1,0.0
syn_00813,Proposed Method,2020-01-23T19:06:14.939179+00:00,2020-01-24T02:15:39.464363+00:00,50.06,7.16,13.623757,10.8,50.4,1,1,35.435267155650585
syn_00814,Dumb Charging,2020-07-29T19:27:13.974310+00:00,2020-07-30T05:34:58.282616+00:00,23.01,10.13,8.00362,7.164,23.4,1,1,0.0
syn_00814,Smart Price,2020-07-29T19:27:13.974310+00:00,2020-07-30T05:34:58.282616+00:00,23.01,10.13,4.40802,2.34,23.4,1,1,0.0
syn_00814,Proposed Method,2020-07-29T19:27:13.974310+00:00,2020-07-30T05:34:58.282616+00:00,23.01,10.13,3.725541,2.34,23.4,1,1,11.383419161797999
syn_00815,Dumb Charging,2020-10-02T15:41:39.866684+00:00,2020-10-02T22:37:40.681578+00:00,13.43,6.93,3.925974,4.896,14.4,1,1,0.0
syn_00815,Smart Price,2020-10-02T15:41:39.866684+00:00,2020-10-02T22:37:40.681578+00:00,13.43,6.93,4.534279,3.456,14.4,2,2,0.0
syn_00815,Proposed Method,2020-10-02T15:41:39.866684+00:00,2020-10-02T22:37:40.681578+00:00,13.43,6.93,3.925974,4.896,14.4,1,1,13.103297552648176
syn_00816,Dumb Charging,2020-09-03T13:00:32.898145+00:00,2020-09-03T21:19:45.101731+00:00,6.64,8.32,1.062301,1.584,7.2,1,1,0.0
syn_00816,Smart Price,2020-09-03T13:00:32.898145+00:00,2020-09-03T21:19:45.101731+00:00,6.64,8.32,1.062301,1.584,7.2,1,1,0.0
syn_00816,Proposed Method,2020-09-03T13:00:32.898145+00:00,2020-09-03T21:19:45.101731+00:00,6.64,8.32,1.062301,1.584,7.2,1,1,5.133975742455563
syn_00817,Dumb Charging,2020-11-06T13:59:39.581434+00:00,2020-11-06T21:03:25.634010+00:00,10.09,7.06,1.54962,2.376,10.8,1,1,0.0
syn_00817,Smart Price,2020-11-06T13:59:39.581434+00:00,2020-11-06T21:03:25.634010+00:00,10.09,7.06,1.54962,2.376,10.8,1,1,0.0
syn_00817,Proposed Method,2020-11-06T13:59:39.581434+00:00,2020-11-06T21:03:25.634010+00:00,10.09,7.06,1.54962,2.376,10.8,1,1,6.604329546503005
syn_00818,Dumb Charging,2020-03-18T13:16:09.427615+00:00,2020-03-18T19:20:23.939125+00:00,33.8,6.07,5.733422,9.828,34.2,1,1,0.0
syn_00818,Smart Price,2020-03-18T13:16:09.427615+00:00,2020-03-18T19:20:23.939125+00:00,33.8,6.07,5.733422,9.828,34.2,1,1,0.0
syn_00818,Proposed Method,2020-03-18T13:16:09.427615+00:00,2020-03-18T19:20:23.939125+00:00,33.8,6.07,5.733422,9.828,34.2,1,1,19.554042805172784
syn_00819,Dumb Charging,2020-11-27T13:17:18.945325+00:00,2020-11-27T21:41:22.439568+00:00,24.83,8.4,4.616367,6.408,25.2,1,1,0.0
syn_00819,Smart Price,2020-11-27T13:17:18.945325+00:00,2020-11-27T21:41:22.439568+00:00,24.83,8.4,5.045181,5.832,25.2,2,2,0.0
syn_00819,Proposed Method,2020-11-27T13:17:18.945325+00:00,2020-11-27T21:41:22.439568+00:00,24.83,8.4,4.616367,6.408,25.2,1,1,15.381354617045615
syn_00820,Dumb Charging,2020-08-23T10:02:37.692354+00:00,2020-08-23T16:37:14.795932+00:00,23.4,6.58,3.078533,5.148,23.4,1,1,0.0
syn_00820,Smart Price,2020-08-23T10:02:37.692354+00:00,2020-08-23T16:37:14.795932+00:00,23.4,6.58,3.078533,5.148,23.4,1,1,0.0
syn_00820,Proposed Method,2020-08-23T10:02:37.692354+00:00,2020-08-23T16:37:14.795932+00:00,23.4,6.58,3.078533,5.148,23.4,1,1,11.361008788214624
syn_00821,Dumb Charging,2020-03-18T17:00:31.015025+00:00,2020-03-19T00:27:10.342234+00:00,18.94,7.44,5.341082,7.524,19.8,1,1,0.0
syn_00821,Smart Price,2020-03-18T17:00:31.015025+00:00,2020-03-19T00:27:10.342234+00:00,18.94,7.44,4.816935,3.276,19.8,2,2,0.0
syn_00821,Proposed Method,2020-03-18T17:00:31.015025+00:00,2020-03-19T00:27:10.342234+00:00,18.94,7.44,4.866913,3.276,19.8,1,1,14.367714294839528
syn_00822,Dumb Charging,2020-07-30T08:29:36.500080+00:00,2020-07-30T11:50:37.264653+00:00,14.97,3.35,3.403016,3.564,16.2,1,1,0.0
syn_00822,Smart Price,2020-07-30T08:29:36.500080+00:00,2020-07-30T11:50:37.264653+00:00,14.97,3.35,3.403016,3.564,16.2,1,1,0.0
syn_00822,Proposed Method,2020-07-30T08:29:36.500080+00:00,2020-07-30T11:50:37.264653+00:00,14.97,3.35,2.595264,3.564,16.2,1,1,9.503581562091277
syn_00823,Dumb Charging,2020-03-14T03:47:48.633766+00:00,2020-03-14T11:42:33.430751+00:00,19.94,7.91,2.979203,2.16,21.6,1,1,0.0
syn_00823,Smart Price,2020-03-14T03:47:48.633766+00:00,2020-03-14T11:42:33.430751+00:00,19.94,7.91,2.979203,2.16,21.6,1,1,0.0
syn_00823,Proposed Method,2020-03-14T03:47:48.633766+00:00,2020-03-14T11:42:33.430751+00:00,19.94,7.91,2.979203,2.16,21.6,1,1,9.6480235273232
syn_00824,Dumb Charging,2020-01-05T03:12:08.038574+00:00,2020-01-05T06:56:37.505052+00:00,12.6,3.74,1.797626,1.26,12.6,1,1,0.0
syn_00824,Smart Price,2020-01-05T03:12:08.038574+00:00,2020-01-05T06:56:37.505052+00:00,12.6,3.74,1.797626,1.26,12.6,1,1,0.0
syn_00824,Proposed Method,2020-01-05T03:12:08.038574+00:00,2020-01-05T06:56:37.505052+00:00,12.6,3.74,1.797626,1.26,12.6,1,1,6.593089370019348
syn_00825,Dumb Charging,2020-12-04T10:49:57.083136+00:00,2020-12-04T16:04:25.039159+00:00,15.61,5.24,2.337361,3.564,16.2,1,1,0.0
syn_00825,Smart Price,2020-12-04T10:49:57.083136+00:00,2020-12-04T16:04:25.039159+00:00,15.61,5.24,2.337361,3.564,16.2,1,1,0.0
syn_00825,Proposed Method,2020-12-04T10:49:57.083136+00:00,2020-12-04T16:04:25.039159+00:00,15.61,5.24,2.337361,3.564,16.2,1,1,8.935003686251715
syn_00826,Dumb Charging,2020-03-22T17:16:24.773645+00:00,2020-03-22T23:10:43.956973+00:00,7.92,5.91,2.285159,3.42,9.0,1,1,0.0
syn_00826,Smart Price,2020-03-22T17:16:24.773645+00:00,2020-03-22T23:10:43.956973+00:00,7.92,5.91,2.621942,1.98,9.0,1,1,0.0
syn_00826,Proposed Method,2020-03-22T17:16:24.773645+00:00,2020-03-22T23:10:43.956973+00:00,7.92,5.91,2.141648,1.98,9.0,1,1,7.711530448158719
syn_00827,Dumb Charging,2020-05-03T14:34:28.424647+00:00,2020-05-03T23:43:27.984630+00:00,60.0,9.15,15.068052,19.224,61.2,1,1,0.0
syn_00827,Smart Price,2020-05-03T14:34:28.424647+00:00,2020-05-03T23:43:27.984630+00:00,60.0,9.15,14.895489,18.216,61.2,2,2,0.0
syn_00827,Proposed Method,2020-05-03T14:34:28.424647+00:00,2020-05-03T23:43:27.984630+00:00,60.0,9.15,15.068052,19.224,61.2,1,1,44.83139498356968
syn_00828,Dumb Charging,2020-07-01T08:44:35.441184+00:00,2020-07-01T11:32:45.569304+00:00,6.73,2.8,1.689922,1.584,7.2,1,1,0.0
syn_00828,Smart Price,2020-07-01T08:44:35.441184+00:00,2020-07-01T11:32:45.569304+00:00,6.73,2.8,1.689922,1.584,7.2,1,1,0.0
syn_00828,Proposed Method,2020-07-01T08:44:35.441184+00:00,2020-07-01T11:32:45.569304+00:00,6.73,2.8,0.749791,1.584,7.2,1,1,4.445006560758186
syn_00829,Dumb Charging,2020-09-14T15:25:13.756223+00:00,2020-09-14T20:37:45.894669+00:00,13.47,5.21,3.783997,4.608,14.4,1,1,0.0
syn_00829,Smart Price,2020-09-14T15:25:13.756223+00:00,2020-09-14T20:37:45.894669+00:00,13.47,5.21,3.783997,4.608,14.4,1,1,0.0
syn_00829,Proposed Method,2020-09-14T15:25:13.756223+00:00,2020-09-14T20:37:45.894669+00:00,13.47,5.21,3.783997,4.608,14.4,1,1,12.646291744612654
syn_00830,Dumb Charging,2020-09-08T16:53:56.586676+00:00,2020-09-08T21:37:49.867369+00:00,9.54,4.73,3.353623,4.104,10.8,1,1,0.0
syn_00830,Smart Price,2020-09-08T16:53:56.586676+00:00,2020-09-08T21:37:49.867369+00:00,9.54,4.73,3.351256,3.816,10.8,2,2,0.0
syn_00830,Proposed Method,2020-09-08T16:53:56.586676+00:00,2020-09-08T21:37:49.867369+00:00,9.54,4.73,3.353623,4.104,10.8,1,1,11.445479197047305
syn_00831,Dumb Charging,2020-12-04T10:34:01.490309+00:00,2020-12-04T17:08:47.178696+00:00,13.37,6.58,1.98249,3.168,14.4,1,1,0.0
syn_00831,Smart Price,2020-12-04T10:34:01.490309+00:00,2020-12-04T17:08:47.178696+00:00,13.37,6.58,1.98249,3.168,14.4,1,1,0.0
syn_00831,Proposed Method,2020-12-04T10:34:01.490309+00:00,2020-12-04T17:08:47.178696+00:00,13.37,6.58,1.98249,3.168,14.4,1,1,7.954646550941954
syn_00832,Dumb Charging,2020-02-06T16:26:36.572867+00:00,2020-02-07T01:47:31.485020+00:00,22.22,9.35,6.15777,8.892,23.4,1,1,0.0
syn_00832,Smart Price,2020-02-06T16:26:36.572867+00:00,2020-02-07T01:47:31.485020+00:00,22.22,9.35,4.950687,2.988,23.4,2,2,0.0
syn_00832,Proposed Method,2020-02-06T16:26:36.572867+00:00,2020-02-07T01:47:31.485020+00:00,22.22,9.35,4.807146,2.988,23.4,1,1,14.091950499333631
syn_00833,Dumb Charging,2020-07-24T09:14:30.563977+00:00,2020-07-24T14:14:24.570484+00:00,8.88,5.0,2.126055,1.98,9.0,1,1,0.0
syn_00833,Smart Price,2020-07-24T09:14:30.563977+00:00,2020-07-24T14:14:24.570484+00:00,8.88,5.0,2.126055,1.98,9.0,1,1,0.0
syn_00833,Proposed Method,2020-07-24T09:14:30.563977+00:00,2020-07-24T14:14:24.570484+00:00,8.88,5.0,1.222025,1.98,9.0,1,1,5.684106246659335
syn_00834,Dumb Charging,2020-07-03T10:21:57.223135+00:00,2020-07-03T18:52:08.272062+00:00,15.3,8.5,1.961674,3.564,16.2,1,1,0.0
syn_00834,Smart Price,2020-07-03T10:21:57.223135+00:00,2020-07-03T18:52:08.272062+00:00,15.3,8.5,1.961674,3.564,16.2,1,1,0.0
syn_00834,Proposed Method,2020-07-03T10:21:57.223135+00:00,2020-07-03T18:52:08.272062+00:00,15.3,8.5,1.961674,3.564,16.2,1,1,8.10675396160666
syn_00835,Dumb Charging,2020-03-06T18:52:12.783079+00:00,2020-03-07T06:31:25.695145+00:00,14.01,11.65,4.129684,5.472,14.4,1,1,0.0
syn_00835,Smart Price,2020-03-06T18:52:12.783079+00:00,2020-03-07T06:31:25.695145+00:00,14.01,11.65,2.819808,1.44,14.4,1,1,0.0
syn_00835,Proposed Method,2020-03-06T18:52:12.783079+00:00,2020-03-07T06:31:25.695145+00:00,14.01,11.65,2.041942,1.44,14.4,1,1,7.221714751687535
syn_00836,Dumb Charging,2020-11-16T10:53:49.662880+00:00,2020-11-16T19:24:19.597639+00:00,17.26,8.51,2.645461,3.96,18.0,1,1,0.0
syn_00836,Smart Price,2020-11-16T10:53:49.662880+00:00,2020-11-16T19:24:19.597639+00:00,17.26,8.51,2.645461,3.96,18.0,1,1,0.0
syn_00836,Proposed Method,2020-11-16T10:53:49.662880+00:00,2020-11-16T19:24:19.597639+00:00,17.26,8.51,2.645461,3.96,18.0,1,1,9.812248691208797
syn_00837,Dumb Charging,2020-07-24T11:06:14.589054+00:00,2020-07-25T07:06:14.589054+00:00,11.88,20.0,1.678578,2.772,12.6,1,1,0.0
syn_00837,Smart Price,2020-07-24T11:06:14.589054+00:00,2020-07-25T07:06:14.589054+00:00,11.88,20.0,2.968443,1.26,12.6,1,1,0.0
syn_00837,Proposed Method,2020-07-24T11:06:14.589054+00:00,2020-07-25T07:06:14.589054+00:00,11.88,20.0,1.864343,1.26,12.6,1,1,6.740175551645164
syn_00838,Dumb Charging,2020-06-01T07:32:09.385063+00:00,2020-06-01T23:31:48.423447+00:00,9.94,15.99,2.129777,1.944,10.8,1,1,0.0
syn_00838,Smart Price,2020-06-01T07:32:09.385063+00:00,2020-06-01T23:31:48.423447+00:00,9.94,15.99,2.209554,1.728,10.8,2,2,0.0
syn_00838,Proposed Method,2020-06-01T07:32:09.385063+00:00,2020-06-01T23:31:48.423447+00:00,9.94,15.99,1.053713,2.376,10.8,1,1,7.511041518071094
syn_00839,Dumb Charging,2020-08-17T04:14:15.077504+00:00,2020-08-17T09:17:47.938328+00:00,5.34,5.06,0.994073,0.54,5.4,1,1,0.0
syn_00839,Smart Price,2020-08-17T04:14:15.077504+00:00,2020-08-17T09:17:47.938328+00:00,5.34,5.06,0.994073,0.54,5.4,1,1,0.0
syn_00839,Proposed Method,2020-08-17T04:14:15.077504+00:00,2020-08-17T09:17:47.938328+00:00,5.34,5.06,0.994073,0.54,5.4,1,1,4.461558569985297
syn_00840,Dumb Charging,2020-08-12T16:15:59.912686+00:00,2020-08-12T19:28:39.959108+00:00,10.8,3.21,2.92452,4.104,10.8,1,1,0.0
syn_00840,Smart Price,2020-08-12T16:15:59.912686+00:00,2020-08-12T19:28:39.959108+00:00,10.8,3.21,2.92452,4.104,10.8,1,1,0.0
syn_00840,Proposed Method,2020-08-12T16:15:59.912686+00:00,2020-08-12T19:28:39.959108+00:00,10.8,3.21,2.92452,4.104,10.8,1,1,10.499469211969194
syn_00841,Dumb Charging,2020-06-22T12:53:52.946850+00:00,2020-06-22T19:18:54.949800+00:00,10.18,6.42,1.265908,2.376,10.8,1,1,0.0
syn_00841,Smart Price,2020-06-22T12:53:52.946850+00:00,2020-06-22T19:18:54.949800+00:00,10.18,6.42,1.265908,2.376,10.8,1,1,0.0
syn_00841,Proposed Method,2020-06-22T12:53:52.946850+00:00,2020-06-22T19:18:54.949800+00:00,10.18,6.42,1.265908,2.376,10.8,1,1,5.97885089326513
syn_00842,Dumb Charging,2020-06-08T16:32:42.571459+00:00,2020-06-08T22:18:33.095349+00:00,13.21,5.76,3.377001,5.472,14.4,1,1,0.0
syn_00842,Smart Price,2020-06-08T16:32:42.571459+00:00,2020-06-08T22:18:33.095349+00:00,13.21,5.76,3.687803,4.032,14.4,2,2,0.0
syn_00842,Proposed Method,2020-06-08T16:32:42.571459+00:00,2020-06-08T22:18:33.095349+00:00,13.21,5.76,3.377001,5.472,14.4,1,1,12.181018336648998
syn_00843,Dumb Charging,2020-04-13T17:47:38.627537+00:00,2020-04-13T20:49:05.639857+00:00,11.4,3.02,3.525216,4.788,12.6,1,1,0.0
syn_00843,Smart Price,2020-04-13T17:47:38.627537+00:00,2020-04-13T20:49:05.639857+00:00,11.4,3.02,3.525216,4.788,12.6,1,1,0.0
syn_00843,Proposed Method,2020-04-13T17:47:38.627537+00:00,2020-04-13T20:49:05.639857+00:00,11.4,3.02,3.525216,4.788,12.6,1,1,12.16577789155593
syn_00844,Dumb Charging,2020-07-12T10:46:15.462188+00:00,2020-07-12T17:55:24.854031+00:00,30.02,7.15,3.740087,6.732,30.6,1,1,0.0
syn_00844,Smart Price,2020-07-12T10:46:15.462188+00:00,2020-07-12T17:55:24.854031+00:00,30.02,7.15,3.740087,6.732,30.6,1,1,0.0
syn_00844,Proposed Method,2020-07-12T10:46:15.462188+00:00,2020-07-12T17:55:24.854031+00:00,30.02,7.15,3.740087,6.732,30.6,1,1,13.611487801580871
syn_00845,Dumb Charging,2020-06-03T10:20:18.322846+00:00,2020-06-03T22:05:14.924096+00:00,23.34,11.75,2.727894,5.148,23.4,1,1,0.0
syn_00845,Smart Price,2020-06-03T10:20:18.322846+00:00,2020-06-03T22:05:14.924096+00:00,23.34,11.75,2.727894,5.148,23.4,1,1,0.0
syn_00845,Proposed Method,2020-06-03T10:20:18.322846+00:00,2020-06-03T22:05:14.924096+00:00,23.34,11.75,2.727894,5.148,23.4,1,1,10.587981503201078
syn_00846,Dumb Charging,2020-06-07T10:15:39.910959+00:00,2020-06-07T19:58:12.007749+00:00,28.63,9.71,3.291806,6.336,28.8,1,1,0.0
syn_00846,Smart Price,2020-06-07T10:15:39.910959+00:00,2020-06-07T19:58:12.007749+00:00,28.63,9.71,3.291806,6.336,28.8,1,1,0.0
syn_00846,Proposed Method,2020-06-07T10:15:39.910959+00:00,2020-06-07T19:58:12.007749+00:00,28.63,9.71,3.291806,6.336,28.8,1,1,12.42519555954838
syn_00847,Dumb Charging,2020-01-30T15:11:13.696373+00:00,2020-01-31T00:29:11.544783+00:00,14.26,9.3,3.125711,4.32,14.4,1,1,0.0
syn_00847,Smart Price,2020-01-30T15:11:13.696373+00:00,2020-01-31T00:29:11.544783+00:00,14.26,9.3,3.222547,2.088,14.4,2,2,0.0
syn_00847,Proposed Method,2020-01-30T15:11:13.696373+00:00,2020-01-31T00:29:11.544783+00:00,14.26,9.3,3.125711,4.32,14.4,1,1,11.051019313006023
syn_00848,Dumb Charging,2020-03-01T03:26:33.832518+00:00,2020-03-01T08:02:55.630216+00:00,16.2,4.61,2.180306,1.62,16.2,1,1,0.0
syn_00848,Smart Price,2020-03-01T03:26:33.832518+00:00,2020-03-01T08:02:55.630216+00:00,16.2,4.61,2.180306,1.62,16.2,1,1,0.0
syn_00848,Proposed Method,2020-03-01T03:26:33.832518+00:00,2020-03-01T08:02:55.630216+00:00,16.2,4.61,2.180306,1.62,16.2,1,1,7.616756951015804
syn_00849,Dumb Charging,2020-08-14T05:21:10.911221+00:00,2020-08-14T11:37:12.256968+00:00,15.27,6.27,2.741648,1.62,16.2,1,1,0.0
syn_00849,Smart Price,2020-08-14T05:21:10.911221+00:00,2020-08-14T11:37:12.256968+00:00,15.27,6.27,2.741648,1.62,16.2,1,1,0.0
syn_00849,Proposed Method,2020-08-14T05:21:10.911221+00:00,2020-08-14T11:37:12.256968+00:00,15.27,6.27,2.741648,1.62,16.2,1,1,8.854303627214898
syn_00850,Dumb Charging,2020-02-26T07:34:09.652551+00:00,2020-02-26T23:35:51.928929+00:00,11.88,16.03,2.411328,2.34,12.6,1,1,0.0
syn_00850,Smart Price,2020-02-26T07:34:09.652551+00:00,2020-02-26T23:35:51.928929+00:00,11.88,16.03,2.668195,1.908,12.6,2,2,0.0
syn_00850,Proposed Method,2020-02-26T07:34:09.652551+00:00,2020-02-26T23:35:51.928929+00:00,11.88,16.03,1.345337,2.772,12.6,1,1,8.351963471419971
syn_00851,Dumb Charging,2020-12-13T14:02:44.570651+00:00,2020-12-13T20:49:42.495155+00:00,5.5,6.78,0.734273,1.584,7.2,1,1,0.0
syn_00851,Smart Price,2020-12-13T14:02:44.570651+00:00,2020-12-13T20:49:42.495155+00:00,5.5,6.78,0.734273,1.584,7.2,1,1,0.0
syn_00851,Proposed Method,2020-12-13T14:02:44.570651+00:00,2020-12-13T20:49:42.495155+00:00,5.5,6.78,0.734273,1.584,7.2,1,1,4.410795462222493
syn_00852,Dumb Charging,2020-02-01T16:54:00.681184+00:00,2020-02-01T23:11:58.356520+00:00,9.49,6.3,2.80499,4.104,10.8,1,1,0.0
syn_00852,Smart Price,2020-02-01T16:54:00.681184+00:00,2020-02-01T23:11:58.356520+00:00,9.49,6.3,3.282993,2.376,10.8,1,1,0.0
syn_00852,Proposed Method,2020-02-01T16:54:00.681184+00:00,2020-02-01T23:11:58.356520+00:00,9.49,6.3,3.068419,2.376,10.8,1,1,9.952710694824344
syn_00853,Dumb Charging,2020-11-06T09:54:12.022205+00:00,2020-11-06T21:58:55.974127+00:00,3.08,12.08,0.699017,0.792,3.6,1,1,0.0
syn_00853,Smart Price,2020-11-06T09:54:12.022205+00:00,2020-11-06T21:58:55.974127+00:00,3.08,12.08,0.699017,0.792,3.6,1,1,0.0
syn_00853,Proposed Method,2020-11-06T09:54:12.022205+00:00,2020-11-06T21:58:55.974127+00:00,3.08,12.08,0.699017,0.792,3.6,1,1,3.9370696608685067
syn_00854,Dumb Charging,2020-09-28T08:42:12.278348+00:00,2020-09-28T17:44:37.220408+00:00,17.47,9.04,3.927409,3.96,18.0,1,1,0.0
syn_00854,Smart Price,2020-09-28T08:42:12.278348+00:00,2020-09-28T17:44:37.220408+00:00,17.47,9.04,3.927409,3.96,18.0,1,1,0.0
syn_00854,Proposed Method,2020-09-28T08:42:12.278348+00:00,2020-09-28T17:44:37.220408+00:00,17.47,9.04,2.403635,3.96,18.0,1,1,11.279113138031505
syn_00855,Dumb Charging,2020-04-23T15:56:46.656989+00:00,2020-04-23T22:28:54.466398+00:00,29.64,6.54,7.369559,11.34,30.6,1,1,0.0
syn_00855,Smart Price,2020-04-23T15:56:46.656989+00:00,2020-04-23T22:28:54.466398+00:00,29.64,6.54,7.455829,9.9,30.6,2,2,0.0
syn_00855,Proposed Method,2020-04-23T15:56:46.656989+00:00,2020-04-23T22:28:54.466398+00:00,29.64,6.54,7.369559,11.34,30.6,1,1,23.91710894034447
syn_00856,Dumb Charging,2020-02-05T17:22:00.063941+00:00,2020-02-06T09:29:18.722210+00:00,12.43,16.12,3.524725,4.788,12.6,1,1,0.0
syn_00856,Smart Price,2020-02-05T17:22:00.063941+00:00,2020-02-06T09:29:18.722210+00:00,12.43,16.12,2.632031,1.26,12.6,1,1,0.0
syn_00856,Proposed Method,2020-02-05T17:22:00.063941+00:00,2020-02-06T09:29:18.722210+00:00,12.43,16.12,1.596828,1.26,12.6,1,1,8.150405237459225
syn_00857,Dumb Charging,2020-10-23T12:41:45.377555+00:00,2020-10-23T19:51:11.401249+00:00,13.11,7.16,1.998647,3.168,14.4,1,1,0.0
syn_00857,Smart Price,2020-10-23T12:41:45.377555+00:00,2020-10-23T19:51:11.401249+00:00,13.11,7.16,1.998647,3.168,14.4,1,1,0.0
syn_00857,Proposed Method,2020-10-23T12:41:45.377555+00:00,2020-10-23T19:51:11.401249+00:00,13.11,7.16,1.998647,3.168,14.4,1,1,7.990266325588715
syn_00858,Dumb Charging,2020-03-05T11:33:45.790494+00:00,2020-03-05T19:51:23.373185+00:00,17.14,8.29,2.114617,3.96,18.0,1,1,0.0
syn_00858,Smart Price,2020-03-05T11:33:45.790494+00:00,2020-03-05T19:51:23.373185+00:00,17.14,8.29,2.114617,3.96,18.0,1,1,0.0
syn_00858,Proposed Method,2020-03-05T11:33:45.790494+00:00,2020-03-05T19:51:23.373185+00:00,17.14,8.29,2.114617,3.96,18.0,1,1,8.641937087124798
syn_00859,Dumb Charging,2020-04-21T06:05:51.107164+00:00,2020-04-22T02:05:51.107164+00:00,13.37,20.0,2.015282,1.44,14.4,1,1,0.0
syn_00859,Smart Price,2020-04-21T06:05:51.107164+00:00,2020-04-22T02:05:51.107164+00:00,13.37,20.0,2.015282,1.44,14.4,1,1,0.0
syn_00859,Proposed Method,2020-04-21T06:05:51.107164+00:00,2020-04-22T02:05:51.107164+00:00,13.37,20.0,1.749212,1.44,14.4,1,1,6.576355778510988
syn_00860,Dumb Charging,2020-01-24T09:50:43.532326+00:00,2020-01-24T19:42:40.526956+00:00,13.7,9.87,1.874768,3.168,14.4,1,1,0.0
syn_00860,Smart Price,2020-01-24T09:50:43.532326+00:00,2020-01-24T19:42:40.526956+00:00,13.7,9.87,1.874768,3.168,14.4,1,1,0.0
syn_00860,Proposed Method,2020-01-24T09:50:43.532326+00:00,2020-01-24T19:42:40.526956+00:00,13.7,9.87,1.874768,3.168,14.4,1,1,7.717158539789207
syn_00861,Dumb Charging,2020-03-16T16:39:38.978118+00:00,2020-03-16T20:21:42.949338+00:00,14.12,3.7,3.593163,5.472,14.4,1,1,0.0
syn_00861,Smart Price,2020-03-16T16:39:38.978118+00:00,2020-03-16T20:21:42.949338+00:00,14.12,3.7,3.593163,5.472,14.4,1,1,0.0
syn_00861,Proposed Method,2020-03-16T16:39:38.978118+00:00,2020-03-16T20:21:42.949338+00:00,14.12,3.7,3.593163,5.472,14.4,1,1,12.657574506093347
syn_00862,Dumb Charging,2020-09-13T09:15:28.789902+00:00,2020-09-13T11:33:28.809409+00:00,14.06,2.3,2.662762,3.168,14.4,1,1,0.0
syn_00862,Smart Price,2020-09-13T09:15:28.789902+00:00,2020-09-13T11:33:28.809409+00:00,14.06,2.3,2.662762,3.168,14.4,1,1,0.0
syn_00862,Proposed Method,2020-09-13T09:15:28.789902+00:00,2020-09-13T11:33:28.809409+00:00,14.06,2.3,2.430199,3.168,14.4,1,1,8.94167650504948
syn_00863,Dumb Charging,2020-01-14T11:35:56.755338+00:00,2020-01-14T16:31:30.855936+00:00,21.21,4.93,2.730092,4.752,21.6,1,1,0.0
syn_00863,Smart Price,2020-01-14T11:35:56.755338+00:00,2020-01-14T16:31:30.855936+00:00,21.21,4.93,2.730092,4.752,21.6,1,1,0.0
syn_00863,Proposed Method,2020-01-14T11:35:56.755338+00:00,2020-01-14T16:31:30.855936+00:00,21.21,4.93,2.730092,4.752,21.6,1,1,10.3948277429849
syn_00864,Dumb Charging,2020-10-26T16:18:11.740585+00:00,2020-10-27T00:02:17.955991+00:00,4.84,7.74,1.354159,2.052,5.4,1,1,0.0
syn_00864,Smart Price,2020-10-26T16:18:11.740585+00:00,2020-10-27T00:02:17.955991+00:00,4.84,7.74,1.827059,0.54,5.4,1,1,0.0
syn_00864,Proposed Method,2020-10-26T16:18:11.740585+00:00,2020-10-27T00:02:17.955991+00:00,4.84,7.74,1.354159,2.052,5.4,1,1,6.0114122956339635
syn_00865,Dumb Charging,2020-03-10T09:01:51.624082+00:00,2020-03-10T15:03:21.535861+00:00,18.86,6.02,2.898629,4.356,19.8,1,1,0.0
syn_00865,Smart Price,2020-03-10T09:01:51.624082+00:00,2020-03-10T15:03:21.535861+00:00,18.86,6.02,2.898629,4.356,19.8,1,1,0.0
syn_00865,Proposed Method,2020-03-10T09:01:51.624082+00:00,2020-03-10T15:03:21.535861+00:00,18.86,6.02,2.262456,4.356,19.8,1,1,9.165865690424752
syn_00866,Dumb Charging,2020-05-02T14:37:56.934501+00:00,2020-05-03T07:25:56.224746+00:00,5.32,16.8,0.609052,1.188,5.4,1,1,0.0
syn_00866,Smart Price,2020-05-02T14:37:56.934501+00:00,2020-05-03T07:25:56.224746+00:00,5.32,16.8,1.451332,0.54,5.4,1,1,0.0
syn_00866,Proposed Method,2020-05-02T14:37:56.934501+00:00,2020-05-03T07:25:56.224746+00:00,5.32,16.8,0.609052,1.188,5.4,1,1,3.9367313510007227
syn_00867,Dumb Charging,2020-12-16T17:50:05.069782+00:00,2020-12-17T10:48:57.987414+00:00,17.98,16.98,6.149072,6.84,18.0,1,1,0.0
syn_00867,Smart Price,2020-12-16T17:50:05.069782+00:00,2020-12-17T10:48:57.987414+00:00,17.98,16.98,3.897554,1.8,18.0,1,1,0.0
syn_00867,Proposed Method,2020-12-16T17:50:05.069782+00:00,2020-12-17T10:48:57.987414+00:00,17.98,16.98,2.646278,1.8,18.0,1,1,10.734049423040963
syn_00868,Dumb Charging,2020-05-03T05:55:14.896696+00:00,2020-05-03T11:42:13.868383+00:00,7.19,5.78,0.997215,0.72,7.2,1,1,0.0
syn_00868,Smart Price,2020-05-03T05:55:14.896696+00:00,2020-05-03T11:42:13.868383+00:00,7.19,5.78,0.997215,0.72,7.2,1,1,0.0
syn_00868,Proposed Method,2020-05-03T05:55:14.896696+00:00,2020-05-03T11:42:13.868383+00:00,7.19,5.78,0.652732,1.584,7.2,1,1,4.231029857963952
syn_00869,Dumb Charging,2020-04-25T10:12:18.888329+00:00,2020-04-25T14:25:09.268510+00:00,18.02,4.21,2.096946,4.356,19.8,1,1,0.0
syn_00869,Smart Price,2020-04-25T10:12:18.888329+00:00,2020-04-25T14:25:09.268510+00:00,18.02,4.21,2.096946,4.356,19.8,1,1,0.0
syn_00869,Proposed Method,2020-04-25T10:12:18.888329+00:00,2020-04-25T14:25:09.268510+00:00,18.02,4.21,2.096946,4.356,19.8,1,1,8.800977849488365
syn_00870,Dumb Charging,2020-08-17T07:32:02.228255+00:00,2020-08-17T22:27:46.743094+00:00,18.07,14.93,4.549867,3.924,19.8,1,1,0.0
syn_00870,Smart Price,2020-08-17T07:32:02.228255+00:00,2020-08-17T22:27:46.743094+00:00,18.07,14.93,4.549867,3.924,19.8,1,1,0.0
syn_00870,Proposed Method,2020-08-17T07:32:02.228255+00:00,2020-08-17T22:27:46.743094+00:00,18.07,14.93,2.541389,4.356,19.8,1,1,11.780808440675656
syn_00871,Dumb Charging,2020-12-14T06:43:59.015463+00:00,2020-12-14T14:19:56.920392+00:00,8.26,7.6,1.684331,0.9,9.0,1,1,0.0
syn_00871,Smart Price,2020-12-14T06:43:59.015463+00:00,2020-12-14T14:19:56.920392+00:00,8.26,7.6,1.684331,0.9,9.0,1,1,0.0
syn_00871,Proposed Method,2020-12-14T06:43:59.015463+00:00,2020-12-14T14:19:56.920392+00:00,8.26,7.6,1.339351,1.98,9.0,1,1,5.942766512698483
syn_00872,Dumb Charging,2020-12-19T06:49:20.731217+00:00,2020-12-19T10:50:46.727599+00:00,6.37,4.02,1.283775,0.72,7.2,1,1,0.0
syn_00872,Smart Price,2020-12-19T06:49:20.731217+00:00,2020-12-19T10:50:46.727599+00:00,6.37,4.02,1.283775,0.72,7.2,1,1,0.0
syn_00872,Proposed Method,2020-12-19T06:49:20.731217+00:00,2020-12-19T10:50:46.727599+00:00,6.37,4.02,1.038874,1.584,7.2,1,1,5.082327685168598
syn_00873,Dumb Charging,2020-08-25T05:49:51.458194+00:00,2020-08-25T15:56:35.535920+00:00,5.7,10.11,1.211786,0.72,7.2,1,1,0.0
syn_00873,Smart Price,2020-08-25T05:49:51.458194+00:00,2020-08-25T15:56:35.535920+00:00,5.7,10.11,1.211786,0.72,7.2,1,1,0.0
syn_00873,Proposed Method,2020-08-25T05:49:51.458194+00:00,2020-08-25T15:56:35.535920+00:00,5.7,10.11,1.211786,0.72,7.2,1,1,5.031532903375399
syn_00874,Dumb Charging,2020-01-24T15:43:37.228441+00:00,2020-01-25T00:24:09.654443+00:00,21.88,8.68,6.000348,8.316,23.4,1,1,0.0
syn_00874,Smart Price,2020-01-24T15:43:37.228441+00:00,2020-01-25T00:24:09.654443+00:00,21.88,8.68,6.624696,4.284,23.4,3,3,0.0
syn_00874,Proposed Method,2020-01-24T15:43:37.228441+00:00,2020-01-25T00:24:09.654443+00:00,21.88,8.68,6.000348,8.316,23.4,1,1,19.38651288596241
syn_00875,Dumb Charging,2020-12-27T04:25:59.006309+00:00,2020-12-27T11:00:57.322659+00:00,5.64,6.58,1.164106,0.72,7.2,1,1,0.0
syn_00875,Smart Price,2020-12-27T04:25:59.006309+00:00,2020-12-27T11:00:57.322659+00:00,5.64,6.58,1.164106,0.72,7.2,1,1,0.0
syn_00875,Proposed Method,2020-12-27T04:25:59.006309+00:00,2020-12-27T11:00:57.322659+00:00,5.64,6.58,1.164106,0.72,7.2,1,1,4.9264171289152685
syn_00876,Dumb Charging,2020-11-05T05:51:23.325636+00:00,2020-11-05T10:14:53.179660+00:00,6.06,4.39,1.326194,0.72,7.2,1,1,0.0
syn_00876,Smart Price,2020-11-05T05:51:23.325636+00:00,2020-11-05T10:14:53.179660+00:00,6.06,4.39,1.326194,0.72,7.2,1,1,0.0
syn_00876,Proposed Method,2020-11-05T05:51:23.325636+00:00,2020-11-05T10:14:53.179660+00:00,6.06,4.39,1.326194,0.72,7.2,1,1,5.283759023775057
syn_00877,Dumb Charging,2020-06-14T21:50:41.624888+00:00,2020-06-15T03:40:10.921165+00:00,6.74,5.82,2.126349,1.584,7.2,1,1,0.0
syn_00877,Smart Price,2020-06-14T21:50:41.624888+00:00,2020-06-15T03:40:10.921165+00:00,6.74,5.82,1.837196,0.72,7.2,1,1,0.0
syn_00877,Proposed Method,2020-06-14T21:50:41.624888+00:00,2020-06-15T03:40:10.921165+00:00,6.74,5.82,1.070458,0.72,7.2,1,1,4.719957332782918
syn_00878,Dumb Charging,2020-01-25T08:03:03.253430+00:00,2020-01-25T13:23:10.464446+00:00,16.99,5.34,3.444968,3.96,18.0,1,1,0.0
syn_00878,Smart Price,2020-01-25T08:03:03.253430+00:00,2020-01-25T13:23:10.464446+00:00,16.99,5.34,3.444968,3.96,18.0,1,1,0.0
syn_00878,Proposed Method,2020-01-25T08:03:03.253430+00:00,2020-01-25T13:23:10.464446+00:00,16.99,5.34,2.435235,3.96,18.0,1,1,9.348779117617957
syn_00879,Dumb Charging,2020-06-29T09:58:09.299186+00:00,2020-06-29T16:16:40.799307+00:00,7.68,6.31,1.094994,1.98,9.0,1,1,0.0
syn_00879,Smart Price,2020-06-29T09:58:09.299186+00:00,2020-06-29T16:16:40.799307+00:00,7.68,6.31,1.094994,1.98,9.0,1,1,0.0
syn_00879,Proposed Method,2020-06-29T09:58:09.299186+00:00,2020-06-29T16:16:40.799307+00:00,7.68,6.31,1.094994,1.98,9.0,1,1,5.404049418701158
syn_00880,Dumb Charging,2020-04-02T11:39:54.261268+00:00,2020-04-02T22:38:01.265864+00:00,6.34,10.97,0.9194,1.584,7.2,1,1,0.0
syn_00880,Smart Price,2020-04-02T11:39:54.261268+00:00,2020-04-02T22:38:01.265864+00:00,6.34,10.97,0.9194,1.584,7.2,1,1,0.0
syn_00880,Proposed Method,2020-04-02T11:39:54.261268+00:00,2020-04-02T22:38:01.265864+00:00,6.34,10.97,0.9194,1.584,7.2,1,1,4.818931205906123
syn_00881,Dumb Charging,2020-07-19T06:44:00.160238+00:00,2020-07-19T11:05:26.670771+00:00,23.41,4.36,5.301058,4.248,25.2,1,1,0.0
syn_00881,Smart Price,2020-07-19T06:44:00.160238+00:00,2020-07-19T11:05:26.670771+00:00,23.41,4.36,5.301058,4.248,25.2,1,1,0.0
syn_00881,Proposed Method,2020-07-19T06:44:00.160238+00:00,2020-07-19T11:05:26.670771+00:00,23.41,4.36,4.981191,4.896,25.2,1,1,15.42965431820277
syn_00882,Dumb Charging,2020-09-24T17:47:34.705085+00:00,2020-09-25T01:59:40.333216+00:00,30.56,8.2,11.345986,10.476,30.6,1,1,0.0
syn_00882,Smart Price,2020-09-24T17:47:34.705085+00:00,2020-09-25T01:59:40.333216+00:00,30.56,8.2,8.044643,4.356,30.6,2,2,0.0
syn_00882,Proposed Method,2020-09-24T17:47:34.705085+00:00,2020-09-25T01:59:40.333216+00:00,30.56,8.2,7.983376,4.356,30.6,1,1,21.77834640231529
syn_00883,Dumb Charging,2020-10-17T17:08:10.326937+00:00,2020-10-18T08:37:36.103748+00:00,15.94,15.49,5.755718,6.156,16.2,1,1,0.0
syn_00883,Smart Price,2020-10-17T17:08:10.326937+00:00,2020-10-18T08:37:36.103748+00:00,15.94,15.49,3.940135,1.62,16.2,1,1,0.0
syn_00883,Proposed Method,2020-10-17T17:08:10.326937+00:00,2020-10-18T08:37:36.103748+00:00,15.94,15.49,3.321163,1.836,16.2,1,1,10.239917666585736
syn_00884,Dumb Charging,2020-03-18T09:35:35.505348+00:00,2020-03-18T20:05:40.702160+00:00,31.26,10.5,3.99183,7.128,32.4,1,1,0.0
syn_00884,Smart Price,2020-03-18T09:35:35.505348+00:00,2020-03-18T20:05:40.702160+00:00,31.26,10.5,3.99183,7.128,32.4,1,1,0.0
syn_00884,Proposed Method,2020-03-18T09:35:35.505348+00:00,2020-03-18T20:05:40.702160+00:00,31.26,10.5,3.99183,7.128,32.4,1,1,14.36448525492911
syn_00885,Dumb Charging,2020-07-18T12:55:25.488737+00:00,2020-07-18T15:40:59.122306+00:00,14.39,2.76,1.704779,3.168,14.4,1,1,0.0
syn_00885,Smart Price,2020-07-18T12:55:25.488737+00:00,2020-07-18T15:40:59.122306+00:00,14.39,2.76,1.704779,3.168,14.4,1,1,0.0
syn_00885,Proposed Method,2020-07-18T12:55:25.488737+00:00,2020-07-18T15:40:59.122306+00:00,14.39,2.76,1.704779,3.168,14.4,1,1,7.342397051321783
syn_00886,Dumb Charging,2020-09-10T21:46:03.799473+00:00,2020-09-11T04:54:58.428789+00:00,11.65,7.15,4.260835,2.34,12.6,1,1,0.0
syn_00886,Smart Price,2020-09-10T21:46:03.799473+00:00,2020-09-11T04:54:58.428789+00:00,11.65,7.15,3.180244,1.26,12.6,1,1,0.0
syn_00886,Proposed Method,2020-09-10T21:46:03.799473+00:00,2020-09-11T04:54:58.428789+00:00,11.65,7.15,2.160032,1.26,12.6,1,1,7.392060107649028
syn_00887,Dumb Charging,2020-02-19T11:57:52.886741+00:00,2020-02-19T14:40:44.943642+00:00,9.43,2.71,1.351515,2.376,10.8,1,1,0.0
syn_00887,Smart Price,2020-02-19T11:57:52.886741+00:00,2020-02-19T14:40:44.943642+00:00,9.43,2.71,1.351515,2.376,10.8,1,1,0.0
syn_00887,Proposed Method,2020-02-19T11:57:52.886741+00:00,2020-02-19T14:40:44.943642+00:00,9.43,2.71,1.238141,2.376,10.8,1,1,5.917636581705373
syn_00888,Dumb Charging,2020-03-07T06:30:48.148242+00:00,2020-03-07T20:44:05.953431+00:00,33.25,14.22,5.225915,6.228,34.2,1,1,0.0
syn_00888,Smart Price,2020-03-07T06:30:48.148242+00:00,2020-03-07T20:44:05.953431+00:00,33.25,14.22,5.225915,6.228,34.2,1,1,0.0
syn_00888,Proposed Method,2020-03-07T06:30:48.148242+00:00,2020-03-07T20:44:05.953431+00:00,33.25,14.22,3.610189,7.524,34.2,1,1,15.721110306245752
syn_00889,Dumb Charging,2020-09-01T07:38:04.732792+00:00,2020-09-01T14:11:23.590600+00:00,9.18,6.56,2.669422,1.944,10.8,1,1,0.0
syn_00889,Smart Price,2020-09-01T07:38:04.732792+00:00,2020-09-01T14:11:23.590600+00:00,9.18,6.56,2.669422,1.944,10.8,1,1,0.0
syn_00889,Proposed Method,2020-09-01T07:38:04.732792+00:00,2020-09-01T14:11:23.590600+00:00,9.18,6.56,1.600756,2.376,10.8,1,1,6.717066010323518
syn_00890,Dumb Charging,2020-06-26T15:45:50.008271+00:00,2020-06-26T20:10:06.410583+00:00,5.82,4.4,1.506751,2.448,7.2,1,1,0.0
syn_00890,Smart Price,2020-06-26T15:45:50.008271+00:00,2020-06-26T20:10:06.410583+00:00,5.82,4.4,1.506751,2.448,7.2,1,1,0.0
syn_00890,Proposed Method,2020-06-26T15:45:50.008271+00:00,2020-06-26T20:10:06.410583+00:00,5.82,4.4,1.506751,2.448,7.2,1,1,6.5458210240738985
syn_00891,Dumb Charging,2020-12-18T17:28:09.088182+00:00,2020-12-19T10:45:49.776760+00:00,9.96,17.29,3.480839,4.104,10.8,1,1,0.0
syn_00891,Smart Price,2020-12-18T17:28:09.088182+00:00,2020-12-19T10:45:49.776760+00:00,9.96,17.29,2.623916,1.08,10.8,1,1,0.0
syn_00891,Proposed Method,2020-12-18T17:28:09.088182+00:00,2020-12-19T10:45:49.776760+00:00,9.96,17.29,1.596304,1.08,10.8,1,1,8.05924970682727
syn_00892,Dumb Charging,2020-11-18T08:14:18.554340+00:00,2020-11-18T18:57:32.701610+00:00,23.69,10.72,5.353537,5.544,25.2,1,1,0.0
syn_00892,Smart Price,2020-11-18T08:14:18.554340+00:00,2020-11-18T18:57:32.701610+00:00,23.69,10.72,5.353537,5.544,25.2,1,1,0.0
syn_00892,Proposed Method,2020-11-18T08:14:18.554340+00:00,2020-11-18T18:57:32.701610+00:00,23.69,10.72,3.494382,5.544,25.2,1,1,14.475799893367139
syn_00893,Dumb Charging,2020-03-07T08:13:59.091185+00:00,2020-03-07T14:24:45.237431+00:00,6.55,6.18,1.258104,1.584,7.2,1,1,0.0
syn_00893,Smart Price,2020-03-07T08:13:59.091185+00:00,2020-03-07T14:24:45.237431+00:00,6.55,6.18,1.258104,1.584,7.2,1,1,0.0
syn_00893,Proposed Method,2020-03-07T08:13:59.091185+00:00,2020-03-07T14:24:45.237431+00:00,6.55,6.18,0.788576,1.584,7.2,1,1,4.530514016403597
syn_00894,Dumb Charging,2020-01-22T05:37:41.104966+00:00,2020-01-22T14:50:06.235992+00:00,30.51,9.21,5.860203,4.572,30.6,1,1,0.0
syn_00894,Smart Price,2020-01-22T05:37:41.104966+00:00,2020-01-22T14:50:06.235992+00:00,30.51,9.21,5.860203,4.572,30.6,1,1,0.0
syn_00894,Proposed Method,2020-01-22T05:37:41.104966+00:00,2020-01-22T14:50:06.235992+00:00,30.51,9.21,3.718605,6.732,30.6,1,1,13.564126964442755
syn_00895,Dumb Charging,2020-02-27T09:51:01.167506+00:00,2020-02-27T14:15:22.405578+00:00,12.39,4.41,1.535549,2.772,12.6,1,1,0.0
syn_00895,Smart Price,2020-02-27T09:51:01.167506+00:00,2020-02-27T14:15:22.405578+00:00,12.39,4.41,1.535549,2.772,12.6,1,1,0.0
syn_00895,Proposed Method,2020-02-27T09:51:01.167506+00:00,2020-02-27T14:15:22.405578+00:00,12.39,4.41,1.400399,2.772,12.6,1,1,6.473353593271264
syn_00896,Dumb Charging,2020-01-09T06:57:49.087723+00:00,2020-01-09T19:13:02.508066+00:00,12.84,12.25,3.048078,2.088,14.4,1,1,0.0
syn_00896,Smart Price,2020-01-09T06:57:49.087723+00:00,2020-01-09T19:13:02.508066+00:00,12.84,12.25,3.048078,2.088,14.4,1,1,0.0
syn_00896,Proposed Method,2020-01-09T06:57:49.087723+00:00,2020-01-09T19:13:02.508066+00:00,12.84,12.25,1.623625,3.168,14.4,1,1,9.16348229189699
syn_00897,Dumb Charging,2020-08-13T14:29:36.202111+00:00,2020-08-13T22:52:46.967645+00:00,25.46,8.39,6.135559,8.244,27.0,1,1,0.0
syn_00897,Smart Price,2020-08-13T14:29:36.202111+00:00,2020-08-13T22:52:46.967645+00:00,25.46,8.39,6.994888,6.516,27.0,2,2,0.0
syn_00897,Proposed Method,2020-08-13T14:29:36.202111+00:00,2020-08-13T22:52:46.967645+00:00,25.46,8.39,6.135559,8.244,27.0,1,1,19.64860292826998
syn_00898,Dumb Charging,2020-03-19T19:51:34.469658+00:00,2020-03-20T02:11:43.806508+00:00,12.29,6.34,4.125499,4.212,12.6,1,1,0.0
syn_00898,Smart Price,2020-03-19T19:51:34.469658+00:00,2020-03-20T02:11:43.806508+00:00,12.29,6.34,2.466382,1.26,12.6,1,1,0.0
syn_00898,Proposed Method,2020-03-19T19:51:34.469658+00:00,2020-03-20T02:11:43.806508+00:00,12.29,6.34,1.450682,1.26,12.6,1,1,5.82820818278487
syn_00899,Dumb Charging,2020-08-03T15:19:26.261901+00:00,2020-08-04T04:33:45.572126+00:00,18.49,13.24,4.968682,6.66,19.8,1,1,0.0
syn_00899,Smart Price,2020-08-03T15:19:26.261901+00:00,2020-08-04T04:33:45.572126+00:00,18.49,13.24,4.219236,1.98,19.8,1,1,0.0
syn_00899,Proposed Method,2020-08-03T15:19:26.261901+00:00,2020-08-04T04:33:45.572126+00:00,18.49,13.24,3.310409,1.98,19.8,1,1,10.288207651531268
syn_00900,Dumb Charging,2020-09-03T20:26:44.375160+00:00,2020-09-04T04:29:38.741551+00:00,13.9,8.05,5.106153,4.032,14.4,1,1,0.0
syn_00900,Smart Price,2020-09-03T20:26:44.375160+00:00,2020-09-04T04:29:38.741551+00:00,13.9,8.05,3.475674,1.44,14.4,1,1,0.0
syn_00900,Proposed Method,2020-09-03T20:26:44.375160+00:00,2020-09-04T04:29:38.741551+00:00,13.9,8.05,2.487322,1.44,14.4,1,1,8.203610206715062
syn_00901,Dumb Charging,2020-02-04T11:54:09.544493+00:00,2020-02-04T18:11:45.979668+00:00,14.93,6.29,1.927309,3.564,16.2,1,1,0.0
syn_00901,Smart Price,2020-02-04T11:54:09.544493+00:00,2020-02-04T18:11:45.979668+00:00,14.93,6.29,1.927309,3.564,16.2,1,1,0.0
syn_00901,Proposed Method,2020-02-04T11:54:09.544493+00:00,2020-02-04T18:11:45.979668+00:00,14.93,6.29,1.927309,3.564,16.2,1,1,8.03099164182856
syn_00902,Dumb Charging,2020-05-03T04:55:48.721610+00:00,2020-05-03T08:20:49.856696+00:00,8.74,3.42,1.217397,0.9,9.0,1,1,0.0
syn_00902,Smart Price,2020-05-03T04:55:48.721610+00:00,2020-05-03T08:20:49.856696+00:00,8.74,3.42,1.217397,0.9,9.0,1,1,0.0
syn_00902,Proposed Method,2020-05-03T04:55:48.721610+00:00,2020-05-03T08:20:49.856696+00:00,8.74,3.42,1.217397,0.9,9.0,1,1,5.133902361675183
syn_00903,Dumb Charging,2020-10-07T07:04:06.700649+00:00,2020-10-07T17:13:02.375138+00:00,13.45,10.15,3.470949,2.304,14.4,1,1,0.0
syn_00903,Smart Price,2020-10-07T07:04:06.700649+00:00,2020-10-07T17:13:02.375138+00:00,13.45,10.15,3.470949,2.304,14.4,1,1,0.0
syn_00903,Proposed Method,2020-10-07T07:04:06.700649+00:00,2020-10-07T17:13:02.375138+00:00,13.45,10.15,1.889783,3.168,14.4,1,1,9.750261537506109
syn_00904,Dumb Charging,2020-05-27T16:04:36.176139+00:00,2020-05-28T01:59:15.190265+00:00,21.26,9.91,5.133514,8.208,21.6,1,1,0.0
syn_00904,Smart Price,2020-05-27T16:04:36.176139+00:00,2020-05-28T01:59:15.190265+00:00,21.26,9.91,4.022343,2.376,21.6,2,2,0.0
syn_00904,Proposed Method,2020-05-27T16:04:36.176139+00:00,2020-05-28T01:59:15.190265+00:00,21.26,9.91,3.90613,2.376,21.6,1,1,11.799550236635742
syn_00905,Dumb Charging,2020-05-20T17:19:23.969182+00:00,2020-05-21T13:19:23.969182+00:00,14.72,20.0,4.349563,6.156,16.2,1,1,0.0
syn_00905,Smart Price,2020-05-20T17:19:23.969182+00:00,2020-05-21T13:19:23.969182+00:00,14.72,20.0,3.062269,1.62,16.2,1,1,0.0
syn_00905,Proposed Method,2020-05-20T17:19:23.969182+00:00,2020-05-21T13:19:23.969182+00:00,14.72,20.0,1.714287,3.564,16.2,1,1,7.561360084873598
syn_00906,Dumb Charging,2020-01-19T09:16:35.512761+00:00,2020-01-19T16:07:39.635207+00:00,14.6,6.85,2.542867,3.564,16.2,1,1,0.0
syn_00906,Smart Price,2020-01-19T09:16:35.512761+00:00,2020-01-19T16:07:39.635207+00:00,14.6,6.85,2.542867,3.564,16.2,1,1,0.0
syn_00906,Proposed Method,2020-01-19T09:16:35.512761+00:00,2020-01-19T16:07:39.635207+00:00,14.6,6.85,2.342755,3.564,16.2,1,1,8.946895110945743
syn_00907,Dumb Charging,2020-06-05T15:04:29.060579+00:00,2020-06-05T21:55:55.799827+00:00,13.48,6.86,2.889687,4.32,14.4,1,1,0.0
syn_00907,Smart Price,2020-06-05T15:04:29.060579+00:00,2020-06-05T21:55:55.799827+00:00,13.48,6.86,3.518961,3.456,14.4,2,2,0.0
syn_00907,Proposed Method,2020-06-05T15:04:29.060579+00:00,2020-06-05T21:55:55.799827+00:00,13.48,6.86,2.889687,4.32,14.4,1,1,10.530675053858074
syn_00908,Dumb Charging,2020-01-01T09:10:58.960438+00:00,2020-01-01T20:42:36.767075+00:00,14.02,11.53,2.510138,3.168,14.4,1,1,0.0
syn_00908,Smart Price,2020-01-01T09:10:58.960438+00:00,2020-01-01T20:42:36.767075+00:00,14.02,11.53,2.510138,3.168,14.4,1,1,0.0
syn_00908,Proposed Method,2020-01-01T09:10:58.960438+00:00,2020-01-01T20:42:36.767075+00:00,14.02,11.53,2.510138,3.168,14.4,1,1,9.117912627078418
syn_00909,Dumb Charging,2020-07-12T07:22:30.716745+00:00,2020-07-12T17:12:40.272038+00:00,18.64,9.84,4.325934,3.708,19.8,1,1,0.0
syn_00909,Smart Price,2020-07-12T07:22:30.716745+00:00,2020-07-12T17:12:40.272038+00:00,18.64,9.84,4.325934,3.708,19.8,1,1,0.0
syn_00909,Proposed Method,2020-07-12T07:22:30.716745+00:00,2020-07-12T17:12:40.272038+00:00,18.64,9.84,2.365403,4.356,19.8,1,1,11.392825661103533
syn_00910,Dumb Charging,2020-12-25T11:35:50.823634+00:00,2020-12-25T22:09:13.784594+00:00,21.18,10.56,3.026739,4.752,21.6,1,1,0.0
syn_00910,Smart Price,2020-12-25T11:35:50.823634+00:00,2020-12-25T22:09:13.784594+00:00,21.18,10.56,3.026739,4.752,21.6,1,1,0.0
syn_00910,Proposed Method,2020-12-25T11:35:50.823634+00:00,2020-12-25T22:09:13.784594+00:00,21.18,10.56,3.026739,4.752,21.6,1,1,11.048822262551226
syn_00911,Dumb Charging,2020-04-01T09:44:05.343652+00:00,2020-04-01T22:18:37.324178+00:00,10.06,12.58,1.491998,2.376,10.8,1,1,0.0
syn_00911,Smart Price,2020-04-01T09:44:05.343652+00:00,2020-04-01T22:18:37.324178+00:00,10.06,12.58,1.491998,2.376,10.8,1,1,0.0
syn_00911,Proposed Method,2020-04-01T09:44:05.343652+00:00,2020-04-01T22:18:37.324178+00:00,10.06,12.58,1.491998,2.376,10.8,1,1,6.47729463296173
syn_00912,Dumb Charging,2020-03-25T10:14:45.020655+00:00,2020-03-25T15:08:22.306949+00:00,14.23,4.89,1.457582,3.168,14.4,1,1,0.0
syn_00912,Smart Price,2020-03-25T10:14:45.020655+00:00,2020-03-25T15:08:22.306949+00:00,14.23,4.89,1.457582,3.168,14.4,1,1,0.0
syn_00912,Proposed Method,2020-03-25T10:14:45.020655+00:00,2020-03-25T15:08:22.306949+00:00,14.23,4.89,1.457582,3.168,14.4,1,1,6.7974198783708335
syn_00913,Dumb Charging,2020-03-16T12:34:09.983168+00:00,2020-03-16T19:11:24.548473+00:00,13.54,6.62,1.616206,3.168,14.4,1,1,0.0
syn_00913,Smart Price,2020-03-16T12:34:09.983168+00:00,2020-03-16T19:11:24.548473+00:00,13.54,6.62,1.616206,3.168,14.4,1,1,0.0
syn_00913,Proposed Method,2020-03-16T12:34:09.983168+00:00,2020-03-16T19:11:24.548473+00:00,13.54,6.62,1.616206,3.168,14.4,1,1,7.147127544807533
syn_00914,Dumb Charging,2020-05-25T05:21:09.378376+00:00,2020-05-25T10:14:42.119363+00:00,3.1,4.89,0.529472,0.36,3.6,1,1,0.0
syn_00914,Smart Price,2020-05-25T05:21:09.378376+00:00,2020-05-25T10:14:42.119363+00:00,3.1,4.89,0.529472,0.36,3.6,1,1,0.0
syn_00914,Proposed Method,2020-05-25T05:21:09.378376+00:00,2020-05-25T10:14:42.119363+00:00,3.1,4.89,0.529472,0.36,3.6,1,1,3.347286797915573
syn_00915,Dumb Charging,2020-07-14T07:48:47.049615+00:00,2020-07-14T13:32:20.530163+00:00,28.92,5.73,5.466789,6.516,30.6,1,1,0.0
syn_00915,Smart Price,2020-07-14T07:48:47.049615+00:00,2020-07-14T13:32:20.530163+00:00,28.92,5.73,5.466789,6.516,30.6,1,1,0.0
syn_00915,Proposed Method,2020-07-14T07:48:47.049615+00:00,2020-07-14T13:32:20.530163+00:00,28.92,5.73,4.848886,6.732,30.6,1,1,16.055971595930576
syn_00916,Dumb Charging,2020-07-22T16:15:31.586015+00:00,2020-07-23T04:36:06.640773+00:00,14.7,12.34,4.367103,6.156,16.2,1,1,0.0
syn_00916,Smart Price,2020-07-22T16:15:31.586015+00:00,2020-07-23T04:36:06.640773+00:00,14.7,12.34,3.303969,1.62,16.2,1,1,0.0
syn_00916,Proposed Method,2020-07-22T16:15:31.586015+00:00,2020-07-23T04:36:06.640773+00:00,14.7,12.34,2.479088,1.62,16.2,1,1,8.2754572170473
syn_00917,Dumb Charging,2020-12-25T13:34:03.009522+00:00,2020-12-25T19:29:36.466671+00:00,23.4,5.93,3.965846,6.012,23.4,1,1,0.0
syn_00917,Smart Price,2020-12-25T13:34:03.009522+00:00,2020-12-25T19:29:36.466671+00:00,23.4,5.93,3.965846,6.012,23.4,1,1,0.0
syn_00917,Proposed Method,2020-12-25T13:34:03.009522+00:00,2020-12-25T19:29:36.466671+00:00,23.4,5.93,3.965846,6.012,23.4,1,1,13.749201745036435
syn_00918,Dumb Charging,2020-08-26T06:42:14.160437+00:00,2020-08-26T10:47:23.038205+00:00,20.72,4.09,4.721858,3.456,21.6,1,1,0.0
syn_00918,Smart Price,2020-08-26T06:42:14.160437+00:00,2020-08-26T10:47:23.038205+00:00,20.72,4.09,4.721858,3.456,21.6,1,1,0.0
syn_00918,Proposed Method,2020-08-26T06:42:14.160437+00:00,2020-08-26T10:47:23.038205+00:00,20.72,4.09,4.721858,3.456,21.6,1,1,14.137923851734767
syn_00919,Dumb Charging,2020-02-08T18:06:02.484730+00:00,2020-02-09T05:13:18.909083+00:00,19.33,11.12,5.975924,7.524,19.8,1,1,0.0
syn_00919,Smart Price,2020-02-08T18:06:02.484730+00:00,2020-02-09T05:13:18.909083+00:00,19.33,11.12,3.487342,1.98,19.8,1,1,0.0
syn_00919,Proposed Method,2020-02-08T18:06:02.484730+00:00,2020-02-09T05:13:18.909083+00:00,19.33,11.12,2.879736,1.98,19.8,1,1,9.338735881748791
syn_00920,Dumb Charging,2020-12-28T09:30:46.134408+00:00,2020-12-28T14:31:13.157672+00:00,18.0,5.01,2.848632,3.96,18.0,1,1,0.0
syn_00920,Smart Price,2020-12-28T09:30:46.134408+00:00,2020-12-28T14:31:13.157672+00:00,18.0,5.01,2.848632,3.96,18.0,1,1,0.0
syn_00920,Proposed Method,2020-12-28T09:30:46.134408+00:00,2020-12-28T14:31:13.157672+00:00,18.0,5.01,2.427268,3.96,18.0,1,1,9.331213883636009
syn_00921,Dumb Charging,2020-07-08T11:19:38.124845+00:00,2020-07-08T13:31:55.849796+00:00,7.2,2.2,0.944861,1.584,7.2,1,1,0.0
syn_00921,Smart Price,2020-07-08T11:19:38.124845+00:00,2020-07-08T13:31:55.849796+00:00,7.2,2.2,0.944861,1.584,7.2,1,1,0.0
syn_00921,Proposed Method,2020-07-08T11:19:38.124845+00:00,2020-07-08T13:31:55.849796+00:00,7.2,2.2,0.944861,1.584,7.2,1,1,4.875062603475647
syn_00922,Dumb Charging,2020-01-11T18:07:03.151450+00:00,2020-01-12T03:53:13.080751+00:00,10.12,9.77,3.666514,4.104,10.8,1,1,0.0
syn_00922,Smart Price,2020-01-11T18:07:03.151450+00:00,2020-01-12T03:53:13.080751+00:00,10.12,9.77,2.678598,1.08,10.8,1,1,0.0
syn_00922,Proposed Method,2020-01-11T18:07:03.151450+00:00,2020-01-12T03:53:13.080751+00:00,10.12,9.77,1.768085,1.08,10.8,1,1,6.437962384564668
syn_00923,Dumb Charging,2020-09-29T06:34:26.790925+00:00,2020-09-29T12:01:26.907262+00:00,29.26,5.45,6.792472,5.436,30.6,1,1,0.0
syn_00923,Smart Price,2020-09-29T06:34:26.790925+00:00,2020-09-29T12:01:26.907262+00:00,29.26,5.45,6.792472,5.436,30.6,1,1,0.0
syn_00923,Proposed Method,2020-09-29T06:34:26.790925+00:00,2020-09-29T12:01:26.907262+00:00,29.26,5.45,5.533842,5.436,30.6,2,2,18.9180423510338
syn_00924,Dumb Charging,2020-04-05T06:47:57.375490+00:00,2020-04-05T12:08:59.400552+00:00,23.09,5.35,4.163006,4.068,23.4,1,1,0.0
syn_00924,Smart Price,2020-04-05T06:47:57.375490+00:00,2020-04-05T12:08:59.400552+00:00,23.09,5.35,4.163006,4.068,23.4,1,1,0.0
syn_00924,Proposed Method,2020-04-05T06:47:57.375490+00:00,2020-04-05T12:08:59.400552+00:00,23.09,5.35,2.678128,4.068,23.4,2,2,11.938265766551872
syn_00925,Dumb Charging,2020-02-11T17:42:48.331001+00:00,2020-02-12T04:26:51.006583+00:00,14.11,10.73,4.220083,5.472,14.4,1,1,0.0
syn_00925,Smart Price,2020-02-11T17:42:48.331001+00:00,2020-02-12T04:26:51.006583+00:00,14.11,10.73,2.687182,1.44,14.4,1,1,0.0
syn_00925,Proposed Method,2020-02-11T17:42:48.331001+00:00,2020-02-12T04:26:51.006583+00:00,14.11,10.73,2.012816,1.44,14.4,1,1,7.15750401482604
syn_00926,Dumb Charging,2020-09-29T08:21:30.359509+00:00,2020-09-29T12:53:29.043850+00:00,27.39,4.53,5.450356,6.336,28.8,1,1,0.0
syn_00926,Smart Price,2020-09-29T08:21:30.359509+00:00,2020-09-29T12:53:29.043850+00:00,27.39,4.53,5.450356,6.336,28.8,1,1,0.0
syn_00926,Proposed Method,2020-09-29T08:21:30.359509+00:00,2020-09-29T12:53:29.043850+00:00,27.39,4.53,5.142252,6.336,28.8,1,1,16.504734082087023
syn_00927,Dumb Charging,2020-05-02T10:02:57.535631+00:00,2020-05-02T17:10:46.324472+00:00,7.91,7.13,0.842732,1.98,9.0,1,1,0.0
syn_00927,Smart Price,2020-05-02T10:02:57.535631+00:00,2020-05-02T17:10:46.324472+00:00,7.91,7.13,0.842732,1.98,9.0,1,1,0.0
syn_00927,Proposed Method,2020-05-02T10:02:57.535631+00:00,2020-05-02T17:10:46.324472+00:00,7.91,7.13,0.842732,1.98,9.0,1,1,4.847907723984565
syn_00928,Dumb Charging,2020-09-08T17:24:11.934307+00:00,2020-09-08T21:51:52.367391+00:00,17.87,4.46,6.160693,6.84,18.0,1,1,0.0
syn_00928,Smart Price,2020-09-08T17:24:11.934307+00:00,2020-09-08T21:51:52.367391+00:00,17.87,4.46,6.03246,6.264,18.0,2,2,0.0
syn_00928,Proposed Method,2020-09-08T17:24:11.934307+00:00,2020-09-08T21:51:52.367391+00:00,17.87,4.46,6.160693,6.84,18.0,1,1,19.00201431137476
syn_00929,Dumb Charging,2020-01-12T19:21:43.701144+00:00,2020-01-13T03:53:00.166694+00:00,11.84,8.52,4.299775,4.788,12.6,1,1,0.0
syn_00929,Smart Price,2020-01-12T19:21:43.701144+00:00,2020-01-13T03:53:00.166694+00:00,11.84,8.52,2.78634,1.26,12.6,1,1,0.0
syn_00929,Proposed Method,2020-01-12T19:21:43.701144+00:00,2020-01-13T03:53:00.166694+00:00,11.84,8.52,1.805644,1.26,12.6,1,1,6.610767038564448
syn_00930,Dumb Charging,2020-12-24T09:16:58.657689+00:00,2020-12-25T05:16:58.657689+00:00,13.88,20.0,2.32114,3.168,14.4,1,1,0.0
syn_00930,Smart Price,2020-12-24T09:16:58.657689+00:00,2020-12-25T05:16:58.657689+00:00,13.88,20.0,3.471518,1.44,14.4,1,1,0.0
syn_00930,Proposed Method,2020-12-24T09:16:58.657689+00:00,2020-12-25T05:16:58.657689+00:00,13.88,20.0,2.554819,1.44,14.4,1,1,8.35241689483485
syn_00931,Dumb Charging,2020-10-29T16:12:29.390656+00:00,2020-10-30T07:29:56.693425+00:00,18.65,15.29,6.505596,7.524,19.8,1,1,0.0
syn_00931,Smart Price,2020-10-29T16:12:29.390656+00:00,2020-10-30T07:29:56.693425+00:00,18.65,15.29,4.375871,1.98,19.8,1,1,0.0
syn_00931,Proposed Method,2020-10-29T16:12:29.390656+00:00,2020-10-30T07:29:56.693425+00:00,18.65,15.29,3.773592,1.98,19.8,1,1,11.309353847175862
syn_00932,Dumb Charging,2020-04-10T07:19:15.237072+00:00,2020-04-10T16:10:21.019645+00:00,33.21,8.85,5.193917,6.876,34.2,1,1,0.0
syn_00932,Smart Price,2020-04-10T07:19:15.237072+00:00,2020-04-10T16:10:21.019645+00:00,33.21,8.85,5.193917,6.876,34.2,1,1,0.0
syn_00932,Proposed Method,2020-04-10T07:19:15.237072+00:00,2020-04-10T16:10:21.019645+00:00,33.21,8.85,4.333725,7.524,34.2,1,1,15.316234936750837
syn_00933,Dumb Charging,2020-05-04T10:22:04.931567+00:00,2020-05-04T14:09:53.671452+00:00,6.71,3.8,0.712199,1.584,7.2,1,1,0.0
syn_00933,Smart Price,2020-05-04T10:22:04.931567+00:00,2020-05-04T14:09:53.671452+00:00,6.71,3.8,0.712199,1.584,7.2,1,1,0.0
syn_00933,Proposed Method,2020-05-04T10:22:04.931567+00:00,2020-05-04T14:09:53.671452+00:00,6.71,3.8,0.712199,1.584,7.2,1,1,4.3621310171236
syn_00934,Dumb Charging,2020-12-04T16:32:55.917448+00:00,2020-12-05T01:09:05.610059+00:00,7.52,8.6,2.432844,3.42,9.0,1,1,0.0
syn_00934,Smart Price,2020-12-04T16:32:55.917448+00:00,2020-12-05T01:09:05.610059+00:00,7.52,8.6,2.299837,0.9,9.0,1,1,0.0
syn_00934,Proposed Method,2020-12-04T16:32:55.917448+00:00,2020-12-05T01:09:05.610059+00:00,7.52,8.6,1.490497,0.9,9.0,1,1,5.735986367776389
syn_00935,Dumb Charging,2020-04-11T16:48:42.328335+00:00,2020-04-12T02:19:00.573604+00:00,28.13,9.51,7.500154,10.944,28.8,1,1,0.0
syn_00935,Smart Price,2020-04-11T16:48:42.328335+00:00,2020-04-12T02:19:00.573604+00:00,28.13,9.51,5.280606,3.528,28.8,2,2,0.0
syn_00935,Proposed Method,2020-04-11T16:48:42.328335+00:00,2020-04-12T02:19:00.573604+00:00,28.13,9.51,5.258669,3.528,28.8,1,1,15.357390589110668
syn_00936,Dumb Charging,2020-07-21T15:30:27.397774+00:00,2020-07-21T19:49:59.489926+00:00,10.95,4.33,2.781745,4.212,12.6,1,1,0.0
syn_00936,Smart Price,2020-07-21T15:30:27.397774+00:00,2020-07-21T19:49:59.489926+00:00,10.95,4.33,2.781745,4.212,12.6,1,1,0.0
syn_00936,Proposed Method,2020-07-21T15:30:27.397774+00:00,2020-07-21T19:49:59.489926+00:00,10.95,4.33,2.781745,4.212,12.6,1,1,10.23870193910017
syn_00937,Dumb Charging,2020-10-16T10:00:35.536032+00:00,2020-10-16T12:35:44.547002+00:00,9.29,2.59,1.411482,2.376,10.8,1,1,0.0
syn_00937,Smart Price,2020-10-16T10:00:35.536032+00:00,2020-10-16T12:35:44.547002+00:00,9.29,2.59,1.411482,2.376,10.8,1,1,0.0
syn_00937,Proposed Method,2020-10-16T10:00:35.536032+00:00,2020-10-16T12:35:44.547002+00:00,9.29,2.59,1.411482,2.376,10.8,1,1,6.299787193357169
syn_00938,Dumb Charging,2020-08-02T04:44:56.303738+00:00,2020-08-03T00:44:56.303738+00:00,14.62,20.0,2.656311,1.62,16.2,1,1,0.0
syn_00938,Smart Price,2020-08-02T04:44:56.303738+00:00,2020-08-03T00:44:56.303738+00:00,14.62,20.0,2.656311,1.62,16.2,1,1,0.0
syn_00938,Proposed Method,2020-08-02T04:44:56.303738+00:00,2020-08-03T00:44:56.303738+00:00,14.62,20.0,2.656311,1.62,16.2,1,1,8.666168063817928
syn_00939,Dumb Charging,2020-09-12T17:47:56.578244+00:00,2020-09-12T23:56:51.048033+00:00,9.62,6.15,3.794234,4.104,10.8,1,1,0.0
syn_00939,Smart Price,2020-09-12T17:47:56.578244+00:00,2020-09-12T23:56:51.048033+00:00,9.62,6.15,3.912917,1.728,10.8,2,2,0.0
syn_00939,Proposed Method,2020-09-12T17:47:56.578244+00:00,2020-09-12T23:56:51.048033+00:00,9.62,6.15,3.875694,1.728,10.8,1,1,11.408449253602344
syn_00940,Dumb Charging,2020-07-30T18:38:37.947848+00:00,2020-07-31T04:30:01.825452+00:00,8.15,9.86,3.138298,3.42,9.0,1,1,0.0
syn_00940,Smart Price,2020-07-30T18:38:37.947848+00:00,2020-07-31T04:30:01.825452+00:00,8.15,9.86,2.16724,0.9,9.0,1,1,0.0
syn_00940,Proposed Method,2020-07-30T18:38:37.947848+00:00,2020-07-31T04:30:01.825452+00:00,8.15,9.86,1.40717,0.9,9.0,1,1,5.552280629335414
syn_00941,Dumb Charging,2020-12-28T06:28:14.167293+00:00,2020-12-28T14:59:02.468783+00:00,5.56,8.51,1.403132,0.72,7.2,1,1,0.0
syn_00941,Smart Price,2020-12-28T06:28:14.167293+00:00,2020-12-28T14:59:02.468783+00:00,5.56,8.51,1.403132,0.72,7.2,1,1,0.0
syn_00941,Proposed Method,2020-12-28T06:28:14.167293+00:00,2020-12-28T14:59:02.468783+00:00,5.56,8.51,0.862,1.584,7.2,1,1,4.6923851858760255
syn_00942,Dumb Charging,2020-03-04T06:34:21.727914+00:00,2020-03-04T09:18:20.688361+00:00,9.0,2.73,1.310181,0.9,9.0,1,1,0.0
syn_00942,Smart Price,2020-03-04T06:34:21.727914+00:00,2020-03-04T09:18:20.688361+00:00,9.0,2.73,1.310181,0.9,9.0,1,1,0.0
syn_00942,Proposed Method,2020-03-04T06:34:21.727914+00:00,2020-03-04T09:18:20.688361+00:00,9.0,2.73,1.310181,0.9,9.0,1,1,5.338456951605132
syn_00943,Dumb Charging,2020-08-03T19:46:44.833862+00:00,2020-08-04T02:16:34.046152+00:00,14.96,6.5,6.132363,5.004,16.2,1,1,0.0
syn_00943,Smart Price,2020-08-03T19:46:44.833862+00:00,2020-08-04T02:16:34.046152+00:00,14.96,6.5,3.551784,1.62,16.2,1,1,0.0
syn_00943,Proposed Method,2020-08-03T19:46:44.833862+00:00,2020-08-04T02:16:34.046152+00:00,14.96,6.5,2.723728,1.62,16.2,1,1,8.814798044126949
syn_00944,Dumb Charging,2020-05-22T07:58:09.814237+00:00,2020-05-22T15:29:08.896393+00:00,17.82,7.52,3.436408,3.744,18.0,1,1,0.0
syn_00944,Smart Price,2020-05-22T07:58:09.814237+00:00,2020-05-22T15:29:08.896393+00:00,17.82,7.52,3.436408,3.744,18.0,1,1,0.0
syn_00944,Proposed Method,2020-05-22T07:58:09.814237+00:00,2020-05-22T15:29:08.896393+00:00,17.82,7.52,2.006016,3.96,18.0,1,1,8.402511246241614
syn_00945,Dumb Charging,2020-07-21T16:44:01.849618+00:00,2020-07-21T23:41:32.285376+00:00,34.05,6.96,10.487907,12.708,34.2,1,1,0.0
syn_00945,Smart Price,2020-07-21T16:44:01.849618+00:00,2020-07-21T23:41:32.285376+00:00,34.05,6.96,9.919984,10.188,34.2,2,2,0.0
syn_00945,Proposed Method,2020-07-21T16:44:01.849618+00:00,2020-07-21T23:41:32.285376+00:00,34.05,6.96,9.856818,10.188,34.2,2,2,30.824581028142884
syn_00946,Dumb Charging,2020-06-10T20:26:17.585304+00:00,2020-06-11T02:31:44.414497+00:00,39.4,6.09,9.506734,7.2,39.6,1,1,0.0
syn_00946,Smart Price,2020-06-10T20:26:17.585304+00:00,2020-06-11T02:31:44.414497+00:00,39.4,6.09,8.857255,6.192,39.6,2,2,0.0
syn_00946,Proposed Method,2020-06-10T20:26:17.585304+00:00,2020-06-11T02:31:44.414497+00:00,39.4,6.09,8.844654,6.192,39.6,1,1,24.59514017187508
syn_00947,Dumb Charging,2020-12-07T18:48:47.082120+00:00,2020-12-07T22:53:00.782395+00:00,9.84,4.07,4.046893,4.104,10.8,1,1,0.0
syn_00947,Smart Price,2020-12-07T18:48:47.082120+00:00,2020-12-07T22:53:00.782395+00:00,9.84,4.07,3.869069,2.376,10.8,1,1,0.0
syn_00947,Proposed Method,2020-12-07T18:48:47.082120+00:00,2020-12-07T22:53:00.782395+00:00,9.84,4.07,3.803594,2.376,10.8,1,1,11.573496254755764
syn_00948,Dumb Charging,2020-11-21T14:51:01.501029+00:00,2020-11-21T20:08:25.394621+00:00,25.61,5.29,7.266358,8.82,27.0,1,1,0.0
syn_00948,Smart Price,2020-11-21T14:51:01.501029+00:00,2020-11-21T20:08:25.394621+00:00,25.61,5.29,7.266358,8.82,27.0,1,1,0.0
syn_00948,Proposed Method,2020-11-21T14:51:01.501029+00:00,2020-11-21T20:08:25.394621+00:00,25.61,5.29,7.266358,8.82,27.0,1,1,22.429590835128973
syn_00949,Dumb Charging,2020-07-20T11:06:50.196588+00:00,2020-07-20T15:41:02.009433+00:00,16.2,4.57,2.066318,3.564,16.2,1,1,0.0
syn_00949,Smart Price,2020-07-20T11:06:50.196588+00:00,2020-07-20T15:41:02.009433+00:00,16.2,4.57,2.066318,3.564,16.2,1,1,0.0
syn_00949,Proposed Method,2020-07-20T11:06:50.196588+00:00,2020-07-20T15:41:02.009433+00:00,16.2,4.57,2.066318,3.564,16.2,1,1,8.337454285856975
syn_00950,Dumb Charging,2020-01-10T09:36:46.955022+00:00,2020-01-10T17:53:11.446876+00:00,14.19,8.27,2.252133,3.168,14.4,1,1,0.0
syn_00950,Smart Price,2020-01-10T09:36:46.955022+00:00,2020-01-10T17:53:11.446876+00:00,14.19,8.27,2.252133,3.168,14.4,1,1,0.0
syn_00950,Proposed Method,2020-01-10T09:36:46.955022+00:00,2020-01-10T17:53:11.446876+00:00,14.19,8.27,2.252133,3.168,14.4,1,1,8.549106547488122
syn_00951,Dumb Charging,2020-11-02T17:03:44.170941+00:00,2020-11-02T21:53:47.671330+00:00,7.93,4.83,2.930051,3.42,9.0,1,1,0.0
syn_00951,Smart Price,2020-11-02T17:03:44.170941+00:00,2020-11-02T21:53:47.671330+00:00,7.93,4.83,3.059845,2.556,9.0,2,2,0.0
syn_00951,Proposed Method,2020-11-02T17:03:44.170941+00:00,2020-11-02T21:53:47.671330+00:00,7.93,4.83,2.930051,3.42,9.0,1,1,10.169661222810191
syn_00952,Dumb Charging,2020-05-05T16:56:45.917978+00:00,2020-05-06T01:10:30.537081+00:00,20.1,8.23,5.651982,8.208,21.6,1,1,0.0
syn_00952,Smart Price,2020-05-05T16:56:45.917978+00:00,2020-05-06T01:10:30.537081+00:00,20.1,8.23,4.913536,3.24,21.6,2,2,0.0
syn_00952,Proposed Method,2020-05-05T16:56:45.917978+00:00,2020-05-06T01:10:30.537081+00:00,20.1,8.23,4.985676,3.24,21.6,1,1,14.611544077590914
syn_00953,Dumb Charging,2020-12-12T13:23:49.129818+00:00,2020-12-12T19:51:37.115994+00:00,11.47,6.46,1.534528,2.772,12.6,1,1,0.0
syn_00953,Smart Price,2020-12-12T13:23:49.129818+00:00,2020-12-12T19:51:37.115994+00:00,11.47,6.46,1.534528,2.772,12.6,1,1,0.0
syn_00953,Proposed Method,2020-12-12T13:23:49.129818+00:00,2020-12-12T19:51:37.115994+00:00,11.47,6.46,1.534528,2.772,12.6,1,1,6.769056962288528
syn_00954,Dumb Charging,2020-06-28T15:25:08.151962+00:00,2020-06-29T03:29:12.043022+00:00,5.25,12.07,1.019366,1.188,5.4,1,1,0.0
syn_00954,Smart Price,2020-06-28T15:25:08.151962+00:00,2020-06-29T03:29:12.043022+00:00,5.25,12.07,1.377304,0.54,5.4,1,1,0.0
syn_00954,Proposed Method,2020-06-28T15:25:08.151962+00:00,2020-06-29T03:29:12.043022+00:00,5.25,12.07,0.73183,0.54,5.4,1,1,3.8834099910441995
syn_00955,Dumb Charging,2020-11-21T20:01:20.183278+00:00,2020-11-22T02:09:54.078998+00:00,17.73,6.14,6.655988,5.112,18.0,1,1,0.0
syn_00955,Smart Price,2020-11-21T20:01:20.183278+00:00,2020-11-22T02:09:54.078998+00:00,17.73,6.14,4.048643,1.8,18.0,1,1,0.0
syn_00955,Proposed Method,2020-11-21T20:01:20.183278+00:00,2020-11-22T02:09:54.078998+00:00,17.73,6.14,3.352096,1.8,18.0,1,1,10.290111608391218
syn_00956,Dumb Charging,2020-11-21T15:11:51.367862+00:00,2020-11-22T02:36:02.630983+00:00,9.95,11.4,2.564198,2.952,10.8,1,1,0.0
syn_00956,Smart Price,2020-11-21T15:11:51.367862+00:00,2020-11-22T02:36:02.630983+00:00,9.95,11.4,3.058221,1.08,10.8,1,1,0.0
syn_00956,Proposed Method,2020-11-21T15:11:51.367862+00:00,2020-11-22T02:36:02.630983+00:00,9.95,11.4,1.80567,1.08,10.8,1,1,6.520824374079797
syn_00957,Dumb Charging,2020-12-23T06:36:07.166185+00:00,2020-12-23T15:22:18.749223+00:00,29.81,8.77,6.588457,5.436,30.6,1,1,0.0
syn_00957,Smart Price,2020-12-23T06:36:07.166185+00:00,2020-12-23T15:22:18.749223+00:00,29.81,8.77,6.588457,5.436,30.6,1,1,0.0
syn_00957,Proposed Method,2020-12-23T06:36:07.166185+00:00,2020-12-23T15:22:18.749223+00:00,29.81,8.77,4.348311,6.732,30.6,1,1,14.952392104921758
syn_00958,Dumb Charging,2020-05-28T05:45:06.766319+00:00,2020-05-28T14:45:09.200731+00:00,44.99,9.0,6.631444,7.956,45.0,1,1,0.0
syn_00958,Smart Price,2020-05-28T05:45:06.766319+00:00,2020-05-28T14:45:09.200731+00:00,44.99,9.0,6.631444,7.956,45.0,1,1,0.0
syn_00958,Proposed Method,2020-05-28T05:45:06.766319+00:00,2020-05-28T14:45:09.200731+00:00,44.99,9.0,4.98366,8.604,45.0,2,2,19.289099243554077
syn_00959,Dumb Charging,2020-07-05T07:50:21.517253+00:00,2020-07-05T18:40:39.624583+00:00,12.89,10.84,3.41378,2.952,14.4,1,1,0.0
syn_00959,Smart Price,2020-07-05T07:50:21.517253+00:00,2020-07-05T18:40:39.624583+00:00,12.89,10.84,3.41378,2.952,14.4,1,1,0.0
syn_00959,Proposed Method,2020-07-05T07:50:21.517253+00:00,2020-07-05T18:40:39.624583+00:00,12.89,10.84,1.613057,3.168,14.4,1,1,9.140185029323455
syn_00960,Dumb Charging,2020-10-10T13:13:31.247518+00:00,2020-10-10T15:18:04.496835+00:00,7.2,2.08,1.068044,1.584,7.2,1,1,0.0
syn_00960,Smart Price,2020-10-10T13:13:31.247518+00:00,2020-10-10T15:18:04.496835+00:00,7.2,2.08,1.068044,1.584,7.2,1,1,0.0
syn_00960,Proposed Method,2020-10-10T13:13:31.247518+00:00,2020-10-10T15:18:04.496835+00:00,7.2,2.08,0.879905,1.584,7.2,1,1,4.731860848997975
syn_00961,Dumb Charging,2020-04-26T07:46:08.320100+00:00,2020-04-27T00:59:25.656543+00:00,9.69,17.22,2.013143,2.16,10.8,1,1,0.0
syn_00961,Smart Price,2020-04-26T07:46:08.320100+00:00,2020-04-27T00:59:25.656543+00:00,9.69,17.22,2.114636,1.08,10.8,2,2,0.0
syn_00961,Proposed Method,2020-04-26T07:46:08.320100+00:00,2020-04-27T00:59:25.656543+00:00,9.69,17.22,1.880423,1.08,10.8,1,1,6.685626688665371
syn_00962,Dumb Charging,2020-07-15T17:49:39.701178+00:00,2020-07-15T23:45:07.385331+00:00,5.79,5.92,2.095935,2.736,7.2,1,1,0.0
syn_00962,Smart Price,2020-07-15T17:49:39.701178+00:00,2020-07-15T23:45:07.385331+00:00,5.79,5.92,2.267817,1.152,7.2,2,2,0.0
syn_00962,Proposed Method,2020-07-15T17:49:39.701178+00:00,2020-07-15T23:45:07.385331+00:00,5.79,5.92,2.235337,1.152,7.2,1,1,7.504077510875572
syn_00963,Dumb Charging,2020-03-14T12:50:38.405650+00:00,2020-03-14T20:30:52.387688+00:00,19.5,7.67,2.241158,4.356,19.8,1,1,0.0
syn_00963,Smart Price,2020-03-14T12:50:38.405650+00:00,2020-03-14T20:30:52.387688+00:00,19.5,7.67,2.241158,4.356,19.8,1,1,0.0
syn_00963,Proposed Method,2020-03-14T12:50:38.405650+00:00,2020-03-14T20:30:52.387688+00:00,19.5,7.67,2.241158,4.356,19.8,1,1,9.118910673161835
syn_00964,Dumb Charging,2020-11-05T20:21:18.500039+00:00,2020-11-06T03:04:50.246756+00:00,11.4,6.73,4.820101,3.636,12.6,1,1,0.0
syn_00964,Smart Price,2020-11-05T20:21:18.500039+00:00,2020-11-06T03:04:50.246756+00:00,11.4,6.73,3.057427,1.26,12.6,1,1,0.0
syn_00964,Proposed Method,2020-11-05T20:21:18.500039+00:00,2020-11-06T03:04:50.246756+00:00,11.4,6.73,2.120968,1.26,12.6,1,1,7.3059382827273245
syn_00965,Dumb Charging,2020-10-11T06:49:58.508124+00:00,2020-10-11T12:19:16.739313+00:00,14.97,5.49,3.693822,2.484,16.2,1,1,0.0
syn_00965,Smart Price,2020-10-11T06:49:58.508124+00:00,2020-10-11T12:19:16.739313+00:00,14.97,5.49,3.693822,2.484,16.2,1,1,0.0
syn_00965,Proposed Method,2020-10-11T06:49:58.508124+00:00,2020-10-11T12:19:16.739313+00:00,14.97,5.49,2.357127,3.564,16.2,1,1,8.978579093266417
syn_00966,Dumb Charging,2020-05-15T15:16:30.026165+00:00,2020-05-16T00:01:00.758089+00:00,3.57,8.74,0.566698,0.792,3.6,1,1,0.0
syn_00966,Smart Price,2020-05-15T15:16:30.026165+00:00,2020-05-16T00:01:00.758089+00:00,3.57,8.74,0.907592,0.36,3.6,1,1,0.0
syn_00966,Proposed Method,2020-05-15T15:16:30.026165+00:00,2020-05-16T00:01:00.758089+00:00,3.57,8.74,0.566698,0.792,3.6,1,1,3.645356535753358
syn_00967,Dumb Charging,2020-11-15T09:06:49.103940+00:00,2020-11-15T16:39:53.927429+00:00,17.25,7.55,3.53474,3.96,18.0,1,1,0.0
syn_00967,Smart Price,2020-11-15T09:06:49.103940+00:00,2020-11-15T16:39:53.927429+00:00,17.25,7.55,3.53474,3.96,18.0,1,1,0.0
syn_00967,Proposed Method,2020-11-15T09:06:49.103940+00:00,2020-11-15T16:39:53.927429+00:00,17.25,7.55,2.304201,3.96,18.0,1,1,11.059897061018576
syn_00968,Dumb Charging,2020-04-15T10:50:20.877466+00:00,2020-04-15T16:28:26.115820+00:00,8.43,5.63,0.955738,1.98,9.0,1,1,0.0
syn_00968,Smart Price,2020-04-15T10:50:20.877466+00:00,2020-04-15T16:28:26.115820+00:00,8.43,5.63,0.955738,1.98,9.0,1,1,0.0
syn_00968,Proposed Method,2020-04-15T10:50:20.877466+00:00,2020-04-15T16:28:26.115820+00:00,8.43,5.63,0.955738,1.98,9.0,1,1,5.097042865602663
syn_00969,Dumb Charging,2020-01-01T06:51:08.739607+00:00,2020-01-01T14:37:15.181895+00:00,6.07,7.77,1.280729,0.72,7.2,1,1,0.0
syn_00969,Smart Price,2020-01-01T06:51:08.739607+00:00,2020-01-01T14:37:15.181895+00:00,6.07,7.77,1.280729,0.72,7.2,1,1,0.0
syn_00969,Proposed Method,2020-01-01T06:51:08.739607+00:00,2020-01-01T14:37:15.181895+00:00,6.07,7.77,0.8949,1.584,7.2,1,1,4.764919132672559
syn_00970,Dumb Charging,2020-07-26T07:40:21.292217+00:00,2020-07-26T20:07:57.687827+00:00,19.75,12.46,4.22192,3.924,19.8,1,1,0.0
syn_00970,Smart Price,2020-07-26T07:40:21.292217+00:00,2020-07-26T20:07:57.687827+00:00,19.75,12.46,4.22192,3.924,19.8,1,1,0.0
syn_00970,Proposed Method,2020-07-26T07:40:21.292217+00:00,2020-07-26T20:07:57.687827+00:00,19.75,12.46,2.352219,4.356,19.8,1,1,11.363760163786361
syn_00971,Dumb Charging,2020-02-20T13:27:27.325164+00:00,2020-02-21T07:58:12.418822+00:00,7.28,18.51,0.960352,1.98,9.0,1,1,0.0
syn_00971,Smart Price,2020-02-20T13:27:27.325164+00:00,2020-02-21T07:58:12.418822+00:00,7.28,18.51,2.067707,0.9,9.0,1,1,0.0
syn_00971,Proposed Method,2020-02-20T13:27:27.325164+00:00,2020-02-21T07:58:12.418822+00:00,7.28,18.51,0.960352,1.98,9.0,1,1,5.107215852916633
syn_00972,Dumb Charging,2020-10-20T10:43:55.193611+00:00,2020-10-20T15:33:02.573067+00:00,16.3,4.82,2.553443,3.96,18.0,1,1,0.0
syn_00972,Smart Price,2020-10-20T10:43:55.193611+00:00,2020-10-20T15:33:02.573067+00:00,16.3,4.82,2.553443,3.96,18.0,1,1,0.0
syn_00972,Proposed Method,2020-10-20T10:43:55.193611+00:00,2020-10-20T15:33:02.573067+00:00,16.3,4.82,2.53475,3.96,18.0,1,1,9.56817110702331
syn_00973,Dumb Charging,2020-10-29T09:05:13.627372+00:00,2020-10-29T15:36:30.075609+00:00,4.38,6.52,1.585171,1.188,5.4,1,1,0.0
syn_00973,Smart Price,2020-10-29T09:05:13.627372+00:00,2020-10-29T15:36:30.075609+00:00,4.38,6.52,1.585171,1.188,5.4,1,1,0.0
syn_00973,Proposed Method,2020-10-29T09:05:13.627372+00:00,2020-10-29T15:36:30.075609+00:00,4.38,6.52,0.911392,1.188,5.4,1,1,4.603277386147097
syn_00974,Dumb Charging,2020-11-26T07:32:44.155685+00:00,2020-11-26T13:07:45.169032+00:00,18.45,5.58,4.747122,3.924,19.8,1,1,0.0
syn_00974,Smart Price,2020-11-26T07:32:44.155685+00:00,2020-11-26T13:07:45.169032+00:00,18.45,5.58,4.747122,3.924,19.8,1,1,0.0
syn_00974,Proposed Method,2020-11-26T07:32:44.155685+00:00,2020-11-26T13:07:45.169032+00:00,18.45,5.58,2.750975,4.356,19.8,1,1,10.242866514318468
syn_00975,Dumb Charging,2020-06-16T12:29:22.735979+00:00,2020-06-16T21:32:48.815099+00:00,20.32,9.06,2.409596,4.752,21.6,1,1,0.0
syn_00975,Smart Price,2020-06-16T12:29:22.735979+00:00,2020-06-16T21:32:48.815099+00:00,20.32,9.06,2.409596,4.752,21.6,1,1,0.0
syn_00975,Proposed Method,2020-06-16T12:29:22.735979+00:00,2020-06-16T21:32:48.815099+00:00,20.32,9.06,2.409596,4.752,21.6,1,1,9.68825457475685
syn_00976,Dumb Charging,2020-04-30T09:16:00.503842+00:00,2020-04-30T12:49:10.555587+00:00,8.03,3.55,1.422794,1.98,9.0,1,1,0.0
syn_00976,Smart Price,2020-04-30T09:16:00.503842+00:00,2020-04-30T12:49:10.555587+00:00,8.03,3.55,1.422794,1.98,9.0,1,1,0.0
syn_00976,Proposed Method,2020-04-30T09:16:00.503842+00:00,2020-04-30T12:49:10.555587+00:00,8.03,3.55,1.024731,1.98,9.0,1,1,5.249145924976941
syn_00977,Dumb Charging,2020-07-11T18:41:16.361310+00:00,2020-07-12T00:51:06.064705+00:00,11.37,6.16,4.001584,4.788,12.6,1,1,0.0
syn_00977,Smart Price,2020-07-11T18:41:16.361310+00:00,2020-07-12T00:51:06.064705+00:00,11.37,6.16,3.311757,1.476,12.6,2,2,0.0
syn_00977,Proposed Method,2020-07-11T18:41:16.361310+00:00,2020-07-12T00:51:06.064705+00:00,11.37,6.16,3.157527,1.476,12.6,1,1,9.699162227691051
syn_00978,Dumb Charging,2020-03-17T10:01:01.140713+00:00,2020-03-17T16:09:32.323143+00:00,10.4,6.14,1.035473,2.376,10.8,1,1,0.0
syn_00978,Smart Price,2020-03-17T10:01:01.140713+00:00,2020-03-17T16:09:32.323143+00:00,10.4,6.14,1.035473,2.376,10.8,1,1,0.0
syn_00978,Proposed Method,2020-03-17T10:01:01.140713+00:00,2020-03-17T16:09:32.323143+00:00,10.4,6.14,1.035473,2.376,10.8,1,1,5.4708293611904
syn_00979,Dumb Charging,2020-12-19T18:56:14.931830+00:00,2020-12-20T04:10:59.327822+00:00,13.36,9.25,5.16168,5.472,14.4,1,1,0.0
syn_00979,Smart Price,2020-12-19T18:56:14.931830+00:00,2020-12-20T04:10:59.327822+00:00,13.36,9.25,3.475033,1.44,14.4,1,1,0.0
syn_00979,Proposed Method,2020-12-19T18:56:14.931830+00:00,2020-12-20T04:10:59.327822+00:00,13.36,9.25,2.346648,1.44,14.4,1,1,7.893478396776608
syn_00980,Dumb Charging,2020-01-07T04:20:09.131211+00:00,2020-01-07T09:50:15.294761+00:00,7.52,5.5,1.410108,0.9,9.0,1,1,0.0
syn_00980,Smart Price,2020-01-07T04:20:09.131211+00:00,2020-01-07T09:50:15.294761+00:00,7.52,5.5,1.410108,0.9,9.0,1,1,0.0
syn_00980,Proposed Method,2020-01-07T04:20:09.131211+00:00,2020-01-07T09:50:15.294761+00:00,7.52,5.5,1.410108,0.9,9.0,1,1,5.558758023869779
syn_00981,Dumb Charging,2020-08-24T11:37:37.079744+00:00,2020-08-24T14:04:59.737874+00:00,6.0,2.46,1.076849,1.584,7.2,1,1,0.0
syn_00981,Smart Price,2020-08-24T11:37:37.079744+00:00,2020-08-24T14:04:59.737874+00:00,6.0,2.46,1.076849,1.584,7.2,1,1,0.0
syn_00981,Proposed Method,2020-08-24T11:37:37.079744+00:00,2020-08-24T14:04:59.737874+00:00,6.0,2.46,1.022883,1.584,7.2,1,1,5.047072075321535
syn_00982,Dumb Charging,2020-11-18T14:21:04.448102+00:00,2020-11-19T09:53:22.643007+00:00,17.95,19.54,3.724544,4.824,18.0,1,1,0.0
syn_00982,Smart Price,2020-11-18T14:21:04.448102+00:00,2020-11-19T09:53:22.643007+00:00,17.95,19.54,4.144173,1.8,18.0,1,1,0.0
syn_00982,Proposed Method,2020-11-18T14:21:04.448102+00:00,2020-11-19T09:53:22.643007+00:00,17.95,19.54,2.922027,1.8,18.0,1,1,11.341972616357266
syn_00983,Dumb Charging,2020-08-20T15:36:57.492366+00:00,2020-08-21T02:13:08.295941+00:00,11.84,10.6,3.22573,4.212,12.6,1,1,0.0
syn_00983,Smart Price,2020-08-20T15:36:57.492366+00:00,2020-08-21T02:13:08.295941+00:00,11.84,10.6,2.888278,1.26,12.6,1,1,0.0
syn_00983,Proposed Method,2020-08-20T15:36:57.492366+00:00,2020-08-21T02:13:08.295941+00:00,11.84,10.6,1.956593,1.26,12.6,1,1,6.9435534144224835
syn_00984,Dumb Charging,2020-12-30T13:44:31.217532+00:00,2020-12-31T06:09:44.034814+00:00,16.6,16.42,2.885382,3.96,18.0,1,1,0.0
syn_00984,Smart Price,2020-12-30T13:44:31.217532+00:00,2020-12-31T06:09:44.034814+00:00,16.6,16.42,3.773863,1.8,18.0,1,1,0.0
syn_00984,Proposed Method,2020-12-30T13:44:31.217532+00:00,2020-12-31T06:09:44.034814+00:00,16.6,16.42,2.906072,1.8,18.0,1,1,9.306796272604927
syn_00985,Dumb Charging,2020-07-10T05:46:25.466629+00:00,2020-07-10T10:25:51.437410+00:00,7.41,4.66,1.354214,0.9,9.0,1,1,0.0
syn_00985,Smart Price,2020-07-10T05:46:25.466629+00:00,2020-07-10T10:25:51.437410+00:00,7.41,4.66,1.354214,0.9,9.0,1,1,0.0
syn_00985,Proposed Method,2020-07-10T05:46:25.466629+00:00,2020-07-10T10:25:51.437410+00:00,7.41,4.66,1.354214,0.9,9.0,1,1,5.435532536362623
syn_00986,Dumb Charging,2020-02-03T07:36:24.352352+00:00,2020-02-03T12:03:25.334526+00:00,6.96,4.45,1.433088,1.152,7.2,1,1,0.0
syn_00986,Smart Price,2020-02-03T07:36:24.352352+00:00,2020-02-03T12:03:25.334526+00:00,6.96,4.45,1.433088,1.152,7.2,1,1,0.0
syn_00986,Proposed Method,2020-02-03T07:36:24.352352+00:00,2020-02-03T12:03:25.334526+00:00,6.96,4.45,0.766782,1.584,7.2,1,1,4.482467238298729
syn_00987,Dumb Charging,2020-10-08T07:36:11.662780+00:00,2020-10-08T12:50:52.176107+00:00,18.0,5.24,4.679827,3.528,18.0,1,1,0.0
syn_00987,Smart Price,2020-10-08T07:36:11.662780+00:00,2020-10-08T12:50:52.176107+00:00,18.0,5.24,4.679827,3.528,18.0,1,1,0.0
syn_00987,Proposed Method,2020-10-08T07:36:11.662780+00:00,2020-10-08T12:50:52.176107+00:00,18.0,5.24,2.429123,3.96,18.0,1,1,9.335303806863502
syn_00988,Dumb Charging,2020-05-20T07:24:00.876427+00:00,2020-05-20T15:45:04.682355+00:00,14.39,8.35,2.651891,2.52,14.4,1,1,0.0
syn_00988,Smart Price,2020-05-20T07:24:00.876427+00:00,2020-05-20T15:45:04.682355+00:00,14.39,8.35,2.651891,2.52,14.4,1,1,0.0
syn_00988,Proposed Method,2020-05-20T07:24:00.876427+00:00,2020-05-20T15:45:04.682355+00:00,14.39,8.35,1.706547,3.168,14.4,1,1,7.34629553446138
syn_00989,Dumb Charging,2020-10-03T13:17:06.053708+00:00,2020-10-03T20:11:28.464148+00:00,23.29,6.91,4.166019,5.724,23.4,1,1,0.0
syn_00989,Smart Price,2020-10-03T13:17:06.053708+00:00,2020-10-03T20:11:28.464148+00:00,23.29,6.91,4.166019,5.724,23.4,1,1,0.0
syn_00989,Proposed Method,2020-10-03T13:17:06.053708+00:00,2020-10-03T20:11:28.464148+00:00,23.29,6.91,4.166019,5.724,23.4,1,1,14.046506122318373
syn_00990,Dumb Charging,2020-11-11T15:15:58.663009+00:00,2020-11-12T04:58:28.432099+00:00,17.94,13.71,4.409835,5.976,18.0,1,1,0.0
syn_00990,Smart Price,2020-11-11T15:15:58.663009+00:00,2020-11-12T04:58:28.432099+00:00,17.94,13.71,4.11109,1.8,18.0,1,1,0.0
syn_00990,Proposed Method,2020-11-11T15:15:58.663009+00:00,2020-11-12T04:58:28.432099+00:00,17.94,13.71,3.028759,1.8,18.0,1,1,9.577275366454835
syn_00991,Dumb Charging,2020-04-18T19:42:58.925859+00:00,2020-04-19T08:53:21.790743+00:00,23.55,13.17,7.340889,7.272,25.2,1,1,0.0
syn_00991,Smart Price,2020-04-18T19:42:58.925859+00:00,2020-04-19T08:53:21.790743+00:00,23.55,13.17,3.832427,2.52,25.2,1,1,0.0
syn_00991,Proposed Method,2020-04-18T19:42:58.925859+00:00,2020-04-19T08:53:21.790743+00:00,23.55,13.17,3.027471,2.52,25.2,1,1,11.934436599796028
syn_00992,Dumb Charging,2020-01-18T14:59:32.005421+00:00,2020-01-19T01:37:23.321658+00:00,16.48,10.63,3.917133,5.4,18.0,1,1,0.0
syn_00992,Smart Price,2020-01-18T14:59:32.005421+00:00,2020-01-19T01:37:23.321658+00:00,16.48,10.63,3.550389,2.016,18.0,2,2,0.0
syn_00992,Proposed Method,2020-01-18T14:59:32.005421+00:00,2020-01-19T01:37:23.321658+00:00,16.48,10.63,3.916384,2.016,18.0,1,1,11.642155475153158
syn_00993,Dumb Charging,2020-09-21T08:26:01.562499+00:00,2020-09-21T11:56:03.841587+00:00,14.41,3.5,3.898942,3.564,16.2,1,1,0.0
syn_00993,Smart Price,2020-09-21T08:26:01.562499+00:00,2020-09-21T11:56:03.841587+00:00,14.41,3.5,3.898942,3.564,16.2,1,1,0.0
syn_00993,Proposed Method,2020-09-21T08:26:01.562499+00:00,2020-09-21T11:56:03.841587+00:00,14.41,3.5,2.764715,3.564,16.2,1,1,9.877157977639547
syn_00994,Dumb Charging,2020-02-11T17:45:21.330907+00:00,2020-02-12T12:56:16.662621+00:00,24.75,19.18,7.769124,9.288,25.2,1,1,0.0
syn_00994,Smart Price,2020-02-11T17:45:21.330907+00:00,2020-02-12T12:56:16.662621+00:00,24.75,19.18,4.308481,2.52,25.2,1,1,0.0
syn_00994,Proposed Method,2020-02-11T17:45:21.330907+00:00,2020-02-12T12:56:16.662621+00:00,24.75,19.18,3.540475,5.544,25.2,1,1,12.5774166393801
syn_00995,Dumb Charging,2020-02-02T11:27:15.157007+00:00,2020-02-02T15:07:40.063470+00:00,8.35,3.67,1.085849,1.98,9.0,1,1,0.0
syn_00995,Smart Price,2020-02-02T11:27:15.157007+00:00,2020-02-02T15:07:40.063470+00:00,8.35,3.67,1.085849,1.98,9.0,1,1,0.0
syn_00995,Proposed Method,2020-02-02T11:27:15.157007+00:00,2020-02-02T15:07:40.063470+00:00,8.35,3.67,0.877008,1.98,9.0,1,1,4.923474332137104
syn_00996,Dumb Charging,2020-07-10T16:55:32.442348+00:00,2020-07-10T21:21:43.883501+00:00,15.81,4.44,4.697044,6.156,16.2,1,1,0.0
syn_00996,Smart Price,2020-07-10T16:55:32.442348+00:00,2020-07-10T21:21:43.883501+00:00,15.81,4.44,4.697044,6.156,16.2,1,1,0.0
syn_00996,Proposed Method,2020-07-10T16:55:32.442348+00:00,2020-07-10T21:21:43.883501+00:00,15.81,4.44,4.697044,6.156,16.2,1,1,15.433216925206159
syn_00997,Dumb Charging,2020-04-10T10:16:21.879885+00:00,2020-04-10T17:44:00.788483+00:00,34.47,7.46,3.753035,7.92,36.0,1,1,0.0
syn_00997,Smart Price,2020-04-10T10:16:21.879885+00:00,2020-04-10T17:44:00.788483+00:00,34.47,7.46,3.753035,7.92,36.0,1,1,0.0
syn_00997,Proposed Method,2020-04-10T10:16:21.879885+00:00,2020-04-10T17:44:00.788483+00:00,34.47,7.46,3.753035,7.92,36.0,1,1,14.234032053682151
syn_00998,Dumb Charging,2020-05-05T16:30:22.421838+00:00,2020-05-05T20:16:45.376146+00:00,18.99,3.77,4.89925,7.524,19.8,1,1,0.0
syn_00998,Smart Price,2020-05-05T16:30:22.421838+00:00,2020-05-05T20:16:45.376146+00:00,18.99,3.77,4.89925,7.524,19.8,1,1,0.0
syn_00998,Proposed Method,2020-05-05T16:30:22.421838+00:00,2020-05-05T20:16:45.376146+00:00,18.99,3.77,4.89925,7.524,19.8,1,1,16.563005115307732
syn_00999,Dumb Charging,2020-04-01T21:56:18.211464+00:00,2020-04-02T03:21:10.440013+00:00,12.67,5.41,3.822717,2.52,14.4,1,1,0.0
syn_00999,Smart Price,2020-04-01T21:56:18.211464+00:00,2020-04-02T03:21:10.440013+00:00,12.67,5.41,2.628009,1.44,14.4,1,1,0.0
syn_00999,Proposed Method,2020-04-01T21:56:18.211464+00:00,2020-04-02T03:21:10.440013+00:00,12.67,5.41,1.682192,1.44,14.4,1,1,6.428601845807815
